last_energy,proposed_energy
-27907.931842474034,-27908.280878440655
-27908.280878440655,-27908.25432170406
-27908.25432170406,-27907.998954385414
-27908.25432170406,-27908.184756222203
-27908.184756222203,-27908.37035489694
-27908.37035489694,-27908.51475942495
-27908.51475942495,-27908.815611530114
-27908.815611530114,-27908.53329083705
-27908.815611530114,-27909.31596051528
-27909.31596051528,-27909.660809876852
-27909.660809876852,-27909.76065606501
-27909.76065606501,-27909.534042278705
-27909.76065606501,-27909.31486643024
-27909.76065606501,-27909.69092593636
-27909.76065606501,-27909.845975494194
-27909.845975494194,-27909.916844569194
-27909.916844569194,-27909.61267225437
-27909.916844569194,-27910.001241077363
-27910.001241077363,-27909.686098421822
-27910.001241077363,-27910.13153566146
-27910.13153566146,-27910.00221065391
-27910.13153566146,-27909.49179699412
-27910.13153566146,-27910.322479198843
-27910.322479198843,-27910.425459010126
-27910.425459010126,-27910.483178589748
-27910.483178589748,-27910.288613750523
-27910.483178589748,-27910.257809625597
-27910.483178589748,-27910.674294083798
-27910.674294083798,-27910.79363547281
-27910.79363547281,-27910.980539127853
-27910.980539127853,-27910.82272876347
-27910.980539127853,-27910.672271299984
-27910.980539127853,-27911.199299502863
-27911.199299502863,-27911.087422356697
-27911.199299502863,-27911.334836426824
-27911.334836426824,-27911.157798402463
-27911.334836426824,-27911.178414969734
-27911.334836426824,-27911.311104245135
-27911.311104245135,-27911.147364404424
-27911.311104245135,-27911.323178958875
-27911.323178958875,-27911.153847486785
-27911.323178958875,-27911.073087037832
-27911.323178958875,-27910.702090512666
-27911.323178958875,-27911.352001684856
-27911.352001684856,-27911.549422933356
-27911.549422933356,-27911.148293048176
-27911.549422933356,-27911.25800521669
-27911.549422933356,-27911.45410205416
-27911.549422933356,-27911.216608382696
-27911.549422933356,-27911.270653621108
-27911.549422933356,-27911.34064293594
-27911.549422933356,-27911.74763594059
-27911.74763594059,-27911.40668516737
-27911.74763594059,-27911.34477373842
-27911.74763594059,-27911.628893337453
-27911.74763594059,-27911.621227488045
-27911.74763594059,-27911.68377217502
-27911.68377217502,-27911.82329161751
-27911.82329161751,-27911.97448250003
-27911.97448250003,-27912.333346320414
-27912.333346320414,-27912.29624854495
-27912.29624854495,-27912.124298005885
-27912.29624854495,-27912.35718403692
-27912.35718403692,-27912.516751342453
-27912.516751342453,-27912.049941674395
-27912.516751342453,-27912.364010393398
-27912.364010393398,-27912.19344814176
-27912.364010393398,-27911.838357894638
-27912.364010393398,-27912.385121789957
-27912.385121789957,-27912.44759121409
-27912.44759121409,-27912.05585853089
-27912.44759121409,-27912.272557922806
-27912.44759121409,-27912.654941179746
-27912.654941179746,-27912.1382775753
-27912.654941179746,-27912.616103212466
-27912.654941179746,-27912.57860690723
-27912.57860690723,-27912.720444091898
-27912.720444091898,-27912.511095205555
-27912.720444091898,-27912.601683600442
-27912.720444091898,-27912.737032894587
-27912.737032894587,-27912.691410199364
-27912.737032894587,-27912.406324448966
-27912.737032894587,-27912.7467329241
-27912.7467329241,-27912.7467329241
-27912.7467329241,-27912.685428031724
-27912.7467329241,-27912.4876852836
-27912.7467329241,-27912.919053537542
-27912.919053537542,-27913.01922728209
-27913.01922728209,-27912.894469208295
-27913.01922728209,-27912.924019378894
-27913.01922728209,-27912.750198844675
-27913.01922728209,-27912.86968493866
-27913.01922728209,-27912.500722062934
-27913.01922728209,-27912.390209710233
-27913.01922728209,-27912.538011531786
-27913.01922728209,-27912.259422403302
-27913.01922728209,-27913.097657828766
-27913.097657828766,-27912.68274118459
-27913.097657828766,-27912.39311983168
-27913.097657828766,-27912.350458688492
-27913.097657828766,-27913.119996935373
-27913.119996935373,-27912.75116187331
-27913.119996935373,-27913.096554141437
-27913.096554141437,-27913.13106390385
-27913.13106390385,-27912.985657841222
-27913.13106390385,-27912.85123245133
-27913.13106390385,-27912.696669986643
-27913.13106390385,-27912.71271551414
-27913.13106390385,-27912.927105258117
-27913.13106390385,-27913.08119708605
-27913.13106390385,-27912.833598088146
-27913.13106390385,-27912.925112422883
-27913.13106390385,-27912.705920167627
-27913.13106390385,-27913.03885509091
-27913.13106390385,-27912.927105258117
-27913.13106390385,-27913.071662411065
-27913.071662411065,-27913.014006263104
-27913.071662411065,-27912.900882890033
-27913.071662411065,-27912.799772496597
-27913.071662411065,-27912.67126469128
-27913.071662411065,-27912.91100385335
-27913.071662411065,-27912.952608782383
-27913.071662411065,-27912.73374267073
-27913.071662411065,-27913.1892562626
-27913.1892562626,-27912.900737533873
-27913.1892562626,-27912.75305073326
-27913.1892562626,-27912.952313148813
-27913.1892562626,-27913.12209515368
-27913.12209515368,-27913.172408725582
-27913.172408725582,-27912.919862611547
-27913.172408725582,-27912.64366667929
-27913.172408725582,-27913.238192693316
-27913.238192693316,-27912.930102990234
-27913.238192693316,-27912.54132784156
-27913.238192693316,-27912.950342450134
-27913.238192693316,-27913.512216032734
-27913.512216032734,-27913.355415936523
-27913.512216032734,-27912.868418198344
-27913.512216032734,-27913.540457717223
-27913.540457717223,-27913.490689688653
-27913.490689688653,-27913.164320744145
-27913.490689688653,-27913.45505413263
-27913.45505413263,-27913.038178120714
-27913.45505413263,-27913.138005336852
-27913.45505413263,-27912.54599595059
-27913.45505413263,-27913.10294977451
-27913.45505413263,-27912.990170491194
-27913.45505413263,-27913.03484564311
-27913.45505413263,-27913.398118477202
-27913.398118477202,-27913.269352488147
-27913.398118477202,-27913.485646716155
-27913.485646716155,-27913.453092770833
-27913.453092770833,-27913.09069807447
-27913.453092770833,-27913.375081852908
-27913.375081852908,-27913.376912211847
-27913.376912211847,-27913.02718226336
-27913.376912211847,-27912.944633420095
-27913.376912211847,-27913.08720155403
-27913.376912211847,-27913.517761013514
-27913.517761013514,-27913.68785132432
-27913.68785132432,-27913.25584547912
-27913.68785132432,-27913.6217758056
-27913.68785132432,-27913.604294527166
-27913.604294527166,-27913.58445927137
-27913.58445927137,-27913.624813499442
-27913.624813499442,-27913.36601668223
-27913.624813499442,-27913.578085104607
-27913.624813499442,-27913.455575121778
-27913.624813499442,-27913.492201643163
-27913.624813499442,-27913.41949703436
-27913.624813499442,-27913.493088421492
-27913.624813499442,-27913.0229249473
-27913.624813499442,-27913.525571298636
-27913.624813499442,-27914.00380591742
-27914.00380591742,-27913.814295102253
-27914.00380591742,-27914.14089839761
-27914.14089839761,-27913.578170309203
-27914.14089839761,-27914.078500460244
-27914.14089839761,-27913.561351945864
-27914.14089839761,-27913.9414042649
-27914.14089839761,-27913.95302710549
-27914.14089839761,-27913.552028816703
-27914.14089839761,-27913.693487401848
-27914.14089839761,-27913.895321673976
-27914.14089839761,-27913.895321673976
-27914.14089839761,-27913.696808175828
-27914.14089839761,-27913.944199812777
-27914.14089839761,-27913.65827392974
-27914.14089839761,-27913.082132853808
-27914.14089839761,-27914.030712567157
-27914.14089839761,-27914.055843834714
-27914.055843834714,-27913.899062647637
-27914.055843834714,-27913.18369280846
-27914.055843834714,-27913.291223320695
-27914.055843834714,-27913.996520646775
-27914.055843834714,-27913.662336406655
-27914.055843834714,-27914.00788537623
-27914.00788537623,-27913.862487272803
-27914.00788537623,-27914.013944490147
-27914.013944490147,-27913.672998902253
-27914.013944490147,-27913.84505524318
-27914.013944490147,-27914.183282716906
-27914.183282716906,-27914.096924406687
-27914.183282716906,-27913.823342134772
-27914.183282716906,-27914.206595275875
-27914.206595275875,-27913.907860993182
-27914.206595275875,-27914.018038423368
-27914.206595275875,-27913.98575158036
-27914.206595275875,-27913.807891822165
-27914.206595275875,-27913.919252952128
-27914.206595275875,-27913.99531226211
-27914.206595275875,-27914.29265163511
-27914.29265163511,-27914.061423775463
-27914.29265163511,-27914.336303528653
-27914.336303528653,-27914.040807139405
-27914.336303528653,-27913.911749459705
-27914.336303528653,-27913.80963756823
-27914.336303528653,-27913.738841850856
-27914.336303528653,-27913.89907287947
-27914.336303528653,-27913.970243302905
-27914.336303528653,-27913.848716663146
-27914.336303528653,-27914.036904388595
-27914.336303528653,-27914.1494275025
-27914.336303528653,-27914.331614218387
-27914.336303528653,-27914.080186392144
-27914.336303528653,-27914.059342669825
-27914.336303528653,-27913.981324329878
-27914.336303528653,-27914.220608496224
-27914.336303528653,-27913.61527734986
-27914.336303528653,-27914.293158324966
-27914.293158324966,-27914.537610004703
-27914.537610004703,-27913.6661399321
-27914.537610004703,-27914.230665121737
-27914.537610004703,-27914.293717886707
-27914.537610004703,-27914.3976100563
-27914.537610004703,-27914.48017643002
-27914.48017643002,-27914.28133777337
-27914.48017643002,-27913.884907196007
-27914.48017643002,-27914.14979088862
-27914.48017643002,-27914.299520284905
-27914.48017643002,-27914.416433478433
-27914.48017643002,-27914.714054942444
-27914.714054942444,-27914.183793888347
-27914.714054942444,-27914.45418602497
-27914.714054942444,-27914.461300585666
-27914.714054942444,-27914.33491991055
-27914.714054942444,-27914.460761390274
-27914.714054942444,-27914.870757315613
-27914.870757315613,-27914.300440855208
-27914.870757315613,-27914.379328506766
-27914.870757315613,-27914.297930809655
-27914.870757315613,-27914.492102201155
-27914.870757315613,-27914.602897896137
-27914.870757315613,-27914.486775426987
-27914.870757315613,-27914.79791370149
-27914.870757315613,-27914.81067607663
-27914.870757315613,-27914.825312541965
-27914.870757315613,-27914.54882968875
-27914.870757315613,-27914.474072936035
-27914.870757315613,-27914.53033462075
-27914.870757315613,-27914.379328506766
-27914.870757315613,-27914.686784830574
-27914.870757315613,-27914.63205153627
-27914.870757315613,-27914.59388322906
-27914.870757315613,-27914.650938652023
-27914.870757315613,-27914.485851511217
-27914.870757315613,-27914.876374151867
-27914.876374151867,-27914.89910736914
-27914.89910736914,-27914.595848003184
-27914.89910736914,-27914.732923218995
-27914.89910736914,-27914.520112076818
-27914.89910736914,-27914.73932221428
-27914.89910736914,-27914.614300480036
-27914.89910736914,-27914.389745734472
-27914.89910736914,-27914.58777379056
-27914.89910736914,-27914.70578498015
-27914.70578498015,-27914.245339016205
-27914.70578498015,-27914.54094348468
-27914.70578498015,-27914.800588598668
-27914.800588598668,-27914.377485374425
-27914.800588598668,-27914.303524733186
-27914.800588598668,-27914.29227352454
-27914.800588598668,-27914.44770599141
-27914.800588598668,-27914.596457656433
-27914.800588598668,-27914.776997459732
-27914.800588598668,-27914.28989127136
-27914.800588598668,-27914.488315433206
-27914.800588598668,-27914.19456437629
-27914.800588598668,-27914.372108566025
-27914.800588598668,-27914.52453223922
-27914.800588598668,-27914.588245033112
-27914.800588598668,-27914.39681883105
-27914.800588598668,-27914.194564376292
-27914.800588598668,-27914.24785219519
-27914.800588598668,-27914.405276500365
-27914.800588598668,-27914.244111427193
-27914.800588598668,-27914.246036495228
-27914.800588598668,-27914.336653890958
-27914.800588598668,-27914.84626036463
-27914.84626036463,-27914.28986317948
-27914.84626036463,-27914.21519174234
-27914.84626036463,-27914.675430827876
-27914.84626036463,-27914.224390105308
-27914.84626036463,-27914.423320563805
-27914.84626036463,-27914.846697529018
-27914.846697529018,-27914.784180644598
-27914.846697529018,-27914.631079803105
-27914.846697529018,-27914.53206717676
-27914.846697529018,-27914.147006960455
-27914.846697529018,-27914.030981804022
-27914.846697529018,-27914.471682784828
-27914.846697529018,-27914.43903926663
-27914.846697529018,-27914.19858212761
-27914.846697529018,-27914.533613048043
-27914.846697529018,-27914.660636334713
-27914.846697529018,-27914.423990704316
-27914.846697529018,-27914.902973371703
-27914.902973371703,-27914.52314381286
-27914.902973371703,-27914.735748046547
-27914.902973371703,-27914.74357551337
-27914.902973371703,-27914.800104779904
-27914.902973371703,-27914.886112239095
-27914.886112239095,-27914.965029895775
-27914.965029895775,-27914.56666330011
-27914.965029895775,-27914.082350792654
-27914.965029895775,-27914.48221469945
-27914.965029895775,-27914.39959986807
-27914.965029895775,-27914.80108504228
-27914.965029895775,-27914.939266957183
-27914.939266957183,-27914.546285014327
-27914.939266957183,-27914.473033588718
-27914.939266957183,-27914.642464808403
-27914.939266957183,-27914.58810441046
-27914.939266957183,-27914.71863548684
-27914.939266957183,-27914.66727560856
-27914.939266957183,-27914.662908031434
-27914.939266957183,-27914.50531010136
-27914.939266957183,-27914.776987958347
-27914.939266957183,-27914.349777932603
-27914.939266957183,-27914.624644807212
-27914.939266957183,-27914.165545795942
-27914.939266957183,-27914.68621310195
-27914.939266957183,-27914.66281375737
-27914.939266957183,-27914.496771973678
-27914.939266957183,-27914.456936412484
-27914.939266957183,-27914.700219561666
-27914.939266957183,-27914.676523496288
-27914.939266957183,-27914.464301819866
-27914.939266957183,-27914.268961101123
-27914.939266957183,-27914.625586403945
-27914.939266957183,-27914.517253684273
-27914.939266957183,-27914.183822746512
-27914.939266957183,-27914.39051356309
-27914.939266957183,-27914.282273700923
-27914.939266957183,-27914.650439946527
-27914.939266957183,-27914.817771121197
-27914.939266957183,-27914.38544728149
-27914.939266957183,-27914.35438172273
-27914.939266957183,-27914.7325050873
-27914.939266957183,-27914.734337776947
-27914.939266957183,-27914.915238044825
-27914.915238044825,-27914.64328484793
-27914.915238044825,-27914.718653923286
-27914.915238044825,-27914.55235072649
-27914.915238044825,-27914.209549292984
-27914.915238044825,-27914.95224708354
-27914.95224708354,-27914.58947645194
-27914.95224708354,-27914.380724443003
-27914.95224708354,-27915.110950595903
-27915.110950595903,-27914.697460474523
-27915.110950595903,-27914.30821829066
-27915.110950595903,-27914.486225958095
-27915.110950595903,-27914.88244827002
-27915.110950595903,-27914.801862994875
-27915.110950595903,-27914.99098428748
-27915.110950595903,-27915.068524075345
-27915.068524075345,-27914.759515123773
-27915.068524075345,-27914.736234143933
-27915.068524075345,-27914.86283382069
-27915.068524075345,-27915.101134661578
-27915.101134661578,-27914.86217051895
-27915.101134661578,-27914.976280903444
-27915.101134661578,-27914.624656177803
-27915.101134661578,-27914.921620148456
-27915.101134661578,-27914.950548020723
-27915.101134661578,-27914.634060512537
-27915.101134661578,-27914.91946254252
-27915.101134661578,-27914.917982893738
-27915.101134661578,-27914.526348275485
-27915.101134661578,-27914.65805908972
-27915.101134661578,-27914.683653678803
-27915.101134661578,-27914.70952253232
-27915.101134661578,-27914.98293810266
-27914.98293810266,-27914.623331732888
-27914.98293810266,-27914.708428677586
-27914.98293810266,-27914.877249260997
-27914.98293810266,-27914.603736886544
-27914.98293810266,-27914.88399010858
-27914.98293810266,-27914.456353863858
-27914.98293810266,-27914.570544692375
-27914.98293810266,-27914.66494839579
-27914.98293810266,-27914.612353349145
-27914.98293810266,-27914.517904629654
-27914.98293810266,-27914.807591210047
-27914.98293810266,-27914.777641598263
-27914.98293810266,-27914.588304396722
-27914.98293810266,-27914.148826862587
-27914.98293810266,-27914.606329341197
-27914.98293810266,-27915.153500773078
-27915.153500773078,-27914.95538548752
-27915.153500773078,-27914.57135905399
-27915.153500773078,-27914.59793791387
-27915.153500773078,-27915.100635620107
-27915.153500773078,-27914.753915023874
-27915.153500773078,-27914.8172641666
-27915.153500773078,-27914.518260427685
-27915.153500773078,-27915.10932529833
-27915.10932529833,-27914.133910784323
-27915.10932529833,-27914.8734074475
-27915.10932529833,-27914.691195623684
-27915.10932529833,-27914.662681608705
-27915.10932529833,-27914.667362842018
-27915.10932529833,-27914.799512546313
-27915.10932529833,-27914.859186731923
-27915.10932529833,-27914.85196193323
-27915.10932529833,-27915.18149697999
-27915.18149697999,-27914.820394495327
-27915.18149697999,-27914.89908445245
-27915.18149697999,-27914.764908089957
-27915.18149697999,-27915.03568908818
-27915.18149697999,-27915.010917211483
-27915.18149697999,-27915.28451977098
-27915.28451977098,-27915.0588848411
-27915.28451977098,-27915.157736779674
-27915.28451977098,-27914.55254391125
-27915.28451977098,-27914.937763192924
-27915.28451977098,-27914.97900447227
-27915.28451977098,-27915.164661256098
-27915.164661256098,-27914.457631635443
-27915.164661256098,-27915.00400552414
-27915.164661256098,-27914.56268660944
-27915.164661256098,-27915.098315429444
-27915.098315429444,-27914.679943280375
-27915.098315429444,-27914.820806692023
-27915.098315429444,-27914.431660463015
-27915.098315429444,-27915.033475932858
-27915.098315429444,-27914.595814167777
-27915.098315429444,-27914.525439251815
-27915.098315429444,-27914.670405496418
-27915.098315429444,-27914.89195244575
-27915.098315429444,-27914.810034564005
-27915.098315429444,-27915.237508155467
-27915.237508155467,-27914.714727485727
-27915.237508155467,-27914.97968936719
-27915.237508155467,-27914.637272995555
-27915.237508155467,-27914.882422001967
-27915.237508155467,-27915.199760136577
-27915.199760136577,-27914.621728981685
-27915.199760136577,-27914.92963102148
-27915.199760136577,-27914.665995747586
-27915.199760136577,-27914.574247996814
-27915.199760136577,-27914.720753905007
-27915.199760136577,-27914.78966190415
-27915.199760136577,-27915.13371133677
-27915.199760136577,-27915.075518668913
-27915.199760136577,-27914.66453555103
-27915.199760136577,-27914.909310173498
-27915.199760136577,-27915.5595227143
-27915.5595227143,-27915.170582525083
-27915.5595227143,-27915.257989839178
-27915.5595227143,-27915.499438475363
-27915.5595227143,-27915.36547542701
-27915.5595227143,-27915.482147212257
-27915.5595227143,-27915.42657692666
-27915.5595227143,-27915.28938049487
-27915.5595227143,-27915.09792965595
-27915.5595227143,-27914.958791047207
-27915.5595227143,-27915.378688659483
-27915.5595227143,-27915.285996104718
-27915.5595227143,-27915.01498848392
-27915.5595227143,-27915.22596802379
-27915.5595227143,-27915.44688539557
-27915.5595227143,-27915.24404313419
-27915.5595227143,-27915.249156124093
-27915.5595227143,-27915.20241252847
-27915.5595227143,-27915.268393658298
-27915.5595227143,-27915.51521162344
-27915.5595227143,-27915.535588510986
-27915.535588510986,-27915.423761444
-27915.535588510986,-27915.37655604827
-27915.535588510986,-27915.232463749577
-27915.535588510986,-27915.178946396984
-27915.535588510986,-27915.062007308305
-27915.535588510986,-27915.148462680292
-27915.535588510986,-27915.704627510622
-27915.704627510622,-27915.766521358946
-27915.766521358946,-27915.766521358946
-27915.766521358946,-27915.490733873103
-27915.766521358946,-27915.43911980241
-27915.766521358946,-27915.319104688693
-27915.766521358946,-27915.215141657667
-27915.766521358946,-27915.45629870227
-27915.766521358946,-27915.37560570604
-27915.766521358946,-27915.148851496808
-27915.766521358946,-27915.241702966207
-27915.766521358946,-27915.003246079803
-27915.766521358946,-27915.316108523086
-27915.766521358946,-27915.43005615801
-27915.766521358946,-27915.169026639815
-27915.766521358946,-27914.863199901974
-27915.766521358946,-27915.325969473877
-27915.766521358946,-27915.373402784833
-27915.766521358946,-27915.200596710536
-27915.766521358946,-27915.28880387773
-27915.766521358946,-27914.68084014283
-27915.766521358946,-27915.345940608462
-27915.766521358946,-27915.568705331476
-27915.766521358946,-27915.665829097292
-27915.766521358946,-27915.297664460886
-27915.766521358946,-27915.89038654478
-27915.89038654478,-27915.415934919314
-27915.89038654478,-27915.087420699783
-27915.89038654478,-27915.696278319567
-27915.89038654478,-27915.505269802332
-27915.89038654478,-27915.744170795886
-27915.89038654478,-27915.44889578889
-27915.89038654478,-27915.78368308655
-27915.89038654478,-27915.045051588582
-27915.89038654478,-27915.899403184976
-27915.899403184976,-27915.447266306855
-27915.899403184976,-27915.539642395306
-27915.899403184976,-27915.882356952003
-27915.899403184976,-27915.43233001691
-27915.899403184976,-27915.373739253646
-27915.899403184976,-27915.485281814723
-27915.899403184976,-27915.699091129856
-27915.899403184976,-27915.48971014624
-27915.899403184976,-27915.653671286214
-27915.899403184976,-27915.785916548113
-27915.899403184976,-27915.490808662602
-27915.899403184976,-27915.7611995399
-27915.899403184976,-27915.638618878424
-27915.899403184976,-27915.750279464042
-27915.899403184976,-27915.963918915695
-27915.963918915695,-27915.37513397761
-27915.963918915695,-27915.5994052629
-27915.963918915695,-27915.685902369078
-27915.963918915695,-27915.591908089707
-27915.963918915695,-27915.539734431644
-27915.963918915695,-27915.81599724277
-27915.963918915695,-27915.552689106706
-27915.963918915695,-27915.57537739279
-27915.963918915695,-27915.502172443725
-27915.963918915695,-27915.912492932115
-27915.963918915695,-27915.726931110814
-27915.963918915695,-27915.478893532352
-27915.963918915695,-27915.66744173612
-27915.963918915695,-27915.94509117991
-27915.94509117991,-27915.657428893115
-27915.94509117991,-27915.486221061074
-27915.94509117991,-27915.63142873623
-27915.94509117991,-27915.52294254471
-27915.94509117991,-27915.670408469938
-27915.94509117991,-27915.17391665542
-27915.94509117991,-27915.371066442654
-27915.94509117991,-27915.770503453965
-27915.94509117991,-27915.732139336684
-27915.94509117991,-27915.7866145648
-27915.94509117991,-27915.282238166514
-27915.94509117991,-27915.010037874483
-27915.94509117991,-27915.560761384317
-27915.94509117991,-27915.459257551338
-27915.94509117991,-27915.62060072209
-27915.94509117991,-27915.756889186843
-27915.94509117991,-27915.765815351213
-27915.94509117991,-27915.30683579575
-27915.94509117991,-27915.641772739724
-27915.94509117991,-27915.52280867206
-27915.94509117991,-27915.295722789077
-27915.94509117991,-27915.7866145648
-27915.94509117991,-27915.7578531091
-27915.94509117991,-27915.5588669597
-27915.94509117991,-27915.409260763758
-27915.94509117991,-27915.85302103741
-27915.94509117991,-27915.753147477073
-27915.94509117991,-27915.745677027127
-27915.94509117991,-27915.650626034236
-27915.94509117991,-27915.82830713811
-27915.94509117991,-27916.111711509002
-27916.111711509002,-27915.912072694828
-27916.111711509002,-27915.70012457075
-27916.111711509002,-27915.87468251647
-27916.111711509002,-27915.86061246329
-27916.111711509002,-27915.596980790102
-27916.111711509002,-27915.9243687472
-27916.111711509002,-27915.555312055614
-27916.111711509002,-27915.6942275605
-27916.111711509002,-27915.815586150627
-27916.111711509002,-27915.952275473395
-27916.111711509002,-27915.66387267667
-27916.111711509002,-27915.466105582127
-27916.111711509002,-27915.715023696524
-27916.111711509002,-27915.99209202805
-27916.111711509002,-27915.955381746004
-27916.111711509002,-27915.928199180125
-27916.111711509002,-27915.755737136118
-27916.111711509002,-27915.844526661578
-27916.111711509002,-27915.731643637577
-27916.111711509002,-27915.87932389968
-27916.111711509002,-27915.482246034757
-27916.111711509002,-27915.815586150627
-27916.111711509002,-27915.407622732375
-27916.111711509002,-27915.610573363338
-27916.111711509002,-27915.506659246585
-27916.111711509002,-27915.934047786854
-27916.111711509002,-27916.251009096377
-27916.251009096377,-27915.653396625672
-27916.251009096377,-27915.99571043427
-27916.251009096377,-27916.013286388956
-27916.251009096377,-27915.85209401858
-27916.251009096377,-27915.68620439311
-27916.251009096377,-27915.83834566948
-27916.251009096377,-27915.995665314425
-27916.251009096377,-27915.590939376263
-27916.251009096377,-27916.445963653117
-27916.445963653117,-27916.163518794085
-27916.445963653117,-27916.482318155962
-27916.482318155962,-27915.862862522612
-27916.482318155962,-27916.03943379068
-27916.482318155962,-27916.264517025083
-27916.482318155962,-27916.18882481295
-27916.482318155962,-27915.929319194704
-27916.482318155962,-27915.80562942615
-27916.482318155962,-27916.157129187664
-27916.482318155962,-27915.86450932233
-27916.482318155962,-27916.133289193564
-27916.482318155962,-27916.10921479808
-27916.482318155962,-27916.016452902164
-27916.482318155962,-27915.938337171938
-27916.482318155962,-27916.19625571165
-27916.482318155962,-27916.142206796045
-27916.482318155962,-27915.894661424987
-27916.482318155962,-27916.43938479105
-27916.482318155962,-27916.222655779726
-27916.482318155962,-27915.892821306523
-27916.482318155962,-27916.42643743404
-27916.42643743404,-27916.236065368885
-27916.236065368885,-27916.035732629527
-27916.236065368885,-27916.045933582995
-27916.236065368885,-27916.095969507758
-27916.095969507758,-27915.740742714064
-27916.095969507758,-27915.546590734095
-27916.095969507758,-27915.68711173716
-27916.095969507758,-27915.705361828426
-27916.095969507758,-27915.97700381027
-27916.095969507758,-27915.95215835557
-27916.095969507758,-27915.839611968044
-27916.095969507758,-27915.716151076827
-27916.095969507758,-27915.929018682076
-27916.095969507758,-27915.965484933273
-27916.095969507758,-27915.859582503308
-27916.095969507758,-27915.969951349412
-27916.095969507758,-27915.68898630345
-27916.095969507758,-27915.942945635972
-27916.095969507758,-27915.574760799256
-27916.095969507758,-27915.75965414112
-27916.095969507758,-27915.625112558417
-27916.095969507758,-27916.19177106402
-27916.19177106402,-27915.902961445223
-27916.19177106402,-27916.052827203675
-27916.19177106402,-27915.729069269277
-27916.19177106402,-27915.729710216645
-27916.19177106402,-27915.96803857884
-27916.19177106402,-27915.88631541273
-27916.19177106402,-27915.722997062592
-27916.19177106402,-27916.006853624178
-27916.19177106402,-27915.80007426082
-27916.19177106402,-27915.920840962463
-27916.19177106402,-27915.795900794146
-27916.19177106402,-27916.22037973941
-27916.22037973941,-27915.867335560637
-27916.22037973941,-27916.342037188326
-27916.342037188326,-27915.888798877553
-27916.342037188326,-27915.860310039112
-27916.342037188326,-27916.17713661375
-27916.17713661375,-27915.30433321539
-27916.17713661375,-27915.50093530383
-27916.17713661375,-27915.674908936584
-27916.17713661375,-27915.730969956654
-27916.17713661375,-27915.184295445262
-27916.17713661375,-27915.831042615595
-27916.17713661375,-27915.360888971692
-27916.17713661375,-27915.883644729325
-27916.17713661375,-27915.94908419979
-27916.17713661375,-27916.31937617987
-27916.31937617987,-27916.05519906798
-27916.31937617987,-27916.0578346366
-27916.31937617987,-27915.962193225238
-27916.31937617987,-27915.775911073048
-27916.31937617987,-27915.6881535391
-27916.31937617987,-27916.127174234927
-27916.31937617987,-27916.003493560096
-27916.31937617987,-27915.90066697862
-27916.31937617987,-27916.006657304835
-27916.31937617987,-27915.64993563456
-27916.31937617987,-27916.012616896158
-27916.31937617987,-27915.75879682145
-27916.31937617987,-27915.951536846736
-27916.31937617987,-27915.777779745073
-27916.31937617987,-27916.162725654816
-27916.31937617987,-27916.211750124865
-27916.31937617987,-27915.452373734468
-27916.31937617987,-27915.473409446415
-27916.31937617987,-27915.99997632125
-27916.31937617987,-27915.991433204417
-27916.31937617987,-27915.888132372642
-27916.31937617987,-27916.015251049976
-27916.31937617987,-27916.1910808081
-27916.31937617987,-27915.901764990565
-27916.31937617987,-27915.68616519537
-27916.31937617987,-27916.13023568954
-27916.31937617987,-27915.67482943725
-27916.31937617987,-27915.943229164088
-27916.31937617987,-27915.831523839617
-27916.31937617987,-27916.129568192704
-27916.31937617987,-27916.374436199556
-27916.374436199556,-27916.16239789678
-27916.374436199556,-27916.400399786995
-27916.400399786995,-27915.983983175407
-27916.400399786995,-27915.79383048648
-27916.400399786995,-27916.039700551817
-27916.400399786995,-27915.63895761271
-27916.400399786995,-27915.780007977362
-27916.400399786995,-27915.813732830713
-27916.400399786995,-27915.6010930434
-27916.400399786995,-27916.75234913952
-27916.75234913952,-27916.46511330771
-27916.75234913952,-27916.286640865655
-27916.75234913952,-27916.409740182888
-27916.75234913952,-27916.81874089201
-27916.81874089201,-27916.479196504864
-27916.81874089201,-27916.281167277517
-27916.81874089201,-27916.699778799866
-27916.81874089201,-27916.338670322286
-27916.81874089201,-27916.47710866496
-27916.81874089201,-27916.591816419997
-27916.81874089201,-27916.61101121241
-27916.81874089201,-27916.237486228623
-27916.81874089201,-27916.48710921544
-27916.81874089201,-27916.767833210935
-27916.767833210935,-27916.499697322903
-27916.767833210935,-27916.031527554365
-27916.767833210935,-27916.601558201735
-27916.767833210935,-27916.90407518938
-27916.90407518938,-27916.563322498245
-27916.90407518938,-27916.099939589025
-27916.90407518938,-27915.927171248928
-27916.90407518938,-27916.493843614277
-27916.90407518938,-27916.24817649207
-27916.90407518938,-27916.71767965137
-27916.90407518938,-27917.03531091936
-27917.03531091936,-27917.03531091936
-27917.03531091936,-27916.48175775976
-27917.03531091936,-27915.909950195604
-27917.03531091936,-27916.495727270332
-27917.03531091936,-27916.768756922433
-27917.03531091936,-27916.22814650794
-27917.03531091936,-27916.730226520453
-27917.03531091936,-27916.607220135957
-27917.03531091936,-27916.35869404905
-27917.03531091936,-27916.806625234305
-27917.03531091936,-27916.601738523063
-27917.03531091936,-27916.492317459702
-27917.03531091936,-27916.79683276925
-27917.03531091936,-27916.762294303317
-27917.03531091936,-27916.230264083788
-27917.03531091936,-27916.314645929724
-27917.03531091936,-27916.084344234558
-27917.03531091936,-27916.741972102216
-27917.03531091936,-27915.945446567872
-27917.03531091936,-27916.962971262466
-27917.03531091936,-27916.86572202396
-27917.03531091936,-27916.391354477815
-27917.03531091936,-27916.741174045615
-27917.03531091936,-27916.221133397663
-27917.03531091936,-27916.656620647416
-27917.03531091936,-27916.460706951857
-27917.03531091936,-27916.80834613995
-27917.03531091936,-27916.613590552417
-27917.03531091936,-27916.666161999812
-27917.03531091936,-27916.63631226137
-27917.03531091936,-27916.353334833984
-27917.03531091936,-27916.428775702505
-27917.03531091936,-27916.516750518098
-27917.03531091936,-27916.480255036262
-27917.03531091936,-27916.69717618061
-27917.03531091936,-27916.780345278366
-27917.03531091936,-27916.88364714981
-27917.03531091936,-27916.792674700773
-27917.03531091936,-27916.626400293262
-27917.03531091936,-27916.67243124909
-27917.03531091936,-27916.791905826856
-27917.03531091936,-27916.879397210745
-27917.03531091936,-27916.764741421124
-27917.03531091936,-27916.687964528275
-27917.03531091936,-27917.063088854582
-27917.063088854582,-27916.696945318152
-27917.063088854582,-27916.964578344425
-27917.063088854582,-27916.149128045483
-27917.063088854582,-27916.92691314874
-27917.063088854582,-27916.755276424043
-27917.063088854582,-27916.396029545827
-27917.063088854582,-27916.85260967246
-27917.063088854582,-27917.157828744537
-27917.157828744537,-27916.581761436617
-27917.157828744537,-27916.5273803585
-27917.157828744537,-27916.6553096855
-27917.157828744537,-27916.267471911517
-27917.157828744537,-27917.171718941077
-27917.171718941077,-27916.741343936184
-27917.171718941077,-27916.75498448758
-27917.171718941077,-27916.410967670767
-27917.171718941077,-27917.10628872855
-27917.171718941077,-27916.96021734352
-27917.171718941077,-27916.81411872045
-27917.171718941077,-27917.12202967012
-27917.12202967012,-27916.38645340722
-27917.12202967012,-27917.134826517777
-27917.134826517777,-27916.682022200763
-27917.134826517777,-27917.051564836787
-27917.051564836787,-27916.540376726756
-27917.051564836787,-27916.711482645795
-27917.051564836787,-27916.706996852205
-27917.051564836787,-27916.45625523154
-27917.051564836787,-27915.975646168743
-27917.051564836787,-27916.49145651881
-27917.051564836787,-27916.362241968374
-27917.051564836787,-27916.04825287355
-27917.051564836787,-27916.69419960651
-27917.051564836787,-27917.13918746879
-27917.13918746879,-27917.13918746879
-27917.13918746879,-27917.00225760244
-27917.13918746879,-27916.674744015236
-27917.13918746879,-27916.78510344369
-27917.13918746879,-27916.673070224264
-27917.13918746879,-27916.940942569683
-27917.13918746879,-27916.3427064241
-27917.13918746879,-27916.985637656086
-27917.13918746879,-27916.84303194834
-27917.13918746879,-27916.55448735757
-27917.13918746879,-27916.809558599227
-27917.13918746879,-27916.648557136727
-27917.13918746879,-27916.92302094216
-27917.13918746879,-27916.46843391674
-27917.13918746879,-27916.66984965171
-27917.13918746879,-27916.616853950592
-27917.13918746879,-27916.93135897944
-27917.13918746879,-27916.72588437178
-27917.13918746879,-27916.364301856756
-27917.13918746879,-27916.822368576264
-27917.13918746879,-27916.669849651706
-27917.13918746879,-27916.72820012969
-27917.13918746879,-27916.814589744004
-27917.13918746879,-27917.001816536176
-27917.13918746879,-27916.97580454284
-27917.13918746879,-27916.889323073014
-27917.13918746879,-27916.922387137085
-27917.13918746879,-27916.740178810633
-27917.13918746879,-27916.921345796585
-27917.13918746879,-27916.422303697087
-27917.13918746879,-27916.97604304264
-27917.13918746879,-27916.212380712885
-27917.13918746879,-27916.792634447116
-27917.13918746879,-27917.281472724764
-27917.281472724764,-27916.916121983108
-27917.281472724764,-27916.88052797859
-27917.281472724764,-27916.743090188942
-27917.281472724764,-27916.583216802992
-27917.281472724764,-27916.985907984636
-27917.281472724764,-27916.90921601867
-27917.281472724764,-27916.483643628657
-27917.281472724764,-27916.78534062037
-27917.281472724764,-27917.062032442598
-27917.281472724764,-27916.75410172972
-27917.281472724764,-27916.58901341827
-27917.281472724764,-27916.867496394276
-27917.281472724764,-27916.238503859313
-27917.281472724764,-27916.519883393645
-27917.281472724764,-27917.25322344962
-27917.25322344962,-27916.71194753922
-27917.25322344962,-27916.75378046196
-27917.25322344962,-27916.6804912052
-27917.25322344962,-27916.786570510783
-27917.25322344962,-27916.611909134306
-27917.25322344962,-27916.561998390847
-27917.25322344962,-27917.260623003527
-27917.260623003527,-27917.215593455996
-27917.260623003527,-27916.509961438198
-27917.260623003527,-27917.115417826215
-27917.260623003527,-27916.770208815815
-27917.260623003527,-27917.044053223584
-27917.260623003527,-27916.95842962042
-27917.260623003527,-27916.37741461595
-27917.260623003527,-27917.05689426933
-27917.260623003527,-27916.965594292098
-27917.260623003527,-27916.787503662432
-27917.260623003527,-27917.523673028838
-27917.523673028838,-27917.34291048754
-27917.523673028838,-27917.010444639076
-27917.523673028838,-27917.3491219308
-27917.523673028838,-27917.102870967108
-27917.523673028838,-27916.9456309688
-27917.523673028838,-27917.325736399187
-27917.523673028838,-27916.820330327824
-27917.523673028838,-27917.71235948789
-27917.71235948789,-27917.18829584285
-27917.71235948789,-27917.464388932
-27917.71235948789,-27917.68458375009
-27917.68458375009,-27917.56680359262
-27917.56680359262,-27916.586313849428
-27917.56680359262,-27916.85837325301
-27917.56680359262,-27917.158601689684
-27917.56680359262,-27917.14324615083
-27917.56680359262,-27917.053981031033
-27917.56680359262,-27916.810170869063
-27917.56680359262,-27917.359604766483
-27917.56680359262,-27917.293226808055
-27917.56680359262,-27916.893464940375
-27917.56680359262,-27917.503985378436
-27917.56680359262,-27917.48511605591
-27917.56680359262,-27917.139072193033
-27917.56680359262,-27917.305585088794
-27917.56680359262,-27917.210823395697
-27917.56680359262,-27916.9373687116
-27917.56680359262,-27917.145593226327
-27917.56680359262,-27917.071003540063
-27917.56680359262,-27916.88427074989
-27917.56680359262,-27917.167751401117
-27917.56680359262,-27917.112886252962
-27917.56680359262,-27917.204467399497
-27917.56680359262,-27917.124481287316
-27917.56680359262,-27917.06693344232
-27917.56680359262,-27917.565216726696
-27917.565216726696,-27917.23393028508
-27917.565216726696,-27917.49642911618
-27917.565216726696,-27916.78786832997
-27917.565216726696,-27917.33943342905
-27917.565216726696,-27917.165664255466
-27917.565216726696,-27916.710482224742
-27917.565216726696,-27917.247649973222
-27917.565216726696,-27916.817532223056
-27917.565216726696,-27917.423788194807
-27917.565216726696,-27917.00840307202
-27917.565216726696,-27917.196615201912
-27917.565216726696,-27916.93442693448
-27917.565216726696,-27917.590275445575
-27917.590275445575,-27917.30859346557
-27917.590275445575,-27917.255519090068
-27917.590275445575,-27917.26882936264
-27917.590275445575,-27917.07975496652
-27917.590275445575,-27917.4019209659
-27917.590275445575,-27917.244509648423
-27917.590275445575,-27916.95261741092
-27917.590275445575,-27917.239076673068
-27917.590275445575,-27917.085033151645
-27917.590275445575,-27917.069912333132
-27917.590275445575,-27917.447282961544
-27917.590275445575,-27916.848530350555
-27917.590275445575,-27917.10156491222
-27917.590275445575,-27916.814963294106
-27917.590275445575,-27916.843904377227
-27917.590275445575,-27917.17140980361
-27917.590275445575,-27916.952406262437
-27917.590275445575,-27917.42107129103
-27917.590275445575,-27917.46476199154
-27917.590275445575,-27917.144131856636
-27917.590275445575,-27917.8252188071
-27917.8252188071,-27917.71671700265
-27917.71671700265,-27917.377616453698
-27917.71671700265,-27917.314009818976
-27917.71671700265,-27917.41535810075
-27917.71671700265,-27917.684855228872
-27917.71671700265,-27917.475104497455
-27917.71671700265,-27917.541730845238
-27917.71671700265,-27917.438560199196
-27917.71671700265,-27917.199884881313
-27917.71671700265,-27917.237415265547
-27917.71671700265,-27917.29943785232
-27917.71671700265,-27916.944852753582
-27917.71671700265,-27917.06562554543
-27917.71671700265,-27917.706922034347
-27917.71671700265,-27917.37659972693
-27917.71671700265,-27917.00043651706
-27917.71671700265,-27916.76064421574
-27917.71671700265,-27917.188362301178
-27917.71671700265,-27917.21517038795
-27917.71671700265,-27917.84761523441
-27917.84761523441,-27917.152230787404
-27917.84761523441,-27917.699633971537
-27917.84761523441,-27917.661890592055
-27917.84761523441,-27917.390142677592
-27917.84761523441,-27916.93524776506
-27917.84761523441,-27917.093395172906
-27917.84761523441,-27917.424970387678
-27917.84761523441,-27917.617563409134
-27917.84761523441,-27917.333793573856
-27917.84761523441,-27917.261147890757
-27917.84761523441,-27917.064116814414
-27917.84761523441,-27917.92046064457
-27917.92046064457,-27917.615668254923
-27917.92046064457,-27917.013886677436
-27917.92046064457,-27917.482770511822
-27917.92046064457,-27917.585294293272
-27917.92046064457,-27917.106222723818
-27917.92046064457,-27917.612215849953
-27917.92046064457,-27917.8469721112
-27917.8469721112,-27917.052286603448
-27917.8469721112,-27917.245326291937
-27917.8469721112,-27917.106273775687
-27917.8469721112,-27917.436329533324
-27917.8469721112,-27917.569778630153
-27917.8469721112,-27917.969522916403
-27917.969522916403,-27917.58187553408
-27917.969522916403,-27917.6037570896
-27917.969522916403,-27917.570303725923
-27917.969522916403,-27917.44933067546
-27917.969522916403,-27917.594184126363
-27917.969522916403,-27917.746121848075
-27917.969522916403,-27917.797101919867
-27917.797101919867,-27917.425667354753
-27917.797101919867,-27917.53324211546
-27917.797101919867,-27917.636049790523
-27917.797101919867,-27917.726775157316
-27917.797101919867,-27917.452761230226
-27917.797101919867,-27917.04515344123
-27917.797101919867,-27917.33934601261
-27917.797101919867,-27917.088758852682
-27917.797101919867,-27917.54149848914
-27917.797101919867,-27917.430144538135
-27917.797101919867,-27917.219323362075
-27917.797101919867,-27917.646206026733
-27917.797101919867,-27917.30161599535
-27917.797101919867,-27917.0888094777
-27917.797101919867,-27917.388275236666
-27917.797101919867,-27917.6033475668
-27917.797101919867,-27917.72963319325
-27917.797101919867,-27917.77259954734
-27917.77259954734,-27917.48852629878
-27917.77259954734,-27917.255123756357
-27917.77259954734,-27917.149086388636
-27917.77259954734,-27917.048492993177
-27917.77259954734,-27917.660985628027
-27917.77259954734,-27917.46973027951
-27917.77259954734,-27917.62099453954
-27917.77259954734,-27917.7899134748
-27917.7899134748,-27917.575457573264
-27917.7899134748,-27917.426624355652
-27917.7899134748,-27917.94846494292
-27917.94846494292,-27917.915424119026
-27917.915424119026,-27917.653731067898
-27917.915424119026,-27917.413290846544
-27917.915424119026,-27917.88934321835
-27917.915424119026,-27917.672183305203
-27917.915424119026,-27917.674704211702
-27917.915424119026,-27917.645996722695
-27917.915424119026,-27917.552970540673
-27917.915424119026,-27917.56576196954
-27917.915424119026,-27917.623588432212
-27917.915424119026,-27917.80848755355
-27917.915424119026,-27917.880648889248
-27917.880648889248,-27917.39053985392
-27917.880648889248,-27917.130136982698
-27917.880648889248,-27917.9741776118
-27917.9741776118,-27918.01437891065
-27918.01437891065,-27917.56328963661
-27918.01437891065,-27917.525152145787
-27918.01437891065,-27917.74293993092
-27918.01437891065,-27917.76756884675
-27918.01437891065,-27917.608563810692
-27918.01437891065,-27918.226989298404
-27918.226989298404,-27917.47936075538
-27918.226989298404,-27917.559133854316
-27918.226989298404,-27917.71786857985
-27918.226989298404,-27917.691137434926
-27918.226989298404,-27917.880729493976
-27918.226989298404,-27918.089704912134
-27918.226989298404,-27917.802464945344
-27918.226989298404,-27918.123377868214
-27918.226989298404,-27917.610162891007
-27918.226989298404,-27917.832681871394
-27918.226989298404,-27917.84451730055
-27918.226989298404,-27918.519014929698
-27918.519014929698,-27917.760815936086
-27918.519014929698,-27918.544350173906
-27918.544350173906,-27918.205648379047
-27918.544350173906,-27918.17633626659
-27918.544350173906,-27918.363892068075
-27918.544350173906,-27918.528704628166
-27918.528704628166,-27917.831523253146
-27918.528704628166,-27917.8886565904
-27918.528704628166,-27918.2714910971
-27918.528704628166,-27918.38118140571
-27918.528704628166,-27918.34075904796
-27918.528704628166,-27917.935794885318
-27918.528704628166,-27918.308012528913
-27918.528704628166,-27918.367709018687
-27918.528704628166,-27918.42831682112
-27918.528704628166,-27917.825489414015
-27918.528704628166,-27918.64669693658
-27918.64669693658,-27918.404709729482
-27918.64669693658,-27918.262377907744
-27918.64669693658,-27918.427301126496
-27918.64669693658,-27918.267760214974
-27918.64669693658,-27917.956805252656
-27918.64669693658,-27918.459049724246
-27918.64669693658,-27917.879893775847
-27918.64669693658,-27918.49397428781
-27918.64669693658,-27918.83092873778
-27918.83092873778,-27918.305021481574
-27918.83092873778,-27918.43727693957
-27918.83092873778,-27918.301120937504
-27918.83092873778,-27918.679313754066
-27918.83092873778,-27918.52523036051
-27918.83092873778,-27918.64546800434
-27918.83092873778,-27917.86168256596
-27918.83092873778,-27918.67931375407
-27918.83092873778,-27917.999150257652
-27918.83092873778,-27918.32747865474
-27918.83092873778,-27918.64320808914
-27918.83092873778,-27918.44302496506
-27918.83092873778,-27918.07338746637
-27918.83092873778,-27918.328353851837
-27918.83092873778,-27918.110431508947
-27918.83092873778,-27918.184129348047
-27918.83092873778,-27918.00935725085
-27918.83092873778,-27918.076851669943
-27918.83092873778,-27918.545838385493
-27918.83092873778,-27918.430899068357
-27918.83092873778,-27918.786725665235
-27918.83092873778,-27918.46920096073
-27918.83092873778,-27918.55703617592
-27918.83092873778,-27917.894101651673
-27918.83092873778,-27917.932359144183
-27918.83092873778,-27918.112443145823
-27918.83092873778,-27918.114580264435
-27918.83092873778,-27918.198181843778
-27918.83092873778,-27918.53124077601
-27918.83092873778,-27918.48838894549
-27918.83092873778,-27918.322097959426
-27918.83092873778,-27918.126205608703
-27918.83092873778,-27918.32765864227
-27918.83092873778,-27918.736502134765
-27918.83092873778,-27918.545827922346
-27918.83092873778,-27918.06536226339
-27918.83092873778,-27918.37413600092
-27918.83092873778,-27918.524819976054
-27918.83092873778,-27918.698601351924
-27918.83092873778,-27918.37413600092
-27918.83092873778,-27918.586147764952
-27918.83092873778,-27918.92996356647
-27918.92996356647,-27918.381459639648
-27918.92996356647,-27918.21401795213
-27918.92996356647,-27918.644132130175
-27918.92996356647,-27918.47027178327
-27918.92996356647,-27918.04636089591
-27918.92996356647,-27918.36856097645
-27918.92996356647,-27919.072023991324
-27919.072023991324,-27918.171899830973
-27919.072023991324,-27918.40176326077
-27919.072023991324,-27918.796178241584
-27919.072023991324,-27918.83423679669
-27919.072023991324,-27918.487586029296
-27919.072023991324,-27918.13053615627
-27919.072023991324,-27918.647853699506
-27919.072023991324,-27918.37057852511
-27919.072023991324,-27919.168917854447
-27919.168917854447,-27918.85064111523
-27919.168917854447,-27918.87873551401
-27919.168917854447,-27918.331026475196
-27919.168917854447,-27918.24823836402
-27919.168917854447,-27918.361225540502
-27919.168917854447,-27918.803285264956
-27919.168917854447,-27919.24201545496
-27919.24201545496,-27918.75346682606
-27919.24201545496,-27919.128326871
-27919.24201545496,-27918.825008661588
-27919.24201545496,-27918.90961366037
-27919.24201545496,-27919.277208225587
-27919.277208225587,-27919.0114439885
-27919.277208225587,-27918.992208412128
-27919.277208225587,-27918.66615891433
-27919.277208225587,-27918.89252274377
-27919.277208225587,-27918.738561441285
-27919.277208225587,-27918.65953629173
-27919.277208225587,-27918.504328924995
-27919.277208225587,-27919.24264111981
-27919.277208225587,-27918.86312370416
-27919.277208225587,-27918.630277219105
-27919.277208225587,-27918.571060192153
-27919.277208225587,-27918.546183159346
-27919.277208225587,-27919.0114439885
-27919.277208225587,-27918.953439426812
-27919.277208225587,-27919.426248471387
-27919.426248471387,-27919.08813188757
-27919.426248471387,-27919.165959669182
-27919.426248471387,-27918.88208455912
-27919.426248471387,-27918.695821073496
-27919.426248471387,-27918.85694634821
-27919.426248471387,-27918.79175401197
-27919.426248471387,-27918.943016839094
-27919.426248471387,-27918.529938880318
-27919.426248471387,-27918.80660473924
-27919.426248471387,-27918.798316533735
-27919.426248471387,-27919.060703123916
-27919.426248471387,-27919.088747727168
-27919.426248471387,-27919.207390336498
-27919.426248471387,-27918.759959874842
-27919.426248471387,-27918.454968292004
-27919.426248471387,-27919.016712620345
-27919.426248471387,-27918.572102154885
-27919.426248471387,-27918.516321968447
-27919.426248471387,-27918.944861846376
-27919.426248471387,-27919.25230311131
-27919.426248471387,-27918.58377509562
-27919.426248471387,-27918.877435148133
-27919.426248471387,-27919.22127738399
-27919.426248471387,-27918.595994301457
-27919.426248471387,-27918.951545226755
-27919.426248471387,-27918.92482126818
-27919.426248471387,-27918.964988524596
-27919.426248471387,-27919.047576321238
-27919.426248471387,-27918.915471724715
-27919.426248471387,-27918.631080328898
-27919.426248471387,-27918.516321968447
-27919.426248471387,-27918.925619304075
-27919.426248471387,-27918.67337477806
-27919.426248471387,-27918.67337477806
-27919.426248471387,-27919.18718905495
-27919.426248471387,-27918.66370232805
-27919.426248471387,-27918.92284507558
-27919.426248471387,-27918.579617632182
-27919.426248471387,-27919.15835008845
-27919.426248471387,-27918.670541082844
-27919.426248471387,-27918.54731288052
-27919.426248471387,-27919.10139138077
-27919.426248471387,-27918.899284236257
-27919.426248471387,-27919.178250821435
-27919.426248471387,-27919.030060663954
-27919.426248471387,-27918.984041533913
-27919.426248471387,-27919.035279264877
-27919.426248471387,-27919.21852479804
-27919.426248471387,-27918.707085968126
-27919.426248471387,-27918.601930743764
-27919.426248471387,-27918.927440925316
-27919.426248471387,-27919.28204486677
-27919.426248471387,-27919.323250866786
-27919.426248471387,-27919.088586856007
-27919.426248471387,-27919.226158014855
-27919.426248471387,-27918.791754011967
-27919.426248471387,-27918.80994711441
-27919.426248471387,-27919.114923520687
-27919.426248471387,-27919.211669373533
-27919.426248471387,-27919.297855496185
-27919.426248471387,-27919.08161108802
-27919.426248471387,-27919.013988392828
-27919.426248471387,-27918.611188019953
-27919.426248471387,-27919.050341075308
-27919.426248471387,-27919.323250866793
-27919.426248471387,-27918.623719975592
-27919.426248471387,-27919.20164899255
-27919.426248471387,-27918.916737439988
-27919.426248471387,-27918.86008439969
-27919.426248471387,-27919.547759883833
-27919.547759883833,-27919.303753366305
-27919.547759883833,-27919.229092361304
-27919.547759883833,-27918.773209159142
-27919.547759883833,-27918.746054491377
-27919.547759883833,-27918.931303043017
-27919.547759883833,-27918.96511236933
-27919.547759883833,-27919.321718402516
-27919.547759883833,-27918.7490501516
-27919.547759883833,-27918.90387883107
-27919.547759883833,-27918.834474269755
-27919.547759883833,-27918.56373289843
-27919.547759883833,-27919.089886308084
-27919.547759883833,-27918.840251923586
-27919.547759883833,-27919.157309814647
-27919.547759883833,-27919.220663951113
-27919.547759883833,-27918.700080808183
-27919.547759883833,-27919.086281409203
-27919.547759883833,-27918.984079301124
-27919.547759883833,-27918.694642518527
-27919.547759883833,-27918.540426251115
-27919.547759883833,-27918.886437285073
-27919.547759883833,-27918.53535507798
-27919.547759883833,-27918.48250602793
-27919.547759883833,-27918.821520072786
-27919.547759883833,-27918.53535507798
-27919.547759883833,-27918.593139545206
-27919.547759883833,-27918.85903808917
-27919.547759883833,-27919.062267828267
-27919.547759883833,-27918.96873689181
-27919.547759883833,-27919.137715858073
-27919.547759883833,-27919.44406207227
-27919.547759883833,-27919.472309447614
-27919.547759883833,-27919.377144487076
-27919.547759883833,-27918.98143879467
-27919.547759883833,-27918.50915665633
-27919.547759883833,-27918.710127072467
-27919.547759883833,-27918.7490501516
-27919.547759883833,-27919.44437190502
-27919.547759883833,-27918.794374318706
-27919.547759883833,-27918.886437285073
-27919.547759883833,-27919.58729996095
-27919.58729996095,-27918.72821282369
-27919.58729996095,-27919.28969268863
-27919.58729996095,-27918.832691950134
-27919.58729996095,-27918.787389244906
-27919.58729996095,-27919.485599827392
-27919.58729996095,-27918.935057283907
-27919.58729996095,-27919.414692639613
-27919.58729996095,-27918.904506452105
-27919.58729996095,-27919.29320465604
-27919.58729996095,-27919.595904224807
-27919.595904224807,-27919.520933207717
-27919.595904224807,-27919.174574761786
-27919.595904224807,-27918.94782434661
-27919.595904224807,-27918.672371228564
-27919.595904224807,-27918.74875038883
-27919.595904224807,-27918.948453254678
-27919.595904224807,-27918.914331411484
-27919.595904224807,-27919.33484538546
-27919.595904224807,-27918.633784949478
-27919.595904224807,-27919.318587250833
-27919.595904224807,-27919.72271695091
-27919.72271695091,-27918.89825036206
-27919.72271695091,-27919.34244280666
-27919.72271695091,-27919.231717936484
-27919.72271695091,-27919.075113993968
-27919.72271695091,-27919.320202819275
-27919.72271695091,-27919.01689803459
-27919.72271695091,-27919.900353074005
-27919.900353074005,-27919.900353074005
-27919.900353074005,-27919.171769415676
-27919.900353074005,-27919.611624701636
-27919.900353074005,-27919.24066227929
-27919.900353074005,-27919.73510814306
-27919.900353074005,-27919.46693242487
-27919.900353074005,-27919.16599046577
-27919.900353074005,-27919.868961184802
-27919.868961184802,-27918.80980513059
-27919.868961184802,-27919.433886117535
-27919.868961184802,-27919.103191680115
-27919.868961184802,-27919.219016912182
-27919.868961184802,-27919.637400240004
-27919.868961184802,-27919.421895056974
-27919.868961184802,-27919.30774100664
-27919.868961184802,-27919.923490717298
-27919.923490717298,-27919.635676476086
-27919.923490717298,-27919.000001387536
-27919.923490717298,-27919.873408114236
-27919.923490717298,-27919.05109497744
-27919.923490717298,-27919.669069981275
-27919.923490717298,-27919.301015106408
-27919.923490717298,-27919.749300109797
-27919.923490717298,-27919.343120790498
-27919.923490717298,-27919.77546992691
-27919.923490717298,-27919.404393342826
-27919.923490717298,-27919.226352126112
-27919.923490717298,-27919.95596666393
-27919.95596666393,-27919.305320533014
-27919.95596666393,-27919.38792640178
-27919.95596666393,-27919.710249458836
-27919.95596666393,-27919.121362730202
-27919.95596666393,-27920.07613400113
-27920.07613400113,-27919.800596484347
-27920.07613400113,-27919.710278133276
-27920.07613400113,-27919.782965776547
-27920.07613400113,-27919.637264941543
-27920.07613400113,-27919.477139227984
-27920.07613400113,-27919.55870799059
-27920.07613400113,-27919.51449386747
-27920.07613400113,-27919.245837551774
-27920.07613400113,-27920.03987201348
-27920.07613400113,-27919.839863611283
-27920.07613400113,-27919.886693767785
-27920.07613400113,-27919.52671941211
-27920.07613400113,-27919.374577435145
-27920.07613400113,-27919.3868559283
-27920.07613400113,-27919.69665900906
-27920.07613400113,-27919.68971949396
-27920.07613400113,-27919.231186592555
-27920.07613400113,-27919.360037801216
-27920.07613400113,-27919.919752323127
-27920.07613400113,-27919.28813457901
-27920.07613400113,-27919.875053617467
-27920.07613400113,-27919.97720012884
-27920.07613400113,-27919.91650160235
-27920.07613400113,-27919.52609494258
-27920.07613400113,-27919.103099711952
-27920.07613400113,-27919.13029926725
-27920.07613400113,-27919.157714101515
-27920.07613400113,-27919.65472682731
-27920.07613400113,-27919.572212353298
-27920.07613400113,-27919.640513827988
-27920.07613400113,-27919.793070181608
-27920.07613400113,-27920.049867978916
-27920.049867978916,-27919.064455826745
-27920.049867978916,-27919.623523808237
-27920.049867978916,-27919.90623718067
-27919.90623718067,-27919.52944441519
-27919.90623718067,-27919.141716475417
-27919.90623718067,-27919.31420623479
-27919.90623718067,-27919.94792021697
-27919.94792021697,-27919.458589791568
-27919.94792021697,-27919.762463551997
-27919.94792021697,-27919.21708201811
-27919.94792021697,-27919.185299932782
-27919.94792021697,-27919.391118902466
-27919.94792021697,-27919.68520170109
-27919.94792021697,-27919.99529886774
-27919.99529886774,-27919.62607159214
-27919.99529886774,-27920.286369150737
-27920.286369150737,-27919.696961006928
-27920.286369150737,-27920.344206705253
-27920.344206705253,-27919.782801818692
-27920.344206705253,-27919.920508645355
-27920.344206705253,-27919.62545667513
-27920.344206705253,-27919.63259373766
-27920.344206705253,-27919.216265869156
-27920.344206705253,-27919.712238237633
-27920.344206705253,-27920.1976844154
-27920.344206705253,-27919.99642315711
-27920.344206705253,-27919.99140828228
-27920.344206705253,-27920.07319519347
-27920.344206705253,-27919.98179514681
-27920.344206705253,-27919.803796932563
-27920.344206705253,-27919.79434148618
-27920.344206705253,-27919.29167384814
-27920.344206705253,-27919.844155417806
-27920.344206705253,-27919.417555796765
-27920.344206705253,-27919.920508645355
-27920.344206705253,-27920.31620269925
-27920.31620269925,-27919.417646332662
-27920.31620269925,-27919.248981720473
-27920.31620269925,-27920.56018359839
-27920.56018359839,-27920.25159341454
-27920.56018359839,-27920.08121340654
-27920.56018359839,-27919.52848162255
-27920.56018359839,-27919.993552952645
-27920.56018359839,-27919.54908276786
-27920.56018359839,-27920.258168975557
-27920.56018359839,-27920.334895996126
-27920.56018359839,-27919.999512115188
-27920.56018359839,-27919.7385727161
-27920.56018359839,-27920.36370366255
-27920.56018359839,-27919.897597027848
-27920.56018359839,-27920.80879149583
-27920.80879149583,-27920.527852281295
-27920.80879149583,-27919.83141258887
-27920.80879149583,-27920.576340819076
-27920.80879149583,-27919.947560540808
-27920.80879149583,-27920.57282413045
-27920.80879149583,-27919.909908385096
-27920.80879149583,-27920.4751514843
-27920.80879149583,-27920.370210817695
-27920.80879149583,-27920.95095368332
-27920.95095368332,-27920.563975269655
-27920.95095368332,-27920.726347141233
-27920.95095368332,-27920.131242627198
-27920.95095368332,-27920.25071551371
-27920.95095368332,-27920.0274025776
-27920.95095368332,-27920.190748965346
-27920.95095368332,-27920.80369543497
-27920.80369543497,-27919.73735740978
-27920.80369543497,-27920.084373468457
-27920.80369543497,-27920.115108226782
-27920.80369543497,-27920.659121109766
-27920.80369543497,-27920.807963708405
-27920.807963708405,-27920.736537057746
-27920.807963708405,-27920.440643947502
-27920.807963708405,-27920.16174370982
-27920.807963708405,-27919.985581440273
-27920.807963708405,-27920.396819555794
-27920.807963708405,-27920.041489696676
-27920.807963708405,-27920.515390460994
-27920.807963708405,-27920.046693805372
-27920.807963708405,-27920.68490679501
-27920.807963708405,-27920.49570118536
-27920.807963708405,-27920.694008098308
-27920.807963708405,-27920.112195982263
-27920.807963708405,-27920.66269864398
-27920.807963708405,-27919.867234681078
-27920.807963708405,-27920.655519179247
-27920.807963708405,-27920.497643134793
-27920.807963708405,-27919.623097947857
-27920.807963708405,-27920.56084973533
-27920.807963708405,-27920.631384475982
-27920.807963708405,-27919.99388004822
-27920.807963708405,-27920.730604117183
-27920.730604117183,-27920.31862807738
-27920.730604117183,-27920.548883572035
-27920.730604117183,-27919.798826903843
-27920.730604117183,-27920.460747723093
-27920.730604117183,-27919.97148467137
-27920.730604117183,-27920.308343162375
-27920.730604117183,-27920.461441215226
-27920.730604117183,-27920.165615819085
-27920.730604117183,-27919.519954552
-27920.730604117183,-27920.450713809954
-27920.730604117183,-27919.722430795628
-27920.730604117183,-27920.058458670574
-27920.730604117183,-27919.75086993791
-27920.730604117183,-27919.48639818001
-27920.730604117183,-27920.66279866654
-27920.730604117183,-27919.832674198875
-27920.730604117183,-27919.79118278861
-27920.730604117183,-27920.471856369215
-27920.730604117183,-27920.150459388
-27920.730604117183,-27920.086615714634
-27920.730604117183,-27920.56180232871
-27920.730604117183,-27920.493945138067
-27920.730604117183,-27919.926648406126
-27920.730604117183,-27920.647067983013
-27920.730604117183,-27920.726371257784
-27920.726371257784,-27919.82664588177
-27920.726371257784,-27919.729632516213
-27920.726371257784,-27920.20456034241
-27920.726371257784,-27919.882568811474
-27920.726371257784,-27920.48855553708
-27920.726371257784,-27919.639659877892
-27920.726371257784,-27919.941883900363
-27920.726371257784,-27920.40145806835
-27920.726371257784,-27920.36384744709
-27920.726371257784,-27920.00905397982
-27920.726371257784,-27919.719538795503
-27920.726371257784,-27919.906660620927
-27920.726371257784,-27920.148269443976
-27920.726371257784,-27920.395233420608
-27920.726371257784,-27920.43896121455
-27920.726371257784,-27920.658271897228
-27920.658271897228,-27920.074759705614
-27920.658271897228,-27919.93659398865
-27920.658271897228,-27920.553841844787
-27920.553841844787,-27920.54716448598
-27920.54716448598,-27919.58395435411
-27920.54716448598,-27920.126137802163
-27920.54716448598,-27919.397406012504
-27920.54716448598,-27919.948251621394
-27920.54716448598,-27919.607419510034
-27920.54716448598,-27920.391504152103
-27920.54716448598,-27919.734339694296
-27920.54716448598,-27920.212836167964
-27920.54716448598,-27920.553080479243
-27920.553080479243,-27920.50027546849
-27920.50027546849,-27919.573510249276
-27920.50027546849,-27919.558078744838
-27920.50027546849,-27920.001129649863
-27920.50027546849,-27919.56180184109
-27920.50027546849,-27920.170390393912
-27920.50027546849,-27920.034575335452
-27920.50027546849,-27919.46401944693
-27920.50027546849,-27919.62101093469
-27920.50027546849,-27920.238937175396
-27920.50027546849,-27920.333050987596
-27920.50027546849,-27919.72340328422
-27920.50027546849,-27920.305817735574
-27920.50027546849,-27920.254303255562
-27920.50027546849,-27919.343294181417
-27920.50027546849,-27919.65640959596
-27920.50027546849,-27919.95396574847
-27920.50027546849,-27920.35434445388
-27920.50027546849,-27919.88208371056
-27920.50027546849,-27919.578535599398
-27920.50027546849,-27919.671882552146
-27920.50027546849,-27920.423726885114
-27920.50027546849,-27920.113032938818
-27920.50027546849,-27919.50104047978
-27920.50027546849,-27920.311515703965
-27920.50027546849,-27920.181703378694
-27920.50027546849,-27919.828205806974
-27920.50027546849,-27919.75935642028
-27920.50027546849,-27920.291008946326
-27920.50027546849,-27919.794192141773
-27920.50027546849,-27919.949495053417
-27920.50027546849,-27919.399647376427
-27920.50027546849,-27919.769338473663
-27920.50027546849,-27919.804407581825
-27920.50027546849,-27919.46401944693
-27920.50027546849,-27919.54593651123
-27920.50027546849,-27919.998146382
-27920.50027546849,-27919.409098384527
-27920.50027546849,-27920.169442671886
-27920.50027546849,-27919.887671142376
-27920.50027546849,-27920.263347753862
-27920.50027546849,-27920.261688980132
-27920.50027546849,-27920.41187192193
-27920.50027546849,-27920.386845056008
-27920.50027546849,-27919.769338473663
-27920.50027546849,-27919.68317005583
-27920.50027546849,-27920.290700747937
-27920.50027546849,-27920.000708429994
-27920.50027546849,-27920.183850012978
-27920.50027546849,-27920.358939266247
-27920.50027546849,-27919.899831193816
-27920.50027546849,-27920.48587417497
-27920.50027546849,-27920.385383903806
-27920.50027546849,-27919.94221332283
-27920.50027546849,-27919.589459139854
-27920.50027546849,-27919.923961929326
-27920.50027546849,-27920.11747069238
-27920.50027546849,-27920.20138181832
-27920.50027546849,-27919.704410368835
-27920.50027546849,-27920.085043991083
-27920.50027546849,-27920.18207206103
-27920.50027546849,-27920.029370249747
-27920.50027546849,-27919.986898490202
-27920.50027546849,-27919.600959814205
-27920.50027546849,-27919.704410368835
-27920.50027546849,-27919.953074726545
-27920.50027546849,-27919.823826412172
-27920.50027546849,-27920.0841565011
-27920.50027546849,-27919.64727454487
-27920.50027546849,-27920.181686992022
-27920.50027546849,-27920.13048165672
-27920.50027546849,-27920.07749775603
-27920.50027546849,-27919.999462358403
-27920.50027546849,-27920.174244705875
-27920.50027546849,-27920.170394448236
-27920.50027546849,-27920.064554217857
-27920.50027546849,-27920.55023384348
-27920.55023384348,-27919.876451389428
-27920.55023384348,-27919.68320231861
-27920.55023384348,-27919.99549441557
-27920.55023384348,-27920.26482561835
-27920.55023384348,-27920.21896111383
-27920.55023384348,-27919.383254682245
-27920.55023384348,-27920.1633862446
-27920.55023384348,-27920.57329751544
-27920.57329751544,-27919.58299190792
-27920.57329751544,-27919.960822479203
-27920.57329751544,-27919.78874946141
-27920.57329751544,-27920.092429288507
-27920.57329751544,-27919.851272103435
-27920.57329751544,-27920.214220688445
-27920.57329751544,-27919.65962137724
-27920.57329751544,-27920.569799311594
-27920.569799311594,-27920.292376489106
-27920.569799311594,-27920.1075735368
-27920.569799311594,-27919.926738585287
-27920.569799311594,-27919.99933451687
-27920.569799311594,-27920.038523452753
-27920.569799311594,-27919.61596996156
-27920.569799311594,-27919.866326393985
-27920.569799311594,-27920.304961219754
-27920.569799311594,-27920.357048340098
-27920.569799311594,-27919.852959846965
-27920.569799311594,-27919.70328820086
-27920.569799311594,-27920.758159090336
-27920.758159090336,-27919.918708180074
-27920.758159090336,-27919.81591414118
-27920.758159090336,-27919.976771684447
-27920.758159090336,-27920.804509876143
-27920.804509876143,-27919.823716396302
-27920.804509876143,-27920.27015317439
-27920.804509876143,-27920.09093277037
-27920.804509876143,-27920.402632093566
-27920.804509876143,-27920.35551826288
-27920.804509876143,-27920.580025517236
-27920.804509876143,-27920.575507002668
-27920.804509876143,-27919.786788293462
-27920.804509876143,-27920.486418537726
-27920.804509876143,-27920.35266089275
-27920.804509876143,-27920.677639530204
-27920.804509876143,-27920.89443765236
-27920.89443765236,-27920.150573270996
-27920.89443765236,-27920.04759491903
-27920.89443765236,-27920.52130911127
-27920.89443765236,-27920.67592016332
-27920.89443765236,-27920.150083410994
-27920.89443765236,-27920.70337440371
-27920.89443765236,-27920.55966998131
-27920.89443765236,-27920.253665094024
-27920.89443765236,-27919.693734556902
-27920.89443765236,-27920.660434452133
-27920.89443765236,-27920.4714273921
-27920.89443765236,-27920.38871882969
-27920.89443765236,-27920.626545393185
-27920.89443765236,-27920.423178007986
-27920.89443765236,-27920.011277842554
-27920.89443765236,-27920.345129556215
-27920.89443765236,-27920.367139840502
-27920.89443765236,-27920.323042792224
-27920.89443765236,-27920.43441777662
-27920.89443765236,-27920.901676211994
-27920.901676211994,-27920.86791520069
-27920.86791520069,-27920.13767331091
-27920.86791520069,-27920.638016873752
-27920.86791520069,-27920.098423793243
-27920.86791520069,-27920.356682638714
-27920.86791520069,-27920.528846114645
-27920.86791520069,-27920.459141511616
-27920.86791520069,-27919.982976920997
-27920.86791520069,-27920.503339642946
-27920.86791520069,-27921.048549171603
-27921.048549171603,-27920.327732945287
-27921.048549171603,-27920.641150543448
-27921.048549171603,-27920.932056767622
-27921.048549171603,-27919.918406290195
-27921.048549171603,-27921.079172087284
-27921.079172087284,-27920.990923488782
-27921.079172087284,-27920.326744167905
-27921.079172087284,-27920.908866246173
-27921.079172087284,-27921.140789831537
-27921.140789831537,-27920.652635458606
-27921.140789831537,-27920.956909476467
-27921.140789831537,-27920.65820123252
-27921.140789831537,-27921.008931710905
-27921.140789831537,-27921.546130702365
-27921.546130702365,-27921.345291558653
-27921.546130702365,-27921.803448754974
-27921.803448754974,-27921.059641616106
-27921.803448754974,-27921.47395544018
-27921.803448754974,-27920.877682827053
-27921.803448754974,-27920.838361921513
-27921.803448754974,-27921.118309054837
-27921.803448754974,-27921.382499254843
-27921.803448754974,-27920.80290518507
-27921.803448754974,-27921.294170152272
-27921.803448754974,-27921.945082045793
-27921.945082045793,-27921.89861201589
-27921.89861201589,-27921.89861201589
-27921.89861201589,-27921.217339887553
-27921.89861201589,-27921.668703264404
-27921.668703264404,-27921.335207987653
-27921.668703264404,-27920.930812118895
-27921.668703264404,-27920.736989473688
-27921.668703264404,-27920.90526125748
-27921.668703264404,-27920.782893735945
-27921.668703264404,-27921.090232407845
-27921.668703264404,-27921.3560791091
-27921.668703264404,-27920.92846704807
-27921.668703264404,-27921.492432104882
-27921.668703264404,-27921.066234976905
-27921.668703264404,-27921.172056013824
-27921.668703264404,-27921.228212632304
-27921.668703264404,-27921.16841531492
-27921.668703264404,-27921.622919009413
-27921.668703264404,-27920.99965768711
-27921.668703264404,-27920.686428907782
-27921.668703264404,-27921.611938339134
-27921.611938339134,-27920.789092292114
-27921.611938339134,-27920.9384631962
-27921.611938339134,-27921.483918949383
-27921.611938339134,-27921.148474668673
-27921.611938339134,-27921.284588976534
-27921.611938339134,-27921.62229177826
-27921.62229177826,-27921.310789463976
-27921.62229177826,-27921.5067161053
-27921.62229177826,-27921.23733715831
-27921.62229177826,-27920.848004753796
-27921.62229177826,-27921.59159030146
-27921.62229177826,-27920.564018984584
-27921.62229177826,-27921.570981376088
-27921.62229177826,-27921.667870881633
-27921.667870881633,-27920.911082852916
-27921.667870881633,-27921.4912843953
-27921.667870881633,-27921.429329436647
-27921.667870881633,-27920.72637397
-27921.667870881633,-27921.442653620114
-27921.667870881633,-27921.844971494887
-27921.844971494887,-27921.844971494887
-27921.844971494887,-27921.90969038602
-27921.90969038602,-27921.50685279073
-27921.90969038602,-27921.782058819503
-27921.90969038602,-27920.882367016806
-27921.90969038602,-27921.308106694254
-27921.90969038602,-27921.741389523566
-27921.90969038602,-27921.66673620564
-27921.90969038602,-27921.69043887601
-27921.90969038602,-27921.703653711196
-27921.90969038602,-27921.014167122434
-27921.90969038602,-27921.26888109869
-27921.90969038602,-27920.999054057327
-27921.90969038602,-27921.329679874263
-27921.90969038602,-27921.65724273399
-27921.90969038602,-27921.10540479856
-27921.90969038602,-27921.93531345247
-27921.93531345247,-27920.94177909683
-27921.93531345247,-27922.019983541635
-27922.019983541635,-27921.132518307943
-27922.019983541635,-27921.24001523087
-27922.019983541635,-27922.042108507147
-27922.042108507147,-27921.4251772456
-27922.042108507147,-27921.41603710757
-27922.042108507147,-27921.609487000314
-27922.042108507147,-27921.80946562911
-27922.042108507147,-27921.959998508017
-27922.042108507147,-27921.703054416117
-27922.042108507147,-27921.154444772365
-27922.042108507147,-27921.086929273646
-27922.042108507147,-27921.227259143805
-27922.042108507147,-27921.052411319535
-27922.042108507147,-27921.844550693055
-27922.042108507147,-27921.64023675521
-27922.042108507147,-27921.484554343042
-27922.042108507147,-27921.93194889708
-27922.042108507147,-27921.151112134317
-27922.042108507147,-27921.274074681212
-27922.042108507147,-27921.199006937648
-27922.042108507147,-27921.659692538167
-27922.042108507147,-27922.12734319175
-27922.12734319175,-27920.90216723555
-27922.12734319175,-27921.786117580694
-27922.12734319175,-27921.88470444793
-27922.12734319175,-27921.06547007117
-27922.12734319175,-27921.438099754134
-27922.12734319175,-27922.092809753158
-27922.12734319175,-27921.307846653617
-27922.12734319175,-27921.56793383062
-27922.12734319175,-27922.222750716413
-27922.222750716413,-27921.437710297192
-27922.222750716413,-27922.039932121843
-27922.222750716413,-27921.982583414512
-27922.222750716413,-27921.428415616065
-27922.222750716413,-27921.8705086899
-27922.222750716413,-27921.271945967383
-27922.222750716413,-27921.265920707396
-27922.222750716413,-27921.84419332239
-27922.222750716413,-27921.98289846234
-27922.222750716413,-27921.873330686765
-27922.222750716413,-27922.667490236847
-27922.667490236847,-27922.441953328645
-27922.667490236847,-27922.28467043971
-27922.667490236847,-27921.693089612345
-27922.667490236847,-27922.74094210015
-27922.74094210015,-27921.795884396517
-27922.74094210015,-27921.588965561154
-27922.74094210015,-27922.545031662376
-27922.74094210015,-27921.269389867382
-27922.74094210015,-27921.963199061876
-27922.74094210015,-27922.210372725564
-27922.74094210015,-27922.051400343502
-27922.74094210015,-27921.933516571546
-27922.74094210015,-27922.491304523002
-27922.74094210015,-27922.836159159713
-27922.836159159713,-27922.836159159713
-27922.836159159713,-27922.739264684893
-27922.836159159713,-27922.74926279613
-27922.836159159713,-27922.65677976071
-27922.836159159713,-27921.583894054726
-27922.836159159713,-27921.844064838755
-27922.836159159713,-27921.831331643483
-27922.836159159713,-27921.89372531652
-27922.836159159713,-27921.663039491592
-27922.836159159713,-27921.9808928071
-27922.836159159713,-27922.569397080806
-27922.836159159713,-27922.50363455047
-27922.836159159713,-27921.719122941075
-27922.836159159713,-27921.786049853097
-27922.836159159713,-27922.72286611048
-27922.836159159713,-27922.37577617078
-27922.836159159713,-27922.327762003893
-27922.836159159713,-27922.453357661478
-27922.836159159713,-27922.67992691784
-27922.836159159713,-27921.778390910073
-27922.836159159713,-27921.735010244563
-27922.836159159713,-27922.601041558468
-27922.836159159713,-27922.503461085882
-27922.836159159713,-27922.062178745266
-27922.836159159713,-27921.85225147792
-27922.836159159713,-27922.47071311336
-27922.836159159713,-27921.986540287926
-27922.836159159713,-27922.413048120776
-27922.836159159713,-27922.072905011057
-27922.836159159713,-27921.969311880974
-27922.836159159713,-27921.746163515687
-27922.836159159713,-27922.73926468489
-27922.836159159713,-27921.52262840371
-27922.836159159713,-27922.47358141951
-27922.836159159713,-27921.8700340333
-27922.836159159713,-27922.853240210537
-27922.853240210537,-27921.773439145116
-27922.853240210537,-27922.40481857518
-27922.853240210537,-27922.609273803148
-27922.853240210537,-27922.191986869366
-27922.853240210537,-27922.729169507722
-27922.729169507722,-27921.776310168185
-27922.729169507722,-27922.34915171573
-27922.729169507722,-27921.878758379706
-27922.729169507722,-27921.540246994246
-27922.729169507722,-27922.699980012945
-27922.699980012945,-27921.756305026094
-27922.699980012945,-27921.629513139655
-27922.699980012945,-27921.689113973727
-27922.699980012945,-27922.627097927514
-27922.627097927514,-27921.71517954161
-27922.627097927514,-27922.00521156304
-27922.627097927514,-27921.745787953925
-27922.627097927514,-27922.236247685192
-27922.627097927514,-27921.86152825891
-27922.627097927514,-27922.336495520653
-27922.627097927514,-27921.82315704209
-27922.627097927514,-27922.00220380751
-27922.627097927514,-27921.73232614389
-27922.627097927514,-27922.291420867827
-27922.627097927514,-27921.64207015909
-27922.627097927514,-27921.88009440494
-27922.627097927514,-27922.581666788556
-27922.581666788556,-27921.957361005192
-27922.581666788556,-27921.654062519017
-27922.581666788556,-27922.142731944823
-27922.581666788556,-27921.74434824221
-27922.581666788556,-27922.386352005382
-27922.581666788556,-27922.01611468562
-27922.581666788556,-27922.46406165734
-27922.581666788556,-27921.588259055185
-27922.581666788556,-27921.51971386273
-27922.581666788556,-27922.01346327633
-27922.581666788556,-27922.17151976651
-27922.581666788556,-27921.707551833006
-27922.581666788556,-27922.224439548412
-27922.581666788556,-27922.18289738321
-27922.581666788556,-27921.68377615995
-27922.581666788556,-27922.375159226423
-27922.581666788556,-27922.585261753527
-27922.585261753527,-27921.510235209313
-27922.585261753527,-27921.70325571194
-27922.585261753527,-27921.586007858492
-27922.585261753527,-27921.887276814068
-27922.585261753527,-27922.167614647984
-27922.585261753527,-27921.599892445967
-27922.585261753527,-27921.768553160342
-27922.585261753527,-27922.42293836947
-27922.42293836947,-27922.42293836947
-27922.42293836947,-27921.610106668235
-27922.42293836947,-27921.48803696476
-27922.42293836947,-27921.982735562207
-27922.42293836947,-27921.3740003668
-27922.42293836947,-27922.300635377353
-27922.42293836947,-27922.24248782865
-27922.42293836947,-27922.078692310963
-27922.42293836947,-27922.24248782865
-27922.42293836947,-27922.59299251887
-27922.59299251887,-27922.516964262526
-27922.516964262526,-27922.666890408083
-27922.666890408083,-27921.594281796763
-27922.666890408083,-27921.719851967966
-27922.666890408083,-27921.981801527934
-27922.666890408083,-27921.64053898934
-27922.666890408083,-27921.819341628277
-27922.666890408083,-27921.904930422123
-27922.666890408083,-27922.52483825011
-27922.666890408083,-27921.75196725596
-27922.666890408083,-27921.368499789176
-27922.666890408083,-27922.657057672357
-27922.657057672357,-27922.71885032733
-27922.71885032733,-27921.90646313333
-27922.71885032733,-27921.772903619403
-27922.71885032733,-27922.318108685304
-27922.71885032733,-27921.759029290297
-27922.71885032733,-27921.638531565142
-27922.71885032733,-27921.63986422001
-27922.71885032733,-27922.69782474091
-27922.69782474091,-27921.851272410906
-27922.69782474091,-27921.554809462752
-27922.69782474091,-27921.344509519302
-27922.69782474091,-27922.619116915877
-27922.69782474091,-27922.575242852814
-27922.69782474091,-27921.92060318431
-27922.69782474091,-27922.211026661884
-27922.69782474091,-27922.619116915877
-27922.69782474091,-27921.864413104864
-27922.69782474091,-27922.152819426592
-27922.69782474091,-27921.791248876074
-27922.69782474091,-27921.4634459128
-27922.69782474091,-27922.43690071594
-27922.69782474091,-27921.82291772648
-27922.69782474091,-27922.282003550565
-27922.69782474091,-27921.703592858317
-27922.69782474091,-27922.13804746531
-27922.69782474091,-27922.702561390972
-27922.702561390972,-27921.587273482935
-27922.702561390972,-27922.332259975745
-27922.702561390972,-27921.996140261097
-27922.702561390972,-27921.701750152013
-27922.702561390972,-27922.04054929881
-27922.702561390972,-27922.38808050212
-27922.702561390972,-27921.781889721984
-27922.702561390972,-27921.574449262487
-27922.702561390972,-27922.258021578804
-27922.702561390972,-27922.477722319993
-27922.702561390972,-27921.586875969362
-27922.702561390972,-27922.34551028603
-27922.702561390972,-27922.622036998797
-27922.702561390972,-27921.411304040343
-27922.702561390972,-27922.589414061207
-27922.702561390972,-27921.412003857306
-27922.702561390972,-27922.418992890085
-27922.702561390972,-27921.676900417224
-27922.702561390972,-27921.863259770314
-27922.702561390972,-27921.676900417224
-27922.702561390972,-27921.842248583074
-27922.702561390972,-27921.819913523846
-27922.702561390972,-27922.611368767764
-27922.611368767764,-27922.33406348036
-27922.611368767764,-27922.375706505572
-27922.611368767764,-27922.242366055474
-27922.611368767764,-27921.624322790853
-27922.611368767764,-27921.751137819214
-27922.611368767764,-27921.647433343514
-27922.611368767764,-27922.343907435512
-27922.611368767764,-27922.763824110258
-27922.763824110258,-27921.63600316119
-27922.763824110258,-27921.66136398562
-27922.763824110258,-27922.387637179483
-27922.763824110258,-27922.482112633068
-27922.763824110258,-27921.416702364724
-27922.763824110258,-27922.525519051902
-27922.763824110258,-27921.555276218194
-27922.763824110258,-27922.731846413655
-27922.763824110258,-27921.665976048156
-27922.763824110258,-27922.58061271291
-27922.763824110258,-27921.77825647785
-27922.763824110258,-27921.89678103076
-27922.763824110258,-27922.121295612927
-27922.763824110258,-27921.59742920282
-27922.763824110258,-27922.508063791323
-27922.508063791323,-27922.264560622614
-27922.508063791323,-27921.437054020167
-27922.508063791323,-27922.222588051336
-27922.508063791323,-27921.48297043948
-27922.508063791323,-27921.221389027418
-27922.508063791323,-27921.357269833927
-27922.508063791323,-27921.617984690205
-27922.508063791323,-27921.04219375163
-27922.508063791323,-27922.06636752316
-27922.508063791323,-27922.457140372055
-27922.508063791323,-27921.237599654174
-27922.508063791323,-27922.232576494684
-27922.508063791323,-27921.467596961385
-27922.508063791323,-27922.02769937181
-27922.508063791323,-27922.231341512444
-27922.508063791323,-27921.640798687804
-27922.508063791323,-27922.229586531867
-27922.508063791323,-27922.099852392836
-27922.508063791323,-27922.35546764732
-27922.508063791323,-27922.352037546203
-27922.508063791323,-27921.552913088835
-27922.508063791323,-27921.88408061763
-27922.508063791323,-27921.864870791323
-27922.508063791323,-27921.808563365703
-27922.508063791323,-27922.701562689377
-27922.701562689377,-27921.631467133404
-27922.701562689377,-27921.899383470616
-27922.701562689377,-27922.35487336405
-27922.701562689377,-27921.89626414627
-27922.701562689377,-27922.420132570376
-27922.701562689377,-27921.91875287769
-27922.701562689377,-27922.723430040132
-27922.723430040132,-27922.26530054085
-27922.723430040132,-27921.802725086178
-27922.723430040132,-27922.57313663024
-27922.723430040132,-27921.918156978987
-27922.723430040132,-27922.032452864474
-27922.723430040132,-27921.56805779742
-27922.723430040132,-27921.70438393395
-27922.723430040132,-27921.788024352303
-27922.723430040132,-27922.70319898679
-27922.70319898679,-27921.753537543667
-27922.70319898679,-27922.54811332278
-27922.70319898679,-27921.744002548025
-27922.70319898679,-27921.550976686874
-27922.70319898679,-27922.021407608125
-27922.70319898679,-27922.404577496894
-27922.70319898679,-27922.268803534655
-27922.70319898679,-27922.078769538988
-27922.70319898679,-27921.275184291713
-27922.70319898679,-27922.263548708077
-27922.70319898679,-27922.683978879686
-27922.683978879686,-27922.320719594736
-27922.683978879686,-27922.487824551084
-27922.683978879686,-27921.54336030197
-27922.683978879686,-27921.859200580915
-27922.683978879686,-27921.9446195094
-27922.683978879686,-27921.643947767134
-27922.683978879686,-27921.849384852834
-27922.683978879686,-27921.56585168373
-27922.683978879686,-27922.453562406274
-27922.683978879686,-27921.826377954014
-27922.683978879686,-27921.704457430667
-27922.683978879686,-27921.898833255626
-27922.683978879686,-27921.87207952807
-27922.683978879686,-27921.583162952065
-27922.683978879686,-27921.87095010589
-27922.683978879686,-27921.92396012354
-27922.683978879686,-27921.947046219204
-27922.683978879686,-27921.597336172756
-27922.683978879686,-27921.68716299364
-27922.683978879686,-27922.108930469793
-27922.683978879686,-27922.391860734308
-27922.683978879686,-27922.52685571297
-27922.683978879686,-27922.489938699746
-27922.683978879686,-27921.53864484264
-27922.683978879686,-27922.496082348905
-27922.683978879686,-27922.324625004898
-27922.683978879686,-27921.61651099131
-27922.683978879686,-27921.628794701857
-27922.683978879686,-27922.429257989403
-27922.683978879686,-27921.688952078275
-27922.683978879686,-27921.899847591074
-27922.683978879686,-27922.205166377622
-27922.683978879686,-27921.23791436411
-27922.683978879686,-27922.594235143286
-27922.683978879686,-27921.909650052952
-27922.683978879686,-27922.256544219566
-27922.683978879686,-27921.76346858804
-27922.683978879686,-27921.847501050226
-27922.683978879686,-27921.30360845231
-27922.683978879686,-27922.279796500014
-27922.683978879686,-27921.53347936484
-27922.683978879686,-27922.06083828793
-27922.683978879686,-27922.392188320533
-27922.683978879686,-27921.861049295236
-27922.683978879686,-27921.57943377248
-27922.683978879686,-27922.40397604419
-27922.683978879686,-27921.627546136962
-27922.683978879686,-27921.92138161936
-27922.683978879686,-27922.081695869307
-27922.683978879686,-27921.33012002842
-27922.683978879686,-27922.521470575677
-27922.683978879686,-27922.44481151539
-27922.683978879686,-27922.31487940006
-27922.683978879686,-27921.867078669795
-27922.683978879686,-27921.53116038369
-27922.683978879686,-27921.67810725658
-27922.683978879686,-27922.25892608445
-27922.683978879686,-27921.74325311312
-27922.683978879686,-27921.764929419984
-27922.683978879686,-27922.440976505637
-27922.683978879686,-27921.903778874683
-27922.683978879686,-27922.62137928589
-27922.683978879686,-27922.298474727853
-27922.683978879686,-27922.34024471388
-27922.683978879686,-27921.861060910065
-27922.683978879686,-27921.996963859587
-27922.683978879686,-27922.33348352511
-27922.683978879686,-27922.394644168282
-27922.683978879686,-27921.56782529167
-27922.683978879686,-27921.82179408282
-27922.683978879686,-27922.386600213482
-27922.683978879686,-27922.47430389537
-27922.683978879686,-27922.72973407539
-27922.72973407539,-27921.588343857824
-27922.72973407539,-27922.02160167137
-27922.72973407539,-27921.73669974549
-27922.72973407539,-27921.714859935564
-27922.72973407539,-27922.322613606484
-27922.72973407539,-27921.442434209108
-27922.72973407539,-27921.8927218803
-27922.72973407539,-27921.757875327075
-27922.72973407539,-27922.05457338031
-27922.72973407539,-27921.608926093202
-27922.72973407539,-27921.66249010845
-27922.72973407539,-27922.346083196288
-27922.72973407539,-27922.488773522724
-27922.72973407539,-27921.847582651662
-27922.72973407539,-27922.41876303585
-27922.72973407539,-27921.962928972527
-27922.72973407539,-27921.607098338154
-27922.72973407539,-27922.32962440057
-27922.72973407539,-27921.819005694102
-27922.72973407539,-27922.402034255752
-27922.72973407539,-27921.818030818067
-27922.72973407539,-27921.84787324996
-27922.72973407539,-27922.32962440057
-27922.72973407539,-27922.080873286766
-27922.72973407539,-27921.58343599776
-27922.72973407539,-27921.64697972533
-27922.72973407539,-27921.592322363416
-27922.72973407539,-27922.35784947726
-27922.72973407539,-27922.551389754422
-27922.72973407539,-27921.855555671522
-27922.72973407539,-27921.680300201988
-27922.72973407539,-27921.55608322534
-27922.72973407539,-27921.982731786964
-27922.72973407539,-27921.876254077524
-27922.72973407539,-27921.73669974549
-27922.72973407539,-27922.653750781632
-27922.653750781632,-27922.33184558118
-27922.653750781632,-27922.519101307655
-27922.653750781632,-27921.364629195094
-27922.653750781632,-27922.76483279196
-27922.76483279196,-27922.36167545177
-27922.76483279196,-27921.488872692462
-27922.76483279196,-27921.729383281006
-27922.76483279196,-27921.810894221126
-27922.76483279196,-27922.557217347457
-27922.76483279196,-27921.848561671242
-27922.76483279196,-27921.684197593608
-27922.76483279196,-27921.85594083801
-27922.76483279196,-27921.85031493124
-27922.76483279196,-27921.633493761914
-27922.76483279196,-27922.583615103493
-27922.76483279196,-27921.919329926837
-27922.76483279196,-27922.720703447892
-27922.76483279196,-27922.472817639347
-27922.76483279196,-27922.8639034827
-27922.8639034827,-27922.036301415927
-27922.8639034827,-27922.621288838305
-27922.8639034827,-27922.107779081987
-27922.8639034827,-27921.990703839525
-27922.8639034827,-27921.8236124082
-27922.8639034827,-27922.14555510114
-27922.8639034827,-27922.741015888743
-27922.8639034827,-27921.765838167197
-27922.8639034827,-27921.9602911914
-27922.8639034827,-27922.775045289698
-27922.8639034827,-27922.780545407793
-27922.8639034827,-27922.20137268472
-27922.8639034827,-27922.069801624057
-27922.8639034827,-27922.772188058236
-27922.8639034827,-27922.97131073136
-27922.97131073136,-27922.70080705019
-27922.97131073136,-27922.023383094787
-27922.97131073136,-27922.204220251373
-27922.97131073136,-27922.654804193815
-27922.97131073136,-27921.88402888914
-27922.97131073136,-27921.958176146185
-27922.97131073136,-27921.851740177397
-27922.97131073136,-27921.697297531908
-27922.97131073136,-27922.230586599864
-27922.97131073136,-27922.657773890685
-27922.97131073136,-27922.584299044232
-27922.97131073136,-27921.665110218113
-27922.97131073136,-27921.927480913422
-27922.97131073136,-27922.80339074412
-27922.97131073136,-27922.343667770845
-27922.97131073136,-27921.858990601526
-27922.97131073136,-27922.18004688885
-27922.97131073136,-27921.841623203203
-27922.97131073136,-27922.675611934857
-27922.97131073136,-27922.25565388142
-27922.97131073136,-27922.09422991131
-27922.97131073136,-27922.534237472773
-27922.97131073136,-27922.794653343535
-27922.97131073136,-27922.1455018283
-27922.97131073136,-27921.70474055072
-27922.97131073136,-27921.863561022263
-27922.97131073136,-27922.66718335502
-27922.97131073136,-27923.008755614796
-27923.008755614796,-27922.699727381292
-27923.008755614796,-27923.307297710802
-27923.307297710802,-27922.44725210995
-27923.307297710802,-27922.26697900893
-27923.307297710802,-27922.9385527222
-27923.307297710802,-27921.932291939676
-27923.307297710802,-27922.53927894012
-27923.307297710802,-27922.5269573305
-27923.307297710802,-27922.411048451257
-27923.307297710802,-27922.51922946781
-27923.307297710802,-27922.926509734905
-27923.307297710802,-27922.515630502276
-27923.307297710802,-27923.22058818912
-27923.307297710802,-27922.978557234706
-27923.307297710802,-27922.34417565446
-27923.307297710802,-27922.529849809747
-27923.307297710802,-27922.119512937403
-27923.307297710802,-27922.2994720391
-27923.307297710802,-27923.23033619459
-27923.23033619459,-27921.9057969383
-27923.23033619459,-27923.161400729445
-27923.161400729445,-27922.756487122577
-27923.161400729445,-27922.75997687747
-27923.161400729445,-27922.741900192887
-27923.161400729445,-27922.72978729402
-27923.161400729445,-27921.988621717806
-27923.161400729445,-27922.48738375906
-27923.161400729445,-27922.437345354643
-27923.161400729445,-27922.014444292327
-27923.161400729445,-27922.187458210625
-27923.161400729445,-27922.756487122577
-27923.161400729445,-27922.100026466032
-27923.161400729445,-27922.756636429058
-27923.161400729445,-27922.228099225948
-27923.161400729445,-27922.07628270585
-27923.161400729445,-27922.240359485495
-27923.161400729445,-27921.97950937147
-27923.161400729445,-27923.065301315
-27923.161400729445,-27921.960443070988
-27923.161400729445,-27922.126566964365
-27923.161400729445,-27922.73696982713
-27923.161400729445,-27922.844220110866
-27923.161400729445,-27922.756487122577
-27923.161400729445,-27922.875219745965
-27923.161400729445,-27922.323081753253
-27923.161400729445,-27922.699353485055
-27923.161400729445,-27922.28952041468
-27923.161400729445,-27922.745457860114
-27923.161400729445,-27922.923387491683
-27923.161400729445,-27922.101648248536
-27923.161400729445,-27923.134920737204
-27923.161400729445,-27922.07628270585
-27923.161400729445,-27921.7859691398
-27923.161400729445,-27922.199271953516
-27923.161400729445,-27922.238644821773
-27923.161400729445,-27922.09961966382
-27923.161400729445,-27922.086498259647
-27923.161400729445,-27922.794467838714
-27923.161400729445,-27922.366597257034
-27923.161400729445,-27922.42490047117
-27923.161400729445,-27922.75822669728
-27923.161400729445,-27922.076282705853
-27923.161400729445,-27922.150606517716
-27923.161400729445,-27922.02161702393
-27923.161400729445,-27922.4303917273
-27923.161400729445,-27921.98862171781
-27923.161400729445,-27922.455091246204
-27923.161400729445,-27922.03812992427
-27923.161400729445,-27922.7914416724
-27923.161400729445,-27922.868034947896
-27923.161400729445,-27922.90886035045
-27923.161400729445,-27922.111513288455
-27923.161400729445,-27921.852234720398
-27923.161400729445,-27922.28090167099
-27923.161400729445,-27922.807434594888
-27923.161400729445,-27922.571997778112
-27923.161400729445,-27922.47189520851
-27923.161400729445,-27923.165199246345
-27923.165199246345,-27922.808980549853
-27923.165199246345,-27922.383794949368
-27923.165199246345,-27921.783464773765
-27923.165199246345,-27922.06993337073
-27923.165199246345,-27923.2044344071
-27923.2044344071,-27922.112820479706
-27923.2044344071,-27923.18995352796
-27923.2044344071,-27922.022117714907
-27923.2044344071,-27922.187931386692
-27923.2044344071,-27922.167408003523
-27923.2044344071,-27922.307784807148
-27923.2044344071,-27922.133382148706
-27923.2044344071,-27923.199996193747
-27923.199996193747,-27922.077498991577
-27923.199996193747,-27922.369523210364
-27923.199996193747,-27922.75641220007
-27923.199996193747,-27923.126727325016
-27923.199996193747,-27923.014029533733
-27923.199996193747,-27922.08467232771
-27923.199996193747,-27922.402101212785
-27923.199996193747,-27922.654051699443
-27923.199996193747,-27922.371431630207
-27923.199996193747,-27922.24904189702
-27923.199996193747,-27921.95646224543
-27923.199996193747,-27922.3732337381
-27923.199996193747,-27922.958371550994
-27923.199996193747,-27922.45493365795
-27923.199996193747,-27922.104075703563
-27923.199996193747,-27922.23429355482
-27923.199996193747,-27921.95646224543
-27923.199996193747,-27922.818292142972
-27923.199996193747,-27922.463840606662
-27923.199996193747,-27922.0008228487
-27923.199996193747,-27922.79974357456
-27923.199996193747,-27923.02235712202
-27923.199996193747,-27922.176794997777
-27923.199996193747,-27922.398997327422
-27923.199996193747,-27922.191327847933
-27923.199996193747,-27922.590486292414
-27923.199996193747,-27923.013296039237
-27923.199996193747,-27922.157650726695
-27923.199996193747,-27921.926753978703
-27923.199996193747,-27921.873645128773
-27923.199996193747,-27922.828249413782
-27923.199996193747,-27922.58442739838
-27923.199996193747,-27922.302925074855
-27923.199996193747,-27922.87365623609
-27923.199996193747,-27923.24674891547
-27923.24674891547,-27922.370439176488
-27923.24674891547,-27922.22561447922
-27923.24674891547,-27922.937323384333
-27923.24674891547,-27922.963194186526
-27923.24674891547,-27922.129660400256
-27923.24674891547,-27923.273590527086
-27923.273590527086,-27922.818989376516
-27923.273590527086,-27922.90530666085
-27923.273590527086,-27922.353937357275
-27923.273590527086,-27922.232889075287
-27923.273590527086,-27923.011000830506
-27923.273590527086,-27922.230029894392
-27923.273590527086,-27922.192724901342
-27923.273590527086,-27922.93882147663
-27923.273590527086,-27923.19808965676
-27923.273590527086,-27922.187105376906
-27923.273590527086,-27922.988643550318
-27923.273590527086,-27922.447744274916
-27923.273590527086,-27922.953633598147
-27923.273590527086,-27922.6399796864
-27923.273590527086,-27922.375404285507
-27923.273590527086,-27922.8055013986
-27923.273590527086,-27922.079293733706
-27923.273590527086,-27921.91558953111
-27923.273590527086,-27922.32858910026
-27923.273590527086,-27923.410861420984
-27923.410861420984,-27922.243879846286
-27923.410861420984,-27922.29958822332
-27923.410861420984,-27922.40959829725
-27923.410861420984,-27922.405284887962
-27923.410861420984,-27922.579468471715
-27923.410861420984,-27922.339313866738
-27923.410861420984,-27923.28793195986
-27923.410861420984,-27922.116693616146
-27923.410861420984,-27923.199842945138
-27923.410861420984,-27922.628025618353
-27923.410861420984,-27923.130676120392
-27923.410861420984,-27922.509972631673
-27923.410861420984,-27922.39479434995
-27923.410861420984,-27922.27008262593
-27923.410861420984,-27922.34916316026
-27923.410861420984,-27923.279226864957
-27923.410861420984,-27922.232995497598
-27923.410861420984,-27923.003359865448
-27923.410861420984,-27923.29169518034
-27923.410861420984,-27922.484517048415
-27923.410861420984,-27923.002447916857
-27923.410861420984,-27922.723466705567
-27923.410861420984,-27923.102353973765
-27923.410861420984,-27923.003359865445
-27923.410861420984,-27922.511618308665
-27923.410861420984,-27922.662732251367
-27923.410861420984,-27922.31175946338
-27923.410861420984,-27922.45619737898
-27923.410861420984,-27923.029406659913
-27923.410861420984,-27922.72346670557
-27923.410861420984,-27922.356373654617
-27923.410861420984,-27922.581362593337
-27923.410861420984,-27922.45279311391
-27923.410861420984,-27922.330700247225
-27923.410861420984,-27922.749439282044
-27923.410861420984,-27923.071552772966
-27923.410861420984,-27922.55535195621
-27923.410861420984,-27922.489296339485
-27923.410861420984,-27923.004983268675
-27923.410861420984,-27923.073889375286
-27923.410861420984,-27922.523735848365
-27923.410861420984,-27922.942890694434
-27923.410861420984,-27923.004891711273
-27923.410861420984,-27923.259683142147
-27923.410861420984,-27922.286369295645
-27923.410861420984,-27922.579468471715
-27923.410861420984,-27922.253920993146
-27923.410861420984,-27922.372855638314
-27923.410861420984,-27922.578652645047
-27923.410861420984,-27922.5303152255
-27923.410861420984,-27922.53784832959
-27923.410861420984,-27922.819840373915
-27923.410861420984,-27922.28597398918
-27923.410861420984,-27922.450104429096
-27923.410861420984,-27922.339313866738
-27923.410861420984,-27922.67738305674
-27923.410861420984,-27922.865628221945
-27923.410861420984,-27922.383960506133
-27923.410861420984,-27922.498628476606
-27923.410861420984,-27922.393703154758
-27923.410861420984,-27923.053796576045
-27923.410861420984,-27923.205219812455
-27923.410861420984,-27922.5303152255
-27923.410861420984,-27922.834166184137
-27923.410861420984,-27923.111454046328
-27923.410861420984,-27922.138171029936
-27923.410861420984,-27922.388204311283
-27923.410861420984,-27922.385606193337
-27923.410861420984,-27922.189779964356
-27923.410861420984,-27922.35719885259
-27923.410861420984,-27923.03812802173
-27923.410861420984,-27923.147012047786
-27923.410861420984,-27921.893442088425
-27923.410861420984,-27923.126439543335
-27923.410861420984,-27923.032978074047
-27923.410861420984,-27922.35719885259
-27923.410861420984,-27922.214190753482
-27923.410861420984,-27922.339313866738
-27923.410861420984,-27922.393703154758
-27923.410861420984,-27923.15120010489
-27923.410861420984,-27923.091194443245
-27923.410861420984,-27922.341816013013
-27923.410861420984,-27923.113579076416
-27923.410861420984,-27922.400796729722
-27923.410861420984,-27922.347213461086
-27923.410861420984,-27923.04410014683
-27923.410861420984,-27922.189466368494
-27923.410861420984,-27923.058329346135
-27923.410861420984,-27923.369943439287
-27923.369943439287,-27923.018978011838
-27923.369943439287,-27923.101899991052
-27923.369943439287,-27923.143477598125
-27923.369943439287,-27923.220099518356
-27923.369943439287,-27923.183931572727
-27923.369943439287,-27922.97253368981
-27923.369943439287,-27922.544073459532
-27923.369943439287,-27923.151756283518
-27923.369943439287,-27922.474767441723
-27923.369943439287,-27922.485991362006
-27923.369943439287,-27922.277468502678
-27923.369943439287,-27923.157327302124
-27923.369943439287,-27923.113177723815
-27923.369943439287,-27923.047582414183
-27923.369943439287,-27923.19530364811
-27923.369943439287,-27923.236152177215
-27923.369943439287,-27923.03333078549
-27923.369943439287,-27922.482953224266
-27923.369943439287,-27922.244404436162
-27923.369943439287,-27923.02489396282
-27923.369943439287,-27922.397818892372
-27923.369943439287,-27922.168432326038
-27923.369943439287,-27922.55511995044
-27923.369943439287,-27922.286061888655
-27923.369943439287,-27922.520595399008
-27923.369943439287,-27922.27553041611
-27923.369943439287,-27923.332473676455
-27923.369943439287,-27922.223097913004
-27923.369943439287,-27922.512424294055
-27923.369943439287,-27923.130209737235
-27923.369943439287,-27922.28037588465
-27923.369943439287,-27922.478951923444
-27923.369943439287,-27922.217568221364
-27923.369943439287,-27923.06681903684
-27923.369943439287,-27922.529174647298
-27923.369943439287,-27922.348916844996
-27923.369943439287,-27922.55511995044
-27923.369943439287,-27923.076623455003
-27923.369943439287,-27923.384569143767
-27923.384569143767,-27922.30839844396
-27923.384569143767,-27922.12246775391
-27923.384569143767,-27923.079896771877
-27923.384569143767,-27922.47036708294
-27923.384569143767,-27922.997030474995
-27923.384569143767,-27923.142508899997
-27923.384569143767,-27922.322891324853
-27923.384569143767,-27922.60606736718
-27923.384569143767,-27922.509207468145
-27923.384569143767,-27923.374014033805
-27923.384569143767,-27922.351484861072
-27923.384569143767,-27922.233377183387
-27923.384569143767,-27923.06089735453
-27923.384569143767,-27922.377561693498
-27923.384569143767,-27922.49758653753
-27923.384569143767,-27922.323709087086
-27923.384569143767,-27922.04071717502
-27923.384569143767,-27922.80506470055
-27923.384569143767,-27922.370942563033
-27923.384569143767,-27922.296144585176
-27923.384569143767,-27923.366237068385
-27923.366237068385,-27922.340912902127
-27923.366237068385,-27923.05508790312
-27923.366237068385,-27923.054649634607
-27923.366237068385,-27922.61386716662
-27923.366237068385,-27922.309395765144
-27923.366237068385,-27922.20461477233
-27923.366237068385,-27922.482184868983
-27923.366237068385,-27922.900447355514
-27923.366237068385,-27923.397206905178
-27923.397206905178,-27922.434318793155
-27923.397206905178,-27922.924523267375
-27923.397206905178,-27922.136303559117
-27923.397206905178,-27923.06473537244
-27923.397206905178,-27923.056109227207
-27923.397206905178,-27923.204505015314
-27923.397206905178,-27923.059283912175
-27923.397206905178,-27922.164687032422
-27923.397206905178,-27923.35212322861
-27923.35212322861,-27922.156726944195
-27923.35212322861,-27922.6447387421
-27923.35212322861,-27922.19562164778
-27923.35212322861,-27922.302778668138
-27923.35212322861,-27922.471644246616
-27923.35212322861,-27922.263263597953
-27923.35212322861,-27922.414013697602
-27923.35212322861,-27922.88494045785
-27923.35212322861,-27922.14560130248
-27923.35212322861,-27922.3328208589
-27923.35212322861,-27922.191860832587
-27923.35212322861,-27922.677402714275
-27923.35212322861,-27922.63289712196
-27923.35212322861,-27922.660189979306
-27923.35212322861,-27922.998059599184
-27923.35212322861,-27923.028219029038
-27923.35212322861,-27922.20744840247
-27923.35212322861,-27922.263263597953
-27923.35212322861,-27922.52946643967
-27923.35212322861,-27923.00925857144
-27923.35212322861,-27922.714765371762
-27923.35212322861,-27922.551307212758
-27923.35212322861,-27922.469667575
-27923.35212322861,-27922.652934780646
-27923.35212322861,-27922.3328208589
-27923.35212322861,-27923.042113194693
-27923.35212322861,-27922.08614628763
-27923.35212322861,-27922.313877316737
-27923.35212322861,-27923.0386171176
-27923.35212322861,-27923.462477208825
-27923.462477208825,-27922.55339776927
-27923.462477208825,-27923.243935555056
-27923.462477208825,-27923.23250323033
-27923.462477208825,-27923.001467502367
-27923.462477208825,-27923.13670272071
-27923.462477208825,-27922.360039198764
-27923.462477208825,-27922.07025989341
-27923.462477208825,-27922.358187251066
-27923.462477208825,-27923.180689163742
-27923.462477208825,-27922.300756209414
-27923.462477208825,-27922.896630028314
-27923.462477208825,-27922.589029373983
-27923.462477208825,-27922.9898109821
-27923.462477208825,-27923.1449976277
-27923.462477208825,-27922.03430934479
-27923.462477208825,-27923.04861238657
-27923.462477208825,-27922.569854439196
-27923.462477208825,-27922.56494229135
-27923.462477208825,-27923.315450929673
-27923.462477208825,-27922.338169590712
-27923.462477208825,-27922.536010997013
-27923.462477208825,-27923.155484062227
-27923.462477208825,-27922.71409199444
-27923.462477208825,-27922.19674121392
-27923.462477208825,-27922.32775967855
-27923.462477208825,-27923.08487266871
-27923.462477208825,-27922.213826187977
-27923.462477208825,-27922.565107838025
-27923.462477208825,-27922.356238857814
-27923.462477208825,-27923.08716190933
-27923.462477208825,-27922.954341595665
-27923.462477208825,-27922.58601689826
-27923.462477208825,-27923.33119120863
-27923.462477208825,-27922.2334114355
-27923.462477208825,-27922.458920470082
-27923.462477208825,-27922.616463676335
-27923.462477208825,-27923.628738601416
-27923.628738601416,-27923.343696040407
-27923.628738601416,-27922.74456862224
-27923.628738601416,-27922.573400674453
-27923.628738601416,-27922.7422339148
-27923.628738601416,-27923.366252812306
-27923.628738601416,-27923.296771961104
-27923.628738601416,-27922.48488725475
-27923.628738601416,-27922.892314418932
-27923.628738601416,-27922.72411156781
-27923.628738601416,-27922.840339632257
-27923.628738601416,-27922.477054128736
-27923.628738601416,-27923.537395999505
-27923.628738601416,-27922.771741521865
-27923.628738601416,-27923.107034984638
-27923.628738601416,-27922.920777324747
-27923.628738601416,-27923.485829341113
-27923.628738601416,-27922.46083754131
-27923.628738601416,-27923.250535236053
-27923.628738601416,-27922.48416533089
-27923.628738601416,-27922.987572887923
-27923.628738601416,-27922.440652605383
-27923.628738601416,-27923.004981820945
-27923.628738601416,-27923.390933576982
-27923.628738601416,-27923.23545917291
-27923.628738601416,-27922.311561024348
-27923.628738601416,-27922.78383885882
-27923.628738601416,-27923.313574013453
-27923.628738601416,-27922.227787285774
-27923.628738601416,-27922.62791476272
-27923.628738601416,-27922.439884878764
-27923.628738601416,-27923.460018931986
-27923.628738601416,-27922.63904423431
-27923.628738601416,-27922.391394453138
-27923.628738601416,-27923.43381306258
-27923.628738601416,-27922.72411156781
-27923.628738601416,-27922.435222704768
-27923.628738601416,-27922.51826221948
-27923.628738601416,-27922.71110173321
-27923.628738601416,-27922.600928129734
-27923.628738601416,-27922.42090698237
-27923.628738601416,-27923.34285119167
-27923.628738601416,-27922.753694749183
-27923.628738601416,-27923.5138528702
-27923.628738601416,-27923.41337474314
-27923.628738601416,-27922.95510485485
-27923.628738601416,-27923.295555650977
-27923.628738601416,-27923.273584255294
-27923.628738601416,-27923.260937731713
-27923.628738601416,-27923.107034984638
-27923.628738601416,-27923.343696040403
-27923.628738601416,-27922.614250065177
-27923.628738601416,-27923.170486279447
-27923.628738601416,-27922.694909669564
-27923.628738601416,-27923.48582934111
-27923.628738601416,-27922.760083435038
-27923.628738601416,-27922.400571203492
-27923.628738601416,-27923.671130265746
-27923.671130265746,-27922.79246116901
-27923.671130265746,-27922.744613100058
-27923.671130265746,-27922.585120282016
-27923.671130265746,-27922.450491724114
-27923.671130265746,-27923.34231271301
-27923.671130265746,-27922.554262707323
-27923.671130265746,-27922.839088129098
-27923.671130265746,-27923.64331590453
-27923.64331590453,-27922.588135091304
-27923.64331590453,-27923.24638186524
-27923.64331590453,-27922.501423630732
-27923.64331590453,-27922.56285889084
-27923.64331590453,-27922.7720431679
-27923.64331590453,-27923.54385387595
-27923.64331590453,-27922.74935411734
-27923.64331590453,-27922.797545084944
-27923.64331590453,-27922.460179957416
-27923.64331590453,-27922.693015076868
-27923.64331590453,-27922.49757625116
-27923.64331590453,-27922.76888867197
-27923.64331590453,-27922.483506260956
-27923.64331590453,-27922.45627750831
-27923.64331590453,-27922.29116982414
-27923.64331590453,-27923.317119478947
-27923.64331590453,-27922.454763016052
-27923.64331590453,-27923.054509247722
-27923.64331590453,-27923.25854698631
-27923.64331590453,-27922.471825819383
-27923.64331590453,-27923.64950942225
-27923.64950942225,-27923.338590577547
-27923.64950942225,-27922.213644304506
-27923.64950942225,-27923.295016972203
-27923.64950942225,-27923.261552381053
-27923.64950942225,-27923.16797613523
-27923.64950942225,-27922.40403893575
-27923.64950942225,-27923.399554997453
-27923.64950942225,-27922.88935158103
-27923.64950942225,-27922.664984386513
-27923.64950942225,-27922.507476965067
-27923.64950942225,-27923.570738483715
-27923.570738483715,-27922.58381937582
-27923.570738483715,-27922.528522697296
-27923.570738483715,-27922.713177984788
-27923.570738483715,-27923.450810256614
-27923.570738483715,-27922.685157029773
-27923.570738483715,-27922.436229938652
-27923.570738483715,-27922.423308277444
-27923.570738483715,-27923.296143553594
-27923.570738483715,-27922.741174708004
-27923.570738483715,-27923.33875150929
-27923.570738483715,-27923.41840181691
-27923.570738483715,-27922.084461170984
-27923.570738483715,-27922.72529826074
-27923.570738483715,-27922.416403196665
-27923.570738483715,-27922.864351327094
-27923.570738483715,-27923.337136866066
-27923.570738483715,-27922.189572448253
-27923.570738483715,-27922.826803805376
-27923.570738483715,-27922.47521460026
-27923.570738483715,-27923.185161111378
-27923.570738483715,-27922.251667094133
-27923.570738483715,-27922.68726320766
-27923.570738483715,-27922.748732465305
-27923.570738483715,-27923.38267751391
-27923.38267751391,-27922.185877999746
-27923.38267751391,-27922.372908583675
-27923.38267751391,-27922.819158343682
-27923.38267751391,-27922.069418341376
-27923.38267751391,-27922.28936804057
-27923.38267751391,-27922.31082529586
-27923.38267751391,-27923.039564447805
-27923.38267751391,-27922.41858906048
-27923.38267751391,-27922.525732503123
-27923.38267751391,-27922.300276141686
-27923.38267751391,-27923.141709318123
-27923.38267751391,-27922.093944948072
-27923.38267751391,-27922.258012310096
-27923.38267751391,-27922.296229991865
-27923.38267751391,-27922.776521984782
-27923.38267751391,-27922.06742476531
-27923.38267751391,-27922.021657121182
-27923.38267751391,-27922.255873647493
-27923.38267751391,-27923.111913982364
-27923.38267751391,-27922.496091170593
-27923.38267751391,-27922.612370557963
-27923.38267751391,-27922.528429632803
-27923.38267751391,-27922.432206703535
-27923.38267751391,-27923.133937748116
-27923.38267751391,-27922.37468500094
-27923.38267751391,-27922.317333651154
-27923.38267751391,-27923.038652774943
-27923.38267751391,-27922.43140297025
-27923.38267751391,-27922.22299089111
-27923.38267751391,-27922.575136783984
-27923.38267751391,-27923.062976348672
-27923.38267751391,-27923.185057115927
-27923.38267751391,-27922.630149744495
-27923.38267751391,-27922.516312107302
-27923.38267751391,-27922.30027614169
-27923.38267751391,-27922.810592781312
-27923.38267751391,-27922.19148944282
-27923.38267751391,-27923.022955293916
-27923.38267751391,-27922.5163121073
-27923.38267751391,-27922.201925279267
-27923.38267751391,-27922.992138281872
-27923.38267751391,-27922.069418341376
-27923.38267751391,-27922.44036911789
-27923.38267751391,-27922.271139189394
-27923.38267751391,-27922.478034382788
-27923.38267751391,-27922.527790635744
-27923.38267751391,-27922.28189713308
-27923.38267751391,-27922.950327192902
-27923.38267751391,-27923.66566309769
-27923.66566309769,-27922.46035776764
-27923.66566309769,-27922.80424334131
-27923.66566309769,-27922.639108412997
-27923.66566309769,-27922.727628545897
-27923.66566309769,-27922.673838698793
-27923.66566309769,-27922.63949360593
-27923.66566309769,-27922.99388805151
-27923.66566309769,-27923.35095919228
-27923.66566309769,-27923.433971479448
-27923.66566309769,-27923.23416375296
-27923.66566309769,-27922.772717821277
-27923.66566309769,-27922.541494311125
-27923.66566309769,-27922.750588851435
-27923.66566309769,-27923.410538797943
-27923.410538797943,-27922.586459467617
-27923.410538797943,-27922.539605630795
-27923.410538797943,-27922.238747060543
-27923.410538797943,-27923.37931546745
-27923.410538797943,-27923.2375108197
-27923.410538797943,-27922.380595674796
-27923.410538797943,-27922.89239180078
-27923.410538797943,-27922.55640450163
-27923.410538797943,-27923.070102547477
-27923.410538797943,-27922.119975583446
-27923.410538797943,-27922.586459467617
-27923.410538797943,-27922.341291275898
-27923.410538797943,-27922.81664368855
-27923.410538797943,-27923.11798488268
-27923.410538797943,-27923.15401228648
-27923.410538797943,-27922.518869225103
-27923.410538797943,-27923.231696231756
-27923.410538797943,-27922.16201397479
-27923.410538797943,-27922.52646009422
-27923.410538797943,-27922.87452408294
-27923.410538797943,-27922.354702469605
-27923.410538797943,-27922.513830639928
-27923.410538797943,-27921.966807856643
-27923.410538797943,-27922.56316709133
-27923.410538797943,-27922.280277479185
-27923.410538797943,-27923.25841826724
-27923.410538797943,-27923.07115971383
-27923.410538797943,-27923.241469286477
-27923.410538797943,-27922.26346239267
-27923.410538797943,-27922.556611748696
-27923.410538797943,-27922.272207182505
-27923.410538797943,-27922.982228671397
-27923.410538797943,-27923.025827055455
-27923.410538797943,-27922.499852211622
-27923.410538797943,-27923.015494006213
-27923.410538797943,-27923.261737740784
-27923.410538797943,-27922.374662689792
-27923.410538797943,-27923.214834583923
-27923.410538797943,-27922.30931498633
-27923.410538797943,-27923.0870561793
-27923.410538797943,-27922.731621444334
-27923.410538797943,-27922.455004438743
-27923.410538797943,-27922.506084840945
-27923.410538797943,-27922.2546485495
-27923.410538797943,-27922.922232191177
-27923.410538797943,-27923.053248246593
-27923.410538797943,-27923.25468822738
-27923.410538797943,-27922.56469049995
-27923.410538797943,-27922.556611748696
-27923.410538797943,-27922.635430234695
-27923.410538797943,-27922.80753166678
-27923.410538797943,-27923.126293066518
-27923.410538797943,-27923.2254271441
-27923.410538797943,-27922.80820419884
-27923.410538797943,-27923.221100399303
-27923.410538797943,-27922.384800154618
-27923.410538797943,-27922.292346592316
-27923.410538797943,-27922.34530175638
-27923.410538797943,-27922.80267502596
-27923.410538797943,-27922.202512385862
-27923.410538797943,-27923.16073606032
-27923.410538797943,-27923.066696082304
-27923.410538797943,-27922.230167443704
-27923.410538797943,-27923.00987285502
-27923.410538797943,-27922.298456986162
-27923.410538797943,-27923.024237524758
-27923.410538797943,-27922.42525506376
-27923.410538797943,-27922.289309470114
-27923.410538797943,-27923.21483458393
-27923.410538797943,-27922.289309470118
-27923.410538797943,-27922.42525506376
-27923.410538797943,-27922.227395525282
-27923.410538797943,-27921.977343150334
-27923.410538797943,-27923.432944629112
-27923.432944629112,-27923.283163355118
-27923.432944629112,-27923.050385888095
-27923.432944629112,-27922.694217338587
-27923.432944629112,-27922.152083137455
-27923.432944629112,-27923.05083146335
-27923.432944629112,-27923.075500234027
-27923.432944629112,-27922.584030239002
-27923.432944629112,-27923.044712193278
-27923.432944629112,-27922.40077862906
-27923.432944629112,-27923.33438089095
-27923.33438089095,-27923.09108734844
-27923.33438089095,-27922.524867823515
-27923.33438089095,-27922.432199529863
-27923.33438089095,-27922.78048645396
-27923.33438089095,-27922.155723857337
-27923.33438089095,-27922.075812869454
-27923.33438089095,-27921.87477480081
-27923.33438089095,-27922.417854037707
-27923.33438089095,-27922.47309786826
-27923.33438089095,-27922.44019670024
-27923.33438089095,-27922.179499230442
-27923.33438089095,-27922.99160115889
-27923.33438089095,-27922.993408777565
-27923.33438089095,-27922.956164139672
-27923.33438089095,-27922.422009931168
-27923.33438089095,-27922.459978475505
-27923.33438089095,-27922.623261828758
-27923.33438089095,-27922.459910080328
-27923.33438089095,-27922.89887523668
-27923.33438089095,-27922.20153247542
-27923.33438089095,-27922.167633824076
-27923.33438089095,-27922.5242460554
-27923.33438089095,-27922.38807014895
-27923.33438089095,-27922.422009931164
-27923.33438089095,-27922.554442386383
-27923.33438089095,-27922.144741732758
-27923.33438089095,-27923.00499825041
-27923.33438089095,-27922.15374903737
-27923.33438089095,-27922.97805423374
-27923.33438089095,-27922.89853801273
-27923.33438089095,-27922.692146930603
-27923.33438089095,-27922.55016331185
-27923.33438089095,-27922.960739260747
-27923.33438089095,-27921.906208069424
-27923.33438089095,-27922.487553645187
-27923.33438089095,-27922.23420279956
-27923.33438089095,-27923.13199612147
-27923.33438089095,-27923.37529241739
-27923.37529241739,-27922.326191215674
-27923.37529241739,-27922.460602346036
-27923.37529241739,-27922.220149021967
-27923.37529241739,-27922.25595116434
-27923.37529241739,-27921.989627033006
-27923.37529241739,-27922.598063439083
-27923.37529241739,-27922.013852463107
-27923.37529241739,-27922.976050136724
-27923.37529241739,-27921.989627033006
-27923.37529241739,-27922.226555418376
-27923.37529241739,-27922.21528646297
-27923.37529241739,-27922.20022684125
-27923.37529241739,-27923.04753065062
-27923.37529241739,-27923.09950685096
-27923.37529241739,-27922.338268316176
-27923.37529241739,-27922.302915404725
-27923.37529241739,-27923.70511174432
-27923.70511174432,-27923.273251696395
-27923.70511174432,-27922.322546178075
-27923.70511174432,-27923.505835155338
-27923.70511174432,-27922.853859033887
-27923.70511174432,-27923.48731395575
-27923.70511174432,-27922.594871244328
-27923.70511174432,-27922.698354258973
-27923.70511174432,-27922.762604117568
-27923.70511174432,-27923.439077890685
-27923.70511174432,-27922.74327912225
-27923.70511174432,-27923.50945587825
-27923.70511174432,-27923.29243758823
-27923.70511174432,-27922.648363558226
-27923.70511174432,-27923.361003355767
-27923.70511174432,-27922.600812183544
-27923.70511174432,-27922.59509077874
-27923.70511174432,-27923.290813912794
-27923.70511174432,-27923.38153712503
-27923.70511174432,-27923.442472882234
-27923.70511174432,-27923.278461854272
-27923.70511174432,-27922.679310474072
-27923.70511174432,-27923.573404626484
-27923.70511174432,-27923.463347817593
-27923.70511174432,-27922.259729764457
-27923.70511174432,-27923.376527884437
-27923.70511174432,-27923.231637713197
-27923.70511174432,-27922.575585048813
-27923.70511174432,-27923.02986713038
-27923.70511174432,-27923.140519084955
-27923.70511174432,-27923.508255367906
-27923.70511174432,-27922.80655224617
-27923.70511174432,-27923.330466824515
-27923.70511174432,-27922.570452502583
-27923.70511174432,-27923.372745489753
-27923.70511174432,-27922.461704171335
-27923.70511174432,-27923.451964230964
-27923.70511174432,-27922.88482482514
-27923.70511174432,-27923.518549078646
-27923.70511174432,-27922.825118200246
-27923.70511174432,-27923.43818766957
-27923.70511174432,-27922.3562319296
-27923.70511174432,-27922.442568411243
-27923.70511174432,-27923.494736030654
-27923.70511174432,-27923.53835254527
-27923.70511174432,-27922.501872250323
-27923.70511174432,-27922.492192251677
-27923.70511174432,-27923.470280111855
-27923.70511174432,-27923.68300982583
-27923.68300982583,-27922.57765323078
-27923.68300982583,-27922.68005086839
-27923.68300982583,-27923.421805282465
-27923.68300982583,-27923.402734746054
-27923.68300982583,-27922.8350655685
-27923.68300982583,-27922.76893291432
-27923.68300982583,-27922.363779357576
-27923.68300982583,-27922.781996548045
-27923.68300982583,-27922.423015229084
-27923.68300982583,-27923.25065618857
-27923.68300982583,-27922.28768313232
-27923.68300982583,-27923.296000610608
-27923.68300982583,-27922.72267027477
-27923.68300982583,-27922.578959279766
-27923.68300982583,-27922.184522210042
-27923.68300982583,-27922.60149332974
-27923.68300982583,-27922.495300532133
-27923.68300982583,-27922.858760010084
-27923.68300982583,-27923.42334539753
-27923.68300982583,-27922.184522210042
-27923.68300982583,-27922.572806133416
-27923.68300982583,-27923.042677667047
-27923.68300982583,-27922.666611284978
-27923.68300982583,-27922.543097947128
-27923.68300982583,-27923.26658477056
-27923.68300982583,-27922.330334198316
-27923.68300982583,-27923.332145876964
-27923.68300982583,-27922.522492890206
-27923.68300982583,-27923.564260793555
-27923.68300982583,-27922.781996548045
-27923.68300982583,-27923.40566443142
-27923.68300982583,-27922.96805954613
-27923.68300982583,-27922.706783966
-27923.68300982583,-27922.418740409885
-27923.68300982583,-27922.512109605974
-27923.68300982583,-27922.653843842607
-27923.68300982583,-27922.408128822834
-27923.68300982583,-27923.42022066456
-27923.68300982583,-27923.385095911548
-27923.68300982583,-27923.296000610604
-27923.68300982583,-27923.136521990928
-27923.68300982583,-27922.575739325344
-27923.68300982583,-27923.48295442987
-27923.68300982583,-27922.59495263394
-27923.68300982583,-27922.472840721657
-27923.68300982583,-27922.79904471223
-27923.68300982583,-27922.5149437859
-27923.68300982583,-27922.916239254715
-27923.68300982583,-27922.4366357617
-27923.68300982583,-27922.826686592012
-27923.68300982583,-27922.75863671753
-27923.68300982583,-27922.715970375488
-27923.68300982583,-27922.32419125996
-27923.68300982583,-27922.86828198668
-27923.68300982583,-27923.20600519817
-27923.68300982583,-27923.37153677272
-27923.68300982583,-27922.583586954996
-27923.68300982583,-27922.545768101812
-27923.68300982583,-27922.62586299244
-27923.68300982583,-27923.429321723695
-27923.68300982583,-27922.95395257591
-27923.68300982583,-27923.327555911583
-27923.68300982583,-27922.63444374013
-27923.68300982583,-27922.62586299244
-27923.68300982583,-27923.207537468115
-27923.68300982583,-27923.5189946657
-27923.68300982583,-27923.55853045146
-27923.68300982583,-27922.57999983278
-27923.68300982583,-27923.306174382185
-27923.68300982583,-27922.519191757332
-27923.68300982583,-27922.66612797838
-27923.68300982583,-27922.600619400582
-27923.68300982583,-27923.16074161964
-27923.68300982583,-27922.62576215766
-27923.68300982583,-27922.621170126673
-27923.68300982583,-27922.7671695627
-27923.68300982583,-27923.261893579835
-27923.68300982583,-27923.598630736153
-27923.68300982583,-27923.250656188575
-27923.68300982583,-27923.28783384635
-27923.68300982583,-27922.843386659293
-27923.68300982583,-27922.4987618393
-27923.68300982583,-27923.34171485879
-27923.68300982583,-27922.184522210042
-27923.68300982583,-27923.526630630233
-27923.68300982583,-27923.45677683221
-27923.68300982583,-27923.605028426842
-27923.68300982583,-27922.843386659293
-27923.68300982583,-27922.722250939227
-27923.68300982583,-27922.437000633196
-27923.68300982583,-27922.540875339077
-27923.68300982583,-27922.52757667851
-27923.68300982583,-27922.765924407726
-27923.68300982583,-27923.23690879756
-27923.68300982583,-27922.62121112775
-27923.68300982583,-27922.826184956946
-27923.68300982583,-27923.528794980877
-27923.68300982583,-27922.578959279766
-27923.68300982583,-27923.064108949984
-27923.68300982583,-27922.60000982581
-27923.68300982583,-27923.605028426842
-27923.68300982583,-27922.856105461356
-27923.68300982583,-27922.808419571626
-27923.68300982583,-27923.316213541926
-27923.68300982583,-27922.836167187153
-27923.68300982583,-27922.86828198668
-27923.68300982583,-27922.583586954996
-27923.68300982583,-27922.37173778633
-27923.68300982583,-27922.624288112107
-27923.68300982583,-27922.816807761195
-27923.68300982583,-27922.578824379216
-27923.68300982583,-27923.23690879756
-27923.68300982583,-27922.62121112775
-27923.68300982583,-27922.847613367227
-27923.68300982583,-27922.787490292754
-27923.68300982583,-27922.7813705159
-27923.68300982583,-27922.542846960852
-27923.68300982583,-27923.327555911583
-27923.68300982583,-27922.927605479024
-27923.68300982583,-27922.535833329835
-27923.68300982583,-27922.460618147677
-27923.68300982583,-27922.773749733766
-27923.68300982583,-27923.042677667047
-27923.68300982583,-27922.875932667972
-27923.68300982583,-27922.578959279766
-27923.68300982583,-27923.212075882948
-27923.68300982583,-27923.44659504461
-27923.68300982583,-27922.906571627755
-27923.68300982583,-27923.476464807016
-27923.68300982583,-27923.56476902203
-27923.68300982583,-27922.535868207233
-27923.68300982583,-27922.431948960995
-27923.68300982583,-27923.26658477056
-27923.68300982583,-27922.795105377416
-27923.68300982583,-27922.78093492536
-27923.68300982583,-27922.501467651273
-27923.68300982583,-27923.50682404347
-27923.68300982583,-27922.37173778633
-27923.68300982583,-27923.447224449526
-27923.68300982583,-27922.51500846591
-27923.68300982583,-27923.389898438847
-27923.68300982583,-27923.68591623057
-27923.68591623057,-27923.397381473053
-27923.68591623057,-27922.74447855311
-27923.68591623057,-27923.506121718332
-27923.68591623057,-27922.63138720342
-27923.68591623057,-27923.558474893824
-27923.68591623057,-27922.792128304296
-27923.68591623057,-27923.013736460536
-27923.68591623057,-27922.50817142049
-27923.68591623057,-27922.809082380525
-27923.68591623057,-27923.389818429085
-27923.68591623057,-27922.768427921575
-27923.68591623057,-27923.73365663079
-27923.73365663079,-27923.223515680867
-27923.73365663079,-27922.86451610422
-27923.73365663079,-27923.53091544433
-27923.73365663079,-27923.570555807066
-27923.73365663079,-27922.578326523835
-27923.73365663079,-27922.71954725577
-27923.73365663079,-27922.613477349205
-27923.73365663079,-27922.568532563324
-27923.73365663079,-27922.58239537237
-27923.73365663079,-27923.53632992424
-27923.73365663079,-27923.48707442663
-27923.73365663079,-27923.05962086065
-27923.73365663079,-27923.678754302113
-27923.73365663079,-27923.446763233736
-27923.73365663079,-27923.143932887906
-27923.73365663079,-27923.42189196503
-27923.73365663079,-27922.606580133037
-27923.73365663079,-27922.570929722053
-27923.73365663079,-27923.286840340934
-27923.73365663079,-27922.673249071693
-27923.73365663079,-27922.40829868873
-27923.73365663079,-27923.42338782724
-27923.73365663079,-27922.773801541367
-27923.73365663079,-27922.607258072712
-27923.73365663079,-27922.92225236329
-27923.73365663079,-27922.420876096607
-27923.73365663079,-27922.59228147218
-27923.73365663079,-27923.578865645537
-27923.73365663079,-27923.383718262674
-27923.73365663079,-27922.91729825863
-27923.73365663079,-27923.471916987284
-27923.73365663079,-27923.36144195122
-27923.73365663079,-27922.488360173338
-27923.73365663079,-27923.431770987678
-27923.73365663079,-27922.91808198179
-27923.73365663079,-27922.629619376647
-27923.73365663079,-27922.85171377884
-27923.73365663079,-27923.439375107188
-27923.73365663079,-27923.280849872244
-27923.73365663079,-27923.517729608364
-27923.73365663079,-27923.519990719004
-27923.73365663079,-27922.680423600974
-27923.73365663079,-27922.979628883255
-27923.73365663079,-27923.314123134653
-27923.73365663079,-27922.672474411025
-27923.73365663079,-27922.72835573941
-27923.73365663079,-27922.470421539005
-27923.73365663079,-27922.711204125957
-27923.73365663079,-27922.62452543468
-27923.73365663079,-27922.657643668223
-27923.73365663079,-27922.87368864048
-27923.73365663079,-27923.372899442213
-27923.73365663079,-27923.624745423775
-27923.73365663079,-27922.32356446588
-27923.73365663079,-27922.27282271529
-27923.73365663079,-27922.929756719015
-27923.73365663079,-27922.77326581171
-27923.73365663079,-27923.229945113482
-27923.73365663079,-27922.57832652383
-27923.73365663079,-27922.89501276546
-27923.73365663079,-27922.46555018436
-27923.73365663079,-27922.627459497096
-27923.73365663079,-27923.26716815058
-27923.73365663079,-27922.654512253484
-27923.73365663079,-27922.595574595605
-27923.73365663079,-27922.660717298033
-27923.73365663079,-27922.869053487262
-27923.73365663079,-27922.664829542708
-27923.73365663079,-27923.575816329976
-27923.73365663079,-27922.57534380374
-27923.73365663079,-27923.644450829725
-27923.73365663079,-27923.491069426316
-27923.73365663079,-27923.66505341739
-27923.73365663079,-27922.69338194163
-27923.73365663079,-27923.487074426637
-27923.73365663079,-27923.398158860648
-27923.73365663079,-27923.354012448857
-27923.73365663079,-27922.75903322127
-27923.73365663079,-27922.63304828678
-27923.73365663079,-27923.00753390641
-27923.73365663079,-27923.326093941323
-27923.73365663079,-27923.31412313465
-27923.73365663079,-27922.369117516144
-27923.73365663079,-27923.310585113148
-27923.73365663079,-27923.4176517561
-27923.73365663079,-27923.191766411273
-27923.73365663079,-27922.854611108996
-27923.73365663079,-27923.70606655831
-27923.70606655831,-27923.05300223968
-27923.70606655831,-27922.46380917501
-27923.70606655831,-27923.60259048029
-27923.70606655831,-27923.415864644416
-27923.70606655831,-27923.589407662814
-27923.589407662814,-27923.23449502337
-27923.589407662814,-27922.582395239726
-27923.589407662814,-27922.83574337298
-27923.589407662814,-27922.54221445882
-27923.589407662814,-27923.40742565718
-27923.589407662814,-27922.38664925468
-27923.589407662814,-27922.496718824244
-27923.589407662814,-27923.209520548244
-27923.589407662814,-27922.5363374699
-27923.589407662814,-27922.39927875884
-27923.589407662814,-27922.743512220495
-27923.589407662814,-27922.80901592091
-27923.589407662814,-27922.584050980226
-27923.589407662814,-27922.661971279536
-27923.589407662814,-27922.727407794766
-27923.589407662814,-27922.671007171502
-27923.589407662814,-27923.073306808074
-27923.589407662814,-27923.45552637889
-27923.589407662814,-27922.546391878303
-27923.589407662814,-27922.664416364983
-27923.589407662814,-27923.10500790579
-27923.589407662814,-27922.474051707923
-27923.589407662814,-27923.41348426846
-27923.589407662814,-27923.31127753466
-27923.589407662814,-27922.55044228553
-27923.589407662814,-27923.14122438111
-27923.589407662814,-27923.488385733544
-27923.488385733544,-27922.504981395305
-27923.488385733544,-27922.79153814113
-27923.488385733544,-27923.68134037873
-27923.68134037873,-27922.565086034785
-27923.68134037873,-27923.377361136678
-27923.68134037873,-27923.437370424548
-27923.68134037873,-27922.655137330057
-27923.68134037873,-27922.768063153577
-27923.68134037873,-27922.835867873386
-27923.68134037873,-27922.847114829303
-27923.68134037873,-27923.41128133092
-27923.68134037873,-27923.37910947091
-27923.68134037873,-27922.364813034754
-27923.68134037873,-27922.922155253626
-27923.68134037873,-27922.861501044306
-27923.68134037873,-27923.401071333592
-27923.68134037873,-27923.42946957256
-27923.68134037873,-27923.421090709628
-27923.68134037873,-27922.546227823575
-27923.68134037873,-27922.525462935297
-27923.68134037873,-27923.444308577706
-27923.68134037873,-27922.819747338923
-27923.68134037873,-27922.627887695824
-27923.68134037873,-27923.382729128258
-27923.68134037873,-27923.257962633583
-27923.68134037873,-27923.4548537489
-27923.68134037873,-27922.558782251584
-27923.68134037873,-27922.867424123837
-27923.68134037873,-27922.653921349203
-27923.68134037873,-27922.403208759082
-27923.68134037873,-27922.7590030504
-27923.68134037873,-27922.75311075167
-27923.68134037873,-27923.42453468082
-27923.68134037873,-27922.285911510844
-27923.68134037873,-27922.583338099874
-27923.68134037873,-27923.137102635526
-27923.68134037873,-27922.644734191403
-27923.68134037873,-27922.52728973697
-27923.68134037873,-27923.440519833064
-27923.68134037873,-27922.243380536594
-27923.68134037873,-27922.779386416853
-27923.68134037873,-27922.85352346592
-27923.68134037873,-27922.545270535436
-27923.68134037873,-27922.644734191403
-27923.68134037873,-27922.854767429693
-27923.68134037873,-27922.580017647386
-27923.68134037873,-27922.520416864154
-27923.68134037873,-27923.38849442659
-27923.68134037873,-27922.788329344527
-27923.68134037873,-27922.78864725355
-27923.68134037873,-27922.871371089044
-27923.68134037873,-27922.563387657254
-27923.68134037873,-27923.05832889035
-27923.68134037873,-27922.552758275273
-27923.68134037873,-27922.315756176184
-27923.68134037873,-27923.43106166175
-27923.68134037873,-27922.55358095461
-27923.68134037873,-27922.65994593014
-27923.68134037873,-27922.801605383887
-27923.68134037873,-27922.90527991077
-27923.68134037873,-27922.855096296847
-27923.68134037873,-27922.702360509164
-27923.68134037873,-27922.836283144505
-27923.68134037873,-27922.768063153577
-27923.68134037873,-27922.854803215945
-27923.68134037873,-27923.439194580988
-27923.68134037873,-27922.34674055916
-27923.68134037873,-27923.269965215397
-27923.68134037873,-27922.861501044306
-27923.68134037873,-27922.315756176184
-27923.68134037873,-27922.870104842226
-27923.68134037873,-27922.72411780384
-27923.68134037873,-27922.79828102021
-27923.68134037873,-27922.559128878227
-27923.68134037873,-27923.137102635526
-27923.68134037873,-27923.468664902783
-27923.68134037873,-27922.365513423007
-27923.68134037873,-27922.55590705275
-27923.68134037873,-27922.67197914736
-27923.68134037873,-27922.497449459253
-27923.68134037873,-27922.938237733422
-27923.68134037873,-27922.37866012855
-27923.68134037873,-27922.572603047025
-27923.68134037873,-27922.243380536594
-27923.68134037873,-27922.895721842204
-27923.68134037873,-27923.168571047656
-27923.68134037873,-27922.840725507445
-27923.68134037873,-27922.45050115902
-27923.68134037873,-27923.4548537489
-27923.68134037873,-27923.46565360567
-27923.68134037873,-27923.382919491156
-27923.68134037873,-27922.78372459068
-27923.68134037873,-27922.545270535436
-27923.68134037873,-27923.34839089334
-27923.68134037873,-27922.76244044093
-27923.68134037873,-27922.611568144916
-27923.68134037873,-27923.7092324131
-27923.7092324131,-27923.7092324131
-27923.7092324131,-27923.344463906986
-27923.7092324131,-27922.6806094735
-27923.7092324131,-27922.86261808897
-27923.7092324131,-27923.38573197617
-27923.7092324131,-27922.54929368758
-27923.7092324131,-27923.441903673593
-27923.7092324131,-27922.862486196707
-27923.7092324131,-27922.577754565493
-27923.7092324131,-27922.832977313195
-27923.7092324131,-27923.293180766843
-27923.7092324131,-27923.568960203214
-27923.7092324131,-27922.951682658695
-27923.7092324131,-27923.34313848851
-27923.7092324131,-27922.577054818674
-27923.7092324131,-27923.287602548273
-27923.7092324131,-27922.442318795212
-27923.7092324131,-27922.630976461496
-27923.7092324131,-27923.428825482602
-27923.7092324131,-27923.32689746041
-27923.7092324131,-27923.36101891447
-27923.7092324131,-27922.845515021196
-27923.7092324131,-27922.646565434232
-27923.7092324131,-27923.551782377417
-27923.7092324131,-27923.338828857813
-27923.7092324131,-27922.91921723727
-27923.7092324131,-27922.310927755487
-27923.7092324131,-27922.703390566658
-27923.7092324131,-27923.61392264186
-27923.7092324131,-27923.0389317529
-27923.7092324131,-27923.61392264186
-27923.7092324131,-27923.240274534965
-27923.7092324131,-27923.491549409177
-27923.7092324131,-27922.64427919378
-27923.7092324131,-27922.582886414162
-27923.7092324131,-27922.662125000777
-27923.7092324131,-27922.570742327127
-27923.7092324131,-27923.18717474944
-27923.7092324131,-27922.76446384698
-27923.7092324131,-27922.875617907113
-27923.7092324131,-27923.37678150135
-27923.7092324131,-27923.32689746041
-27923.7092324131,-27922.58116596438
-27923.7092324131,-27922.785629641076
-27923.7092324131,-27923.601622787664
-27923.7092324131,-27922.615872962957
-27923.7092324131,-27923.4913474543
-27923.7092324131,-27922.808569688477
-27923.7092324131,-27923.382553390373
-27923.7092324131,-27922.573168586943
-27923.7092324131,-27922.577754565493
-27923.7092324131,-27922.69167820234
-27923.7092324131,-27922.577311288424
-27923.7092324131,-27923.40618745234
-27923.7092324131,-27922.798611019163
-27923.7092324131,-27922.556918496117
-27923.7092324131,-27923.395220162925
-27923.7092324131,-27922.607992719153
-27923.7092324131,-27922.686272023413
-27923.7092324131,-27923.475706479716
-27923.7092324131,-27922.65208140096
-27923.7092324131,-27923.54298386139
-27923.7092324131,-27923.318212520324
-27923.7092324131,-27922.79764408302
-27923.7092324131,-27922.553227829034
-27923.7092324131,-27923.337726033074
-27923.7092324131,-27923.37076472889
-27923.7092324131,-27922.53767118385
-27923.7092324131,-27923.458490608264
-27923.7092324131,-27922.48023221195
-27923.7092324131,-27923.28760254827
-27923.7092324131,-27922.594325506314
-27923.7092324131,-27922.60132562428
-27923.7092324131,-27923.36101891447
-27923.7092324131,-27922.845515021196
-27923.7092324131,-27922.586794018935
-27923.7092324131,-27922.577054818677
-27923.7092324131,-27922.883030668097
-27923.7092324131,-27923.413473285334
-27923.7092324131,-27923.395220162925
-27923.7092324131,-27923.35084061628
-27923.7092324131,-27923.548780544068
-27923.7092324131,-27922.79764408302
-27923.7092324131,-27922.728709825642
-27923.7092324131,-27923.494185748994
-27923.7092324131,-27922.99494452402
-27923.7092324131,-27922.643149945387
-27923.7092324131,-27923.770894454494
-27923.770894454494,-27922.862647765127
-27923.770894454494,-27922.530033724084
-27923.770894454494,-27922.347768625194
-27923.770894454494,-27923.483062526153
-27923.770894454494,-27922.95380089295
-27923.770894454494,-27922.70061346054
-27923.770894454494,-27922.952572010887
-27923.770894454494,-27923.337307967588
-27923.770894454494,-27922.615001601742
-27923.770894454494,-27922.71655319881
-27923.770894454494,-27922.70700429587
-27923.770894454494,-27922.887896681048
-27923.770894454494,-27922.64315641631
-27923.770894454494,-27923.439609505378
-27923.770894454494,-27922.650715651223
-27923.770894454494,-27922.900322352136
-27923.770894454494,-27923.021586243944
-27923.770894454494,-27922.937534516655
-27923.770894454494,-27922.660738681807
-27923.770894454494,-27923.35673110424
-27923.770894454494,-27922.884660219737
-27923.770894454494,-27923.021586243944
-27923.770894454494,-27922.6395265416
-27923.770894454494,-27922.361169236723
-27923.770894454494,-27922.708026729608
-27923.770894454494,-27922.594418643355
-27923.770894454494,-27923.50901963921
-27923.770894454494,-27922.832623627328
-27923.770894454494,-27922.864057915012
-27923.770894454494,-27922.436668195594
-27923.770894454494,-27923.55570144444
-27923.770894454494,-27922.363186494593
-27923.770894454494,-27922.920971494772
-27923.770894454494,-27923.519384889238
-27923.770894454494,-27922.80825580343
-27923.770894454494,-27922.712776400036
-27923.770894454494,-27922.287327568447
-27923.770894454494,-27923.43963252649
-27923.770894454494,-27922.985703153758
-27923.770894454494,-27923.556156906096
-27923.770894454494,-27922.872601305284
-27923.770894454494,-27923.44197482291
-27923.770894454494,-27922.71665895602
-27923.770894454494,-27922.558348384133
-27923.770894454494,-27922.746315228513
-27923.770894454494,-27922.48571960245
-27923.770894454494,-27922.92379086835
-27923.770894454494,-27922.363641867985
-27923.770894454494,-27923.430725398186
-27923.770894454494,-27923.37470893692
-27923.770894454494,-27923.514582271364
-27923.770894454494,-27922.37610573078
-27923.770894454494,-27922.394878524236
-27923.770894454494,-27922.60166931526
-27923.770894454494,-27922.886621675614
-27923.770894454494,-27923.588194973614
-27923.770894454494,-27923.337307967588
-27923.770894454494,-27923.45670057976
-27923.770894454494,-27922.615001601742
-27923.770894454494,-27922.394878524236
-27923.770894454494,-27922.571510667985
-27923.770894454494,-27923.524614926828
-27923.770894454494,-27923.480728902086
