2025-08-05 15:24:50.725749: E external/local_xla/xla/stream_executor/cuda/cuda_dnn.cc:10575] Unable to register cuDNN factory: Attempting to register factory for plugin cuDNN when one has already been registered
2025-08-05 15:24:50.726140: E external/local_xla/xla/stream_executor/cuda/cuda_fft.cc:479] Unable to register cuFFT factory: Attempting to register factory for plugin cuFFT when one has already been registered
2025-08-05 15:24:50.953178: E external/local_xla/xla/stream_executor/cuda/cuda_blas.cc:1442] Unable to register cuBLAS factory: Attempting to register factory for plugin cuBLAS when one has already been registered
2025-08-05 15:24:51.038846: I tensorflow/core/platform/cpu_feature_guard.cc:210] This TensorFlow binary is optimized to use available CPU instructions in performance-critical operations.
To enable the following instructions: SSE4.1 SSE4.2 AVX AVX2 FMA, in other operations, rebuild TensorFlow with the appropriate compiler flags.
WARNING:tensorflow:From /global/cfs/cdirs/m5025/pinchenx/conda_envs/dp2211/lib/python3.11/site-packages/tensorflow/python/compat/v2_compat.py:98: disable_resource_variables (from tensorflow.python.ops.resource_variables_toggle) is deprecated and will be removed in a future version.
Instructions for updating:
non-resource variables are not supported in the long term
WARNING:root:To get the best performance, it is recommended to adjust the number of threads by setting the environment variables OMP_NUM_THREADS, TF_INTRA_OP_PARALLELISM_THREADS, and TF_INTER_OP_PARALLELISM_THREADS. See https://deepmd.rtfd.io/parallelism/ for more information.
Atoms(symbols='Mg72Nb144O648Pb216', pbc=True, cell=[24.299999999999997, 24.299999999999997, 24.299999999999997], id=..., type=...)
2025-08-05 15:26:47.851579: I tensorflow/core/common_runtime/gpu/gpu_device.cc:1928] Created device /job:localhost/replica:0/task:0/device:GPU:0 with 38366 MB memory:  -> device: 0, name: NVIDIA A100-SXM4-40GB, pci bus id: 0000:41:00.0, compute capability: 8.0
2025-08-05 15:26:47.938691: I tensorflow/compiler/mlir/mlir_graph_optimization_pass.cc:388] MLIR V1 optimization pass is not enabled
2025-08-05 15:26:48.537500: I tensorflow/core/common_runtime/gpu/gpu_device.cc:1928] Created device /job:localhost/replica:0/task:0/device:GPU:0 with 38366 MB memory:  -> device: 0, name: NVIDIA A100-SXM4-40GB, pci bus id: 0000:41:00.0, compute capability: 8.0
initial E=-25.67560251794894eV/atom
========== epoch=1,  swap-1,  time cost=2.245s ==========
attempt to swap Nb and Mg succeeded, dE=-0.349eV, 
========== epoch=2,  swap-2,  time cost=1.410s ==========
attempt to swap Mg and Nb succeeded, dE=0.027eV, 
========== epoch=4,  failed swap,  time cost=1.163s ==========
attempt to swap Mg and Nb failed, dE=0.255eV, 
========== epoch=5,  swap-3,  time cost=1.100s ==========
attempt to swap Mg and Nb succeeded, dE=0.070eV, 
========== epoch=8,  swap-4,  time cost=1.396s ==========
attempt to swap Nb and Mg succeeded, dE=-0.186eV, 
========== epoch=9,  swap-5,  time cost=1.427s ==========
attempt to swap Mg and Nb succeeded, dE=-0.144eV, 
========== epoch=12,  swap-6,  time cost=1.654s ==========
attempt to swap Mg and Nb succeeded, dE=-0.301eV, 
========== epoch=14,  failed swap,  time cost=0.519s ==========
attempt to swap Mg and Nb failed, dE=0.282eV, 
========== epoch=17,  swap-7,  time cost=1.029s ==========
attempt to swap Nb and Mg succeeded, dE=-0.500eV, 
========== epoch=18,  swap-8,  time cost=1.527s ==========
attempt to swap Mg and Nb succeeded, dE=-0.345eV, 
========== epoch=21,  swap-9,  time cost=1.606s ==========
attempt to swap Nb and Mg succeeded, dE=-0.100eV, 
========== epoch=22,  failed swap,  time cost=0.864s ==========
attempt to swap Nb and Mg failed, dE=0.227eV, 
========== epoch=25,  failed swap,  time cost=0.878s ==========
attempt to swap Nb and Mg failed, dE=0.446eV, 
========== epoch=26,  failed swap,  time cost=0.584s ==========
attempt to swap Nb and Mg failed, dE=0.070eV, 
========== epoch=29,  swap-10,  time cost=1.517s ==========
attempt to swap Nb and Mg succeeded, dE=-0.085eV, 
========== epoch=30,  swap-11,  time cost=1.028s ==========
attempt to swap Nb and Mg succeeded, dE=-0.071eV, 
========== epoch=32,  failed swap,  time cost=0.817s ==========
attempt to swap Nb and Mg failed, dE=0.304eV, 
========== epoch=34,  swap-12,  time cost=1.468s ==========
attempt to swap Nb and Mg succeeded, dE=-0.084eV, 
========== epoch=36,  failed swap,  time cost=0.687s ==========
attempt to swap Mg and Nb failed, dE=0.315eV, 
========== epoch=41,  swap-13,  time cost=1.520s ==========
attempt to swap Mg and Nb succeeded, dE=-0.130eV, 
========== epoch=45,  failed swap,  time cost=0.671s ==========
attempt to swap Nb and Mg failed, dE=0.129eV, 
========== epoch=46,  failed swap,  time cost=0.410s ==========
attempt to swap Mg and Nb failed, dE=0.640eV, 
========== epoch=47,  swap-14,  time cost=1.135s ==========
attempt to swap Nb and Mg succeeded, dE=-0.191eV, 
========== epoch=49,  swap-15,  time cost=1.121s ==========
attempt to swap Mg and Nb succeeded, dE=-0.103eV, 
========== epoch=50,  swap-16,  time cost=1.703s ==========
attempt to swap Mg and Nb succeeded, dE=-0.058eV, 
========== epoch=51,  failed swap,  time cost=0.636s ==========
attempt to swap Mg and Nb failed, dE=0.195eV, 
========== epoch=52,  failed swap,  time cost=0.348s ==========
attempt to swap Mg and Nb failed, dE=0.225eV, 
========== epoch=53,  swap-17,  time cost=1.826s ==========
attempt to swap Mg and Nb succeeded, dE=-0.191eV, 
========== epoch=55,  swap-18,  time cost=1.680s ==========
attempt to swap Nb and Mg succeeded, dE=-0.119eV, 
========== epoch=56,  swap-19,  time cost=1.585s ==========
attempt to swap Nb and Mg succeeded, dE=-0.187eV, 
========== epoch=57,  failed swap,  time cost=0.506s ==========
attempt to swap Nb and Mg failed, dE=0.158eV, 
========== epoch=58,  failed swap,  time cost=0.790s ==========
attempt to swap Mg and Nb failed, dE=0.308eV, 
========== epoch=60,  swap-20,  time cost=1.315s ==========
attempt to swap Mg and Nb succeeded, dE=-0.219eV, 
========== epoch=62,  failed swap,  time cost=0.382s ==========
attempt to swap Nb and Mg failed, dE=0.112eV, 
========== epoch=63,  swap-21,  time cost=1.514s ==========
attempt to swap Nb and Mg succeeded, dE=-0.136eV, 
========== epoch=70,  failed swap,  time cost=0.461s ==========
attempt to swap Mg and Nb failed, dE=0.177eV, 
========== epoch=71,  failed swap,  time cost=0.649s ==========
attempt to swap Mg and Nb failed, dE=0.156eV, 
========== epoch=72,  swap-22,  time cost=1.242s ==========
attempt to swap Mg and Nb succeeded, dE=0.024eV, 
========== epoch=74,  failed swap,  time cost=0.604s ==========
attempt to swap Mg and Nb failed, dE=0.164eV, 
========== epoch=75,  swap-23,  time cost=1.458s ==========
attempt to swap Nb and Mg succeeded, dE=-0.012eV, 
========== epoch=82,  failed swap,  time cost=0.585s ==========
attempt to swap Mg and Nb failed, dE=0.169eV, 
========== epoch=86,  failed swap,  time cost=0.684s ==========
attempt to swap Mg and Nb failed, dE=0.250eV, 
========== epoch=88,  failed swap,  time cost=0.840s ==========
attempt to swap Mg and Nb failed, dE=0.621eV, 
========== epoch=90,  swap-24,  time cost=1.687s ==========
attempt to swap Nb and Mg succeeded, dE=-0.029eV, 
========== epoch=91,  swap-25,  time cost=0.931s ==========
attempt to swap Nb and Mg succeeded, dE=-0.197eV, 
========== epoch=93,  failed swap,  time cost=0.545s ==========
attempt to swap Mg and Nb failed, dE=0.401eV, 
========== epoch=94,  failed swap,  time cost=0.458s ==========
attempt to swap Nb and Mg failed, dE=0.291eV, 
========== epoch=96,  failed swap,  time cost=0.453s ==========
attempt to swap Nb and Mg failed, dE=0.095eV, 
========== epoch=97,  failed swap,  time cost=0.426s ==========
attempt to swap Mg and Nb failed, dE=0.333eV, 
========== epoch=98,  failed swap,  time cost=0.520s ==========
attempt to swap Nb and Mg failed, dE=0.279eV, 
========== epoch=99,  failed swap,  time cost=0.513s ==========
attempt to swap Nb and Mg failed, dE=0.209eV, 
========== epoch=101,  swap-26,  time cost=1.273s ==========
attempt to swap Nb and Mg succeeded, dE=-0.198eV, 
========== epoch=104,  failed swap,  time cost=0.692s ==========
attempt to swap Mg and Nb failed, dE=0.341eV, 
========== epoch=107,  failed swap,  time cost=0.558s ==========
attempt to swap Nb and Mg failed, dE=0.403eV, 
========== epoch=110,  failed swap,  time cost=1.102s ==========
attempt to swap Mg and Nb failed, dE=0.119eV, 
========== epoch=112,  failed swap,  time cost=0.442s ==========
attempt to swap Nb and Mg failed, dE=0.126eV, 
========== epoch=116,  swap-27,  time cost=1.130s ==========
attempt to swap Mg and Nb succeeded, dE=0.064eV, 
========== epoch=122,  swap-28,  time cost=1.299s ==========
attempt to swap Nb and Mg succeeded, dE=-0.140eV, 
========== epoch=123,  swap-29,  time cost=0.947s ==========
attempt to swap Mg and Nb succeeded, dE=-0.151eV, 
========== epoch=126,  swap-30,  time cost=0.950s ==========
attempt to swap Mg and Nb succeeded, dE=-0.359eV, 
========== epoch=127,  swap-31,  time cost=1.050s ==========
attempt to swap Mg and Nb succeeded, dE=0.037eV, 
========== epoch=129,  failed swap,  time cost=0.467s ==========
attempt to swap Nb and Mg failed, dE=0.172eV, 
========== epoch=132,  swap-32,  time cost=1.686s ==========
attempt to swap Nb and Mg succeeded, dE=-0.061eV, 
========== epoch=133,  swap-33,  time cost=1.779s ==========
attempt to swap Nb and Mg succeeded, dE=-0.160eV, 
========== epoch=134,  failed swap,  time cost=0.826s ==========
attempt to swap Nb and Mg failed, dE=0.467eV, 
========== epoch=136,  swap-34,  time cost=1.843s ==========
attempt to swap Mg and Nb succeeded, dE=0.153eV, 
========== epoch=137,  failed swap,  time cost=1.109s ==========
attempt to swap Mg and Nb failed, dE=0.171eV, 
========== epoch=139,  failed swap,  time cost=0.626s ==========
attempt to swap Mg and Nb failed, dE=0.526eV, 
========== epoch=140,  swap-35,  time cost=1.427s ==========
attempt to swap Nb and Mg succeeded, dE=-0.021eV, 
========== epoch=143,  swap-36,  time cost=1.310s ==========
attempt to swap Nb and Mg succeeded, dE=-0.062eV, 
========== epoch=146,  failed swap,  time cost=0.549s ==========
attempt to swap Nb and Mg failed, dE=0.392eV, 
========== epoch=149,  failed swap,  time cost=1.063s ==========
attempt to swap Mg and Nb failed, dE=0.175eV, 
========== epoch=150,  swap-37,  time cost=1.583s ==========
attempt to swap Nb and Mg succeeded, dE=-0.207eV, 
========== epoch=151,  failed swap,  time cost=0.521s ==========
attempt to swap Mg and Nb failed, dE=0.517eV, 
========== epoch=152,  failed swap,  time cost=0.957s ==========
attempt to swap Nb and Mg failed, dE=0.039eV, 
========== epoch=153,  swap-38,  time cost=1.457s ==========
attempt to swap Nb and Mg succeeded, dE=0.076eV, 
========== epoch=155,  swap-39,  time cost=1.295s ==========
attempt to swap Nb and Mg succeeded, dE=-0.142eV, 
========== epoch=160,  failed swap,  time cost=0.795s ==========
attempt to swap Nb and Mg failed, dE=0.209eV, 
========== epoch=161,  failed swap,  time cost=0.639s ==========
attempt to swap Mg and Nb failed, dE=0.119eV, 
========== epoch=165,  swap-40,  time cost=1.587s ==========
attempt to swap Mg and Nb succeeded, dE=-0.017eV, 
========== epoch=167,  failed swap,  time cost=0.710s ==========
attempt to swap Mg and Nb failed, dE=0.046eV, 
========== epoch=169,  failed swap,  time cost=0.460s ==========
attempt to swap Mg and Nb failed, dE=0.331eV, 
========== epoch=175,  swap-41,  time cost=1.544s ==========
attempt to swap Nb and Mg succeeded, dE=-0.010eV, 
========== epoch=179,  swap-42,  time cost=0.766s ==========
attempt to swap Nb and Nb succeeded, dE=0.000eV, 
========== epoch=180,  failed swap,  time cost=0.485s ==========
attempt to swap Mg and Nb failed, dE=0.061eV, 
========== epoch=182,  failed swap,  time cost=0.857s ==========
attempt to swap Mg and Nb failed, dE=0.259eV, 
========== epoch=183,  swap-43,  time cost=0.988s ==========
attempt to swap Nb and Mg succeeded, dE=-0.172eV, 
========== epoch=185,  swap-44,  time cost=1.004s ==========
attempt to swap Nb and Mg succeeded, dE=-0.100eV, 
========== epoch=195,  failed swap,  time cost=0.515s ==========
attempt to swap Mg and Nb failed, dE=0.125eV, 
========== epoch=197,  failed swap,  time cost=0.334s ==========
attempt to swap Mg and Nb failed, dE=0.095eV, 
========== epoch=199,  failed swap,  time cost=0.596s ==========
attempt to swap Nb and Mg failed, dE=0.269eV, 
========== epoch=201,  failed swap,  time cost=0.468s ==========
attempt to swap Mg and Nb failed, dE=0.150eV, 
========== epoch=202,  failed swap,  time cost=0.414s ==========
attempt to swap Mg and Nb failed, dE=0.519eV, 
========== epoch=203,  failed swap,  time cost=0.378s ==========
attempt to swap Nb and Mg failed, dE=0.629eV, 
========== epoch=204,  failed swap,  time cost=0.392s ==========
attempt to swap Nb and Mg failed, dE=0.481eV, 
========== epoch=207,  failed swap,  time cost=1.194s ==========
attempt to swap Nb and Mg failed, dE=0.760eV, 
========== epoch=208,  swap-45,  time cost=0.922s ==========
attempt to swap Mg and Nb succeeded, dE=-0.078eV, 
========== epoch=209,  failed swap,  time cost=0.724s ==========
attempt to swap Mg and Nb failed, dE=0.415eV, 
========== epoch=211,  failed swap,  time cost=0.377s ==========
attempt to swap Mg and Nb failed, dE=0.705eV, 
========== epoch=214,  failed swap,  time cost=0.617s ==========
attempt to swap Nb and Mg failed, dE=0.747eV, 
========== epoch=217,  swap-46,  time cost=1.016s ==========
attempt to swap Nb and Mg succeeded, dE=-0.022eV, 
========== epoch=219,  failed swap,  time cost=1.206s ==========
attempt to swap Nb and Mg failed, dE=0.369eV, 
========== epoch=221,  swap-47,  time cost=1.068s ==========
attempt to swap Mg and Nb succeeded, dE=0.023eV, 
========== epoch=223,  swap-48,  time cost=1.029s ==========
attempt to swap Mg and Nb succeeded, dE=-0.035eV, 
========== epoch=226,  failed swap,  time cost=0.502s ==========
attempt to swap Nb and Mg failed, dE=0.145eV, 
========== epoch=229,  failed swap,  time cost=0.487s ==========
attempt to swap Nb and Mg failed, dE=0.280eV, 
========== epoch=233,  failed swap,  time cost=0.709s ==========
attempt to swap Nb and Mg failed, dE=0.434eV, 
========== epoch=234,  failed swap,  time cost=0.433s ==========
attempt to swap Mg and Nb failed, dE=0.418eV, 
========== epoch=235,  failed swap,  time cost=0.656s ==========
attempt to swap Nb and Mg failed, dE=0.204eV, 
========== epoch=236,  failed swap,  time cost=0.716s ==========
attempt to swap Nb and Mg failed, dE=0.050eV, 
========== epoch=241,  failed swap,  time cost=0.476s ==========
attempt to swap Nb and Mg failed, dE=0.297eV, 
========== epoch=243,  failed swap,  time cost=1.130s ==========
attempt to swap Nb and Mg failed, dE=0.206eV, 
========== epoch=244,  failed swap,  time cost=0.589s ==========
attempt to swap Mg and Nb failed, dE=0.425eV, 
========== epoch=246,  failed swap,  time cost=0.414s ==========
attempt to swap Mg and Nb failed, dE=0.092eV, 
========== epoch=248,  failed swap,  time cost=0.661s ==========
attempt to swap Nb and Mg failed, dE=0.204eV, 
========== epoch=249,  swap-49,  time cost=1.113s ==========
attempt to swap Nb and Mg succeeded, dE=0.059eV, 
========== epoch=250,  failed swap,  time cost=1.026s ==========
attempt to swap Mg and Nb failed, dE=0.058eV, 
========== epoch=252,  failed swap,  time cost=0.415s ==========
attempt to swap Nb and Mg failed, dE=0.171eV, 
========== epoch=258,  failed swap,  time cost=0.500s ==========
attempt to swap Nb and Mg failed, dE=0.272eV, 
========== epoch=260,  failed swap,  time cost=0.416s ==========
attempt to swap Nb and Mg failed, dE=0.400eV, 
========== epoch=263,  failed swap,  time cost=0.659s ==========
attempt to swap Nb and Mg failed, dE=0.161eV, 
========== epoch=264,  failed swap,  time cost=0.599s ==========
attempt to swap Nb and Mg failed, dE=0.119eV, 
========== epoch=265,  failed swap,  time cost=1.213s ==========
attempt to swap Mg and Nb failed, dE=0.338eV, 
========== epoch=266,  swap-50,  time cost=1.033s ==========
attempt to swap Nb and Mg succeeded, dE=-0.118eV, 
========== epoch=267,  failed swap,  time cost=0.851s ==========
attempt to swap Mg and Nb failed, dE=0.289eV, 
========== epoch=268,  failed swap,  time cost=0.654s ==========
attempt to swap Nb and Mg failed, dE=0.436eV, 
========== epoch=269,  failed swap,  time cost=0.883s ==========
attempt to swap Mg and Nb failed, dE=0.237eV, 
========== epoch=272,  swap-51,  time cost=1.250s ==========
attempt to swap Nb and Mg succeeded, dE=0.067eV, 
========== epoch=273,  swap-52,  time cost=1.332s ==========
attempt to swap Nb and Mg succeeded, dE=-0.050eV, 
========== epoch=275,  failed swap,  time cost=0.493s ==========
attempt to swap Nb and Mg failed, dE=0.253eV, 
========== epoch=277,  failed swap,  time cost=0.427s ==========
attempt to swap Mg and Nb failed, dE=0.529eV, 
========== epoch=283,  swap-53,  time cost=1.614s ==========
attempt to swap Mg and Nb succeeded, dE=-0.066eV, 
========== epoch=284,  failed swap,  time cost=0.970s ==========
attempt to swap Mg and Nb failed, dE=0.308eV, 
========== epoch=286,  failed swap,  time cost=0.935s ==========
attempt to swap Mg and Nb failed, dE=0.697eV, 
========== epoch=287,  failed swap,  time cost=0.590s ==========
attempt to swap Nb and Mg failed, dE=0.288eV, 
========== epoch=289,  swap-54,  time cost=1.106s ==========
attempt to swap Mg and Nb succeeded, dE=-0.274eV, 
========== epoch=294,  failed swap,  time cost=0.709s ==========
attempt to swap Mg and Nb failed, dE=0.157eV, 
========== epoch=297,  failed swap,  time cost=0.833s ==========
attempt to swap Mg and Nb failed, dE=0.644eV, 
========== epoch=298,  swap-55,  time cost=1.568s ==========
attempt to swap Mg and Nb succeeded, dE=-0.028eV, 
========== epoch=303,  swap-56,  time cost=1.059s ==========
attempt to swap Nb and Mg succeeded, dE=0.050eV, 
========== epoch=304,  failed swap,  time cost=0.934s ==========
attempt to swap Mg and Nb failed, dE=0.326eV, 
========== epoch=308,  swap-57,  time cost=1.774s ==========
attempt to swap Mg and Nb succeeded, dE=0.036eV, 
========== epoch=310,  failed swap,  time cost=0.595s ==========
attempt to swap Mg and Nb failed, dE=0.417eV, 
========== epoch=311,  failed swap,  time cost=0.586s ==========
attempt to swap Nb and Mg failed, dE=0.317eV, 
========== epoch=313,  failed swap,  time cost=0.418s ==========
attempt to swap Mg and Nb failed, dE=0.909eV, 
========== epoch=314,  failed swap,  time cost=0.428s ==========
attempt to swap Nb and Mg failed, dE=0.352eV, 
========== epoch=315,  failed swap,  time cost=0.409s ==========
attempt to swap Nb and Mg failed, dE=0.465eV, 
========== epoch=317,  failed swap,  time cost=0.659s ==========
attempt to swap Mg and Nb failed, dE=0.420eV, 
========== epoch=319,  swap-58,  time cost=1.502s ==========
attempt to swap Mg and Nb succeeded, dE=0.057eV, 
========== epoch=325,  failed swap,  time cost=0.997s ==========
attempt to swap Nb and Mg failed, dE=0.129eV, 
========== epoch=327,  swap-59,  time cost=1.224s ==========
attempt to swap Mg and Nb succeeded, dE=-0.088eV, 
========== epoch=329,  swap-60,  time cost=1.186s ==========
attempt to swap Nb and Mg succeeded, dE=0.033eV, 
========== epoch=330,  failed swap,  time cost=0.656s ==========
attempt to swap Mg and Nb failed, dE=0.362eV, 
========== epoch=331,  swap-61,  time cost=1.177s ==========
attempt to swap Mg and Nb succeeded, dE=0.078eV, 
========== epoch=332,  swap-62,  time cost=1.055s ==========
attempt to swap Nb and Mg succeeded, dE=-0.002eV, 
========== epoch=333,  failed swap,  time cost=1.203s ==========
attempt to swap Nb and Mg failed, dE=0.350eV, 
========== epoch=338,  failed swap,  time cost=0.457s ==========
attempt to swap Mg and Nb failed, dE=0.432eV, 
========== epoch=339,  failed swap,  time cost=0.386s ==========
attempt to swap Nb and Mg failed, dE=0.290eV, 
========== epoch=343,  swap-63,  time cost=1.010s ==========
attempt to swap Mg and Nb succeeded, dE=-0.141eV, 
========== epoch=345,  swap-64,  time cost=1.011s ==========
attempt to swap Nb and Mg succeeded, dE=-0.170eV, 
========== epoch=346,  failed swap,  time cost=0.846s ==========
attempt to swap Mg and Nb failed, dE=0.432eV, 
========== epoch=348,  failed swap,  time cost=0.945s ==========
attempt to swap Nb and Mg failed, dE=0.066eV, 
========== epoch=350,  swap-65,  time cost=1.461s ==========
attempt to swap Mg and Nb succeeded, dE=0.084eV, 
========== epoch=352,  swap-66,  time cost=1.459s ==========
attempt to swap Mg and Nb succeeded, dE=0.020eV, 
========== epoch=353,  swap-67,  time cost=0.995s ==========
attempt to swap Nb and Mg succeeded, dE=-0.040eV, 
========== epoch=354,  failed swap,  time cost=0.459s ==========
attempt to swap Nb and Mg failed, dE=0.259eV, 
========== epoch=355,  failed swap,  time cost=1.025s ==========
attempt to swap Mg and Nb failed, dE=0.047eV, 
========== epoch=356,  failed swap,  time cost=0.785s ==========
attempt to swap Mg and Nb failed, dE=0.169eV, 
========== epoch=357,  failed swap,  time cost=0.596s ==========
attempt to swap Nb and Mg failed, dE=0.133eV, 
========== epoch=358,  failed swap,  time cost=0.611s ==========
attempt to swap Mg and Nb failed, dE=0.205eV, 
========== epoch=362,  failed swap,  time cost=1.156s ==========
attempt to swap Nb and Mg failed, dE=0.132eV, 
========== epoch=365,  failed swap,  time cost=0.794s ==========
attempt to swap Nb and Mg failed, dE=0.602eV, 
========== epoch=367,  failed swap,  time cost=0.642s ==========
attempt to swap Mg and Nb failed, dE=0.099eV, 
========== epoch=369,  swap-68,  time cost=1.340s ==========
attempt to swap Mg and Nb succeeded, dE=-0.379eV, 
========== epoch=370,  failed swap,  time cost=0.504s ==========
attempt to swap Mg and Nb failed, dE=0.190eV, 
========== epoch=373,  swap-69,  time cost=1.101s ==========
attempt to swap Mg and Nb succeeded, dE=-0.137eV, 
========== epoch=375,  failed swap,  time cost=0.986s ==========
attempt to swap Nb and Mg failed, dE=0.563eV, 
========== epoch=377,  failed swap,  time cost=0.479s ==========
attempt to swap Nb and Mg failed, dE=0.062eV, 
========== epoch=378,  failed swap,  time cost=0.387s ==========
attempt to swap Nb and Mg failed, dE=0.580eV, 
========== epoch=379,  failed swap,  time cost=0.719s ==========
attempt to swap Nb and Mg failed, dE=0.199eV, 
========== epoch=381,  failed swap,  time cost=1.144s ==========
attempt to swap Mg and Nb failed, dE=0.188eV, 
========== epoch=382,  failed swap,  time cost=0.625s ==========
attempt to swap Mg and Nb failed, dE=0.589eV, 
========== epoch=383,  failed swap,  time cost=0.795s ==========
attempt to swap Mg and Nb failed, dE=0.447eV, 
========== epoch=385,  failed swap,  time cost=0.511s ==========
attempt to swap Nb and Mg failed, dE=0.246eV, 
========== epoch=387,  failed swap,  time cost=0.467s ==========
attempt to swap Nb and Mg failed, dE=0.246eV, 
========== epoch=388,  failed swap,  time cost=0.608s ==========
attempt to swap Nb and Mg failed, dE=0.444eV, 
========== epoch=389,  failed swap,  time cost=0.401s ==========
attempt to swap Mg and Nb failed, dE=0.197eV, 
========== epoch=391,  failed swap,  time cost=0.393s ==========
attempt to swap Mg and Nb failed, dE=0.483eV, 
========== epoch=392,  failed swap,  time cost=0.430s ==========
attempt to swap Nb and Mg failed, dE=1.059eV, 
========== epoch=400,  failed swap,  time cost=0.504s ==========
attempt to swap Mg and Nb failed, dE=0.110eV, 
========== epoch=402,  swap-70,  time cost=1.178s ==========
attempt to swap Nb and Mg succeeded, dE=0.085eV, 
========== epoch=403,  failed swap,  time cost=0.516s ==========
attempt to swap Nb and Mg failed, dE=0.157eV, 
========== epoch=404,  failed swap,  time cost=0.442s ==========
attempt to swap Mg and Nb failed, dE=0.872eV, 
========== epoch=405,  failed swap,  time cost=0.866s ==========
attempt to swap Mg and Nb failed, dE=0.765eV, 
========== epoch=406,  failed swap,  time cost=1.014s ==========
attempt to swap Nb and Mg failed, dE=0.059eV, 
========== epoch=413,  failed swap,  time cost=0.738s ==========
attempt to swap Nb and Mg failed, dE=0.394eV, 
========== epoch=414,  swap-71,  time cost=1.317s ==========
attempt to swap Mg and Nb succeeded, dE=0.048eV, 
========== epoch=415,  failed swap,  time cost=0.435s ==========
attempt to swap Mg and Nb failed, dE=0.145eV, 
========== epoch=416,  swap-72,  time cost=1.228s ==========
attempt to swap Nb and Mg succeeded, dE=-0.006eV, 
========== epoch=421,  failed swap,  time cost=0.511s ==========
attempt to swap Mg and Nb failed, dE=0.341eV, 
========== epoch=422,  failed swap,  time cost=0.470s ==========
attempt to swap Mg and Nb failed, dE=0.169eV, 
========== epoch=423,  swap-73,  time cost=1.174s ==========
attempt to swap Nb and Mg succeeded, dE=-0.169eV, 
========== epoch=424,  failed swap,  time cost=0.618s ==========
attempt to swap Nb and Mg failed, dE=0.086eV, 
========== epoch=425,  failed swap,  time cost=0.625s ==========
attempt to swap Nb and Mg failed, dE=0.360eV, 
========== epoch=432,  swap-74,  time cost=1.241s ==========
attempt to swap Nb and Mg succeeded, dE=-0.023eV, 
========== epoch=436,  failed swap,  time cost=1.134s ==========
attempt to swap Mg and Nb failed, dE=0.299eV, 
========== epoch=438,  failed swap,  time cost=0.732s ==========
attempt to swap Mg and Nb failed, dE=0.189eV, 
========== epoch=439,  failed swap,  time cost=0.866s ==========
attempt to swap Nb and Mg failed, dE=0.221eV, 
========== epoch=441,  failed swap,  time cost=0.880s ==========
attempt to swap Mg and Nb failed, dE=0.399eV, 
========== epoch=442,  failed swap,  time cost=0.437s ==========
attempt to swap Nb and Mg failed, dE=0.287eV, 
========== epoch=446,  failed swap,  time cost=0.385s ==========
attempt to swap Mg and Nb failed, dE=0.211eV, 
========== epoch=447,  swap-75,  time cost=1.274s ==========
attempt to swap Nb and Mg succeeded, dE=-0.086eV, 
========== epoch=450,  failed swap,  time cost=1.179s ==========
attempt to swap Nb and Mg failed, dE=0.231eV, 
========== epoch=454,  swap-76,  time cost=1.549s ==========
attempt to swap Mg and Nb succeeded, dE=-0.044eV, 
========== epoch=457,  failed swap,  time cost=0.741s ==========
attempt to swap Nb and Mg failed, dE=0.295eV, 
========== epoch=458,  failed swap,  time cost=0.510s ==========
attempt to swap Mg and Nb failed, dE=0.425eV, 
========== epoch=459,  failed swap,  time cost=0.659s ==========
attempt to swap Nb and Mg failed, dE=0.527eV, 
========== epoch=464,  failed swap,  time cost=0.574s ==========
attempt to swap Mg and Nb failed, dE=0.597eV, 
========== epoch=466,  failed swap,  time cost=1.002s ==========
attempt to swap Mg and Nb failed, dE=0.437eV, 
========== epoch=467,  failed swap,  time cost=0.625s ==========
attempt to swap Nb and Mg failed, dE=0.366eV, 
========== epoch=468,  failed swap,  time cost=0.501s ==========
attempt to swap Mg and Nb failed, dE=0.488eV, 
========== epoch=472,  failed swap,  time cost=0.506s ==========
attempt to swap Mg and Nb failed, dE=0.299eV, 
========== epoch=473,  failed swap,  time cost=0.522s ==========
attempt to swap Mg and Nb failed, dE=0.187eV, 
========== epoch=475,  failed swap,  time cost=0.621s ==========
attempt to swap Mg and Nb failed, dE=0.005eV, 
========== epoch=478,  failed swap,  time cost=0.723s ==========
attempt to swap Mg and Nb failed, dE=0.256eV, 
========== epoch=481,  failed swap,  time cost=1.157s ==========
attempt to swap Nb and Mg failed, dE=0.277eV, 
========== epoch=486,  failed swap,  time cost=0.538s ==========
attempt to swap Nb and Mg failed, dE=0.355eV, 
========== epoch=490,  failed swap,  time cost=1.258s ==========
attempt to swap Mg and Nb failed, dE=0.116eV, 
========== epoch=491,  failed swap,  time cost=0.537s ==========
attempt to swap Nb and Mg failed, dE=0.721eV, 
========== epoch=496,  swap-77,  time cost=1.044s ==========
attempt to swap Mg and Nb succeeded, dE=0.043eV, 
========== epoch=504,  swap-78,  time cost=1.458s ==========
attempt to swap Nb and Mg succeeded, dE=-0.244eV, 
========== epoch=508,  failed swap,  time cost=0.759s ==========
attempt to swap Nb and Mg failed, dE=0.871eV, 
========== epoch=509,  failed swap,  time cost=0.763s ==========
attempt to swap Nb and Mg failed, dE=0.307eV, 
========== epoch=512,  failed swap,  time cost=0.905s ==========
attempt to swap Nb and Mg failed, dE=0.244eV, 
========== epoch=515,  failed swap,  time cost=0.662s ==========
attempt to swap Mg and Nb failed, dE=0.140eV, 
========== epoch=517,  swap-79,  time cost=1.262s ==========
attempt to swap Nb and Mg succeeded, dE=0.057eV, 
========== epoch=518,  failed swap,  time cost=0.963s ==========
attempt to swap Nb and Mg failed, dE=0.199eV, 
========== epoch=522,  failed swap,  time cost=0.468s ==========
attempt to swap Nb and Mg failed, dE=0.595eV, 
========== epoch=523,  failed swap,  time cost=1.046s ==========
attempt to swap Mg and Nb failed, dE=0.330eV, 
========== epoch=525,  failed swap,  time cost=0.513s ==========
attempt to swap Nb and Mg failed, dE=0.181eV, 
========== epoch=527,  failed swap,  time cost=0.789s ==========
attempt to swap Nb and Mg failed, dE=0.064eV, 
========== epoch=528,  swap-80,  time cost=2.139s ==========
attempt to swap Nb and Mg succeeded, dE=-0.234eV, 
========== epoch=534,  failed swap,  time cost=0.433s ==========
attempt to swap Nb and Mg failed, dE=0.530eV, 
========== epoch=535,  failed swap,  time cost=0.763s ==========
attempt to swap Mg and Nb failed, dE=0.260eV, 
========== epoch=536,  failed swap,  time cost=0.570s ==========
attempt to swap Nb and Mg failed, dE=0.253eV, 
========== epoch=537,  failed swap,  time cost=0.661s ==========
attempt to swap Nb and Mg failed, dE=0.379eV, 
========== epoch=538,  failed swap,  time cost=0.731s ==========
attempt to swap Mg and Nb failed, dE=0.253eV, 
========== epoch=539,  swap-81,  time cost=1.249s ==========
attempt to swap Nb and Mg succeeded, dE=-0.157eV, 
========== epoch=540,  failed swap,  time cost=0.531s ==========
attempt to swap Nb and Mg failed, dE=0.570eV, 
========== epoch=546,  failed swap,  time cost=0.350s ==========
attempt to swap Nb and Mg failed, dE=0.491eV, 
========== epoch=547,  failed swap,  time cost=0.450s ==========
attempt to swap Mg and Nb failed, dE=0.573eV, 
========== epoch=550,  failed swap,  time cost=0.624s ==========
attempt to swap Mg and Nb failed, dE=0.379eV, 
========== epoch=551,  failed swap,  time cost=0.745s ==========
attempt to swap Mg and Nb failed, dE=0.268eV, 
========== epoch=559,  failed swap,  time cost=0.574s ==========
attempt to swap Mg and Nb failed, dE=0.384eV, 
========== epoch=561,  failed swap,  time cost=0.440s ==========
attempt to swap Mg and Nb failed, dE=0.073eV, 
========== epoch=563,  failed swap,  time cost=0.382s ==========
attempt to swap Nb and Mg failed, dE=0.060eV, 
========== epoch=565,  failed swap,  time cost=0.528s ==========
attempt to swap Nb and Mg failed, dE=0.045eV, 
========== epoch=568,  failed swap,  time cost=0.902s ==========
attempt to swap Nb and Mg failed, dE=0.322eV, 
========== epoch=570,  failed swap,  time cost=0.618s ==========
attempt to swap Mg and Nb failed, dE=0.397eV, 
========== epoch=572,  failed swap,  time cost=0.597s ==========
attempt to swap Mg and Nb failed, dE=0.340eV, 
========== epoch=573,  failed swap,  time cost=0.335s ==========
attempt to swap Mg and Nb failed, dE=0.491eV, 
========== epoch=574,  failed swap,  time cost=0.510s ==========
attempt to swap Nb and Mg failed, dE=0.184eV, 
========== epoch=575,  failed swap,  time cost=0.411s ==========
attempt to swap Mg and Nb failed, dE=0.239eV, 
========== epoch=577,  failed swap,  time cost=0.669s ==========
attempt to swap Mg and Nb failed, dE=0.277eV, 
========== epoch=579,  failed swap,  time cost=0.624s ==========
attempt to swap Nb and Mg failed, dE=0.220eV, 
========== epoch=580,  failed swap,  time cost=0.440s ==========
attempt to swap Nb and Mg failed, dE=0.385eV, 
========== epoch=582,  swap-82,  time cost=1.158s ==========
attempt to swap Nb and Mg succeeded, dE=-0.006eV, 
========== epoch=583,  swap-83,  time cost=1.041s ==========
attempt to swap Mg and Nb succeeded, dE=-0.023eV, 
========== epoch=586,  failed swap,  time cost=0.763s ==========
attempt to swap Nb and Mg failed, dE=0.303eV, 
========== epoch=593,  failed swap,  time cost=0.470s ==========
attempt to swap Mg and Nb failed, dE=0.166eV, 
========== epoch=594,  failed swap,  time cost=0.508s ==========
attempt to swap Nb and Mg failed, dE=0.379eV, 
========== epoch=595,  failed swap,  time cost=0.752s ==========
attempt to swap Nb and Mg failed, dE=0.160eV, 
========== epoch=597,  failed swap,  time cost=1.056s ==========
attempt to swap Mg and Nb failed, dE=0.285eV, 
========== epoch=598,  failed swap,  time cost=0.902s ==========
attempt to swap Mg and Nb failed, dE=0.509eV, 
========== epoch=604,  failed swap,  time cost=0.434s ==========
attempt to swap Mg and Nb failed, dE=0.311eV, 
========== epoch=612,  swap-84,  time cost=1.369s ==========
attempt to swap Mg and Nb succeeded, dE=0.193eV, 
========== epoch=613,  failed swap,  time cost=0.792s ==========
attempt to swap Nb and Mg failed, dE=0.460eV, 
========== epoch=614,  failed swap,  time cost=0.808s ==========
attempt to swap Mg and Nb failed, dE=0.165eV, 
========== epoch=615,  swap-85,  time cost=1.387s ==========
attempt to swap Nb and Mg succeeded, dE=-0.095eV, 
========== epoch=619,  failed swap,  time cost=0.488s ==========
attempt to swap Mg and Nb failed, dE=0.423eV, 
========== epoch=625,  failed swap,  time cost=0.556s ==========
attempt to swap Mg and Nb failed, dE=0.497eV, 
========== epoch=627,  failed swap,  time cost=0.412s ==========
attempt to swap Nb and Mg failed, dE=0.508eV, 
========== epoch=630,  failed swap,  time cost=0.852s ==========
attempt to swap Nb and Mg failed, dE=0.353eV, 
========== epoch=632,  failed swap,  time cost=0.418s ==========
attempt to swap Mg and Nb failed, dE=0.204eV, 
========== epoch=635,  failed swap,  time cost=0.402s ==========
attempt to swap Nb and Mg failed, dE=0.024eV, 
========== epoch=638,  failed swap,  time cost=0.499s ==========
attempt to swap Nb and Mg failed, dE=0.511eV, 
========== epoch=641,  failed swap,  time cost=0.772s ==========
attempt to swap Nb and Mg failed, dE=0.312eV, 
========== epoch=643,  failed swap,  time cost=0.674s ==========
attempt to swap Mg and Nb failed, dE=0.606eV, 
========== epoch=646,  failed swap,  time cost=0.369s ==========
attempt to swap Mg and Nb failed, dE=0.428eV, 
========== epoch=649,  failed swap,  time cost=0.847s ==========
attempt to swap Nb and Mg failed, dE=0.276eV, 
========== epoch=650,  failed swap,  time cost=1.161s ==========
attempt to swap Nb and Mg failed, dE=0.212eV, 
========== epoch=653,  failed swap,  time cost=0.558s ==========
attempt to swap Nb and Mg failed, dE=0.404eV, 
========== epoch=654,  failed swap,  time cost=0.674s ==========
attempt to swap Mg and Nb failed, dE=0.606eV, 
========== epoch=655,  failed swap,  time cost=0.436s ==========
attempt to swap Nb and Mg failed, dE=0.553eV, 
========== epoch=656,  failed swap,  time cost=0.509s ==========
attempt to swap Mg and Nb failed, dE=0.395eV, 
========== epoch=657,  failed swap,  time cost=0.467s ==========
attempt to swap Nb and Mg failed, dE=0.556eV, 
========== epoch=659,  failed swap,  time cost=0.731s ==========
attempt to swap Nb and Mg failed, dE=0.555eV, 
========== epoch=662,  failed swap,  time cost=0.374s ==========
attempt to swap Nb and Mg failed, dE=0.464eV, 
========== epoch=665,  swap-86,  time cost=1.119s ==========
attempt to swap Mg and Nb succeeded, dE=-0.046eV, 
========== epoch=666,  failed swap,  time cost=0.590s ==========
attempt to swap Nb and Mg failed, dE=0.556eV, 
========== epoch=667,  failed swap,  time cost=0.417s ==========
attempt to swap Nb and Mg failed, dE=0.631eV, 
========== epoch=668,  failed swap,  time cost=0.649s ==========
attempt to swap Mg and Nb failed, dE=0.171eV, 
========== epoch=671,  failed swap,  time cost=0.478s ==========
attempt to swap Mg and Nb failed, dE=0.622eV, 
========== epoch=672,  failed swap,  time cost=0.864s ==========
attempt to swap Nb and Mg failed, dE=0.423eV, 
========== epoch=674,  swap-87,  time cost=1.395s ==========
attempt to swap Nb and Mg succeeded, dE=-0.000eV, 
========== epoch=677,  failed swap,  time cost=3.315s ==========
attempt to swap Mg and Nb failed, dE=0.063eV, 
========== epoch=678,  failed swap,  time cost=0.752s ==========
attempt to swap Mg and Nb failed, dE=0.216eV, 
========== epoch=679,  failed swap,  time cost=0.768s ==========
attempt to swap Nb and Mg failed, dE=0.315eV, 
========== epoch=681,  failed swap,  time cost=0.600s ==========
attempt to swap Mg and Nb failed, dE=0.700eV, 
========== epoch=686,  failed swap,  time cost=0.656s ==========
attempt to swap Nb and Mg failed, dE=0.816eV, 
========== epoch=691,  failed swap,  time cost=1.147s ==========
attempt to swap Nb and Mg failed, dE=0.375eV, 
========== epoch=692,  failed swap,  time cost=1.050s ==========
attempt to swap Nb and Mg failed, dE=0.408eV, 
========== epoch=693,  failed swap,  time cost=1.158s ==========
attempt to swap Nb and Mg failed, dE=0.648eV, 
========== epoch=697,  failed swap,  time cost=0.904s ==========
attempt to swap Mg and Nb failed, dE=0.313eV, 
========== epoch=698,  failed swap,  time cost=0.436s ==========
attempt to swap Mg and Nb failed, dE=0.186eV, 
========== epoch=700,  failed swap,  time cost=0.673s ==========
attempt to swap Mg and Nb failed, dE=0.423eV, 
========== epoch=701,  swap-88,  time cost=1.313s ==========
attempt to swap Mg and Nb succeeded, dE=-0.056eV, 
========== epoch=702,  failed swap,  time cost=0.476s ==========
attempt to swap Nb and Mg failed, dE=0.380eV, 
========== epoch=710,  failed swap,  time cost=0.731s ==========
attempt to swap Nb and Mg failed, dE=0.167eV, 
========== epoch=712,  failed swap,  time cost=0.458s ==========
attempt to swap Nb and Mg failed, dE=0.159eV, 
========== epoch=713,  failed swap,  time cost=0.466s ==========
attempt to swap Mg and Nb failed, dE=0.103eV, 
========== epoch=716,  swap-89,  time cost=1.389s ==========
attempt to swap Mg and Nb succeeded, dE=0.017eV, 
========== epoch=717,  swap-90,  time cost=1.065s ==========
attempt to swap Mg and Nb succeeded, dE=-0.079eV, 
========== epoch=718,  failed swap,  time cost=0.491s ==========
attempt to swap Mg and Nb failed, dE=0.398eV, 
========== epoch=722,  failed swap,  time cost=0.435s ==========
attempt to swap Mg and Nb failed, dE=0.883eV, 
========== epoch=723,  failed swap,  time cost=0.882s ==========
attempt to swap Nb and Mg failed, dE=0.483eV, 
========== epoch=724,  failed swap,  time cost=1.132s ==========
attempt to swap Nb and Mg failed, dE=0.565eV, 
========== epoch=725,  failed swap,  time cost=0.477s ==========
attempt to swap Mg and Nb failed, dE=0.164eV, 
========== epoch=728,  swap-91,  time cost=1.231s ==========
attempt to swap Nb and Mg succeeded, dE=0.026eV, 
========== epoch=733,  failed swap,  time cost=0.495s ==========
attempt to swap Mg and Nb failed, dE=0.393eV, 
========== epoch=734,  failed swap,  time cost=0.514s ==========
attempt to swap Nb and Mg failed, dE=0.466eV, 
========== epoch=735,  failed swap,  time cost=0.412s ==========
attempt to swap Mg and Nb failed, dE=0.297eV, 
========== epoch=740,  failed swap,  time cost=0.657s ==========
attempt to swap Nb and Mg failed, dE=0.351eV, 
========== epoch=741,  failed swap,  time cost=0.535s ==========
attempt to swap Nb and Mg failed, dE=0.221eV, 
========== epoch=743,  failed swap,  time cost=0.803s ==========
attempt to swap Mg and Nb failed, dE=0.272eV, 
========== epoch=744,  failed swap,  time cost=0.603s ==========
attempt to swap Mg and Nb failed, dE=0.276eV, 
========== epoch=745,  failed swap,  time cost=0.760s ==========
attempt to swap Mg and Nb failed, dE=0.434eV, 
========== epoch=746,  failed swap,  time cost=0.409s ==========
attempt to swap Nb and Mg failed, dE=0.162eV, 
========== epoch=747,  failed swap,  time cost=1.187s ==========
attempt to swap Nb and Mg failed, dE=0.589eV, 
========== epoch=757,  failed swap,  time cost=0.762s ==========
attempt to swap Mg and Nb failed, dE=0.315eV, 
========== epoch=759,  failed swap,  time cost=0.429s ==========
attempt to swap Nb and Mg failed, dE=0.774eV, 
========== epoch=761,  failed swap,  time cost=0.714s ==========
attempt to swap Mg and Nb failed, dE=0.253eV, 
========== epoch=763,  failed swap,  time cost=0.535s ==========
attempt to swap Mg and Nb failed, dE=0.276eV, 
========== epoch=764,  failed swap,  time cost=0.491s ==========
attempt to swap Mg and Nb failed, dE=0.442eV, 
========== epoch=765,  failed swap,  time cost=0.412s ==========
attempt to swap Mg and Nb failed, dE=0.482eV, 
========== epoch=766,  failed swap,  time cost=0.576s ==========
attempt to swap Mg and Nb failed, dE=0.239eV, 
========== epoch=767,  failed swap,  time cost=0.802s ==========
attempt to swap Mg and Nb failed, dE=0.263eV, 
========== epoch=772,  failed swap,  time cost=0.569s ==========
attempt to swap Nb and Mg failed, dE=0.475eV, 
========== epoch=773,  failed swap,  time cost=0.484s ==========
attempt to swap Mg and Nb failed, dE=0.670eV, 
========== epoch=776,  failed swap,  time cost=0.468s ==========
attempt to swap Mg and Nb failed, dE=0.314eV, 
========== epoch=778,  failed swap,  time cost=0.509s ==========
attempt to swap Mg and Nb failed, dE=0.422eV, 
========== epoch=781,  failed swap,  time cost=0.441s ==========
attempt to swap Nb and Mg failed, dE=0.755eV, 
========== epoch=783,  failed swap,  time cost=0.370s ==========
attempt to swap Mg and Nb failed, dE=0.549eV, 
========== epoch=784,  failed swap,  time cost=0.636s ==========
attempt to swap Nb and Mg failed, dE=0.657eV, 
========== epoch=787,  failed swap,  time cost=0.844s ==========
attempt to swap Mg and Nb failed, dE=0.289eV, 
========== epoch=792,  failed swap,  time cost=0.651s ==========
attempt to swap Nb and Mg failed, dE=0.121eV, 
========== epoch=798,  failed swap,  time cost=0.521s ==========
attempt to swap Mg and Nb failed, dE=0.554eV, 
========== epoch=800,  failed swap,  time cost=0.704s ==========
attempt to swap Mg and Nb failed, dE=0.585eV, 
========== epoch=804,  failed swap,  time cost=0.677s ==========
attempt to swap Nb and Mg failed, dE=0.207eV, 
========== epoch=807,  failed swap,  time cost=0.801s ==========
attempt to swap Mg and Nb failed, dE=0.205eV, 
========== epoch=809,  swap-92,  time cost=1.071s ==========
attempt to swap Nb and Mg succeeded, dE=0.024eV, 
========== epoch=811,  failed swap,  time cost=0.604s ==========
attempt to swap Mg and Nb failed, dE=0.272eV, 
========== epoch=813,  failed swap,  time cost=0.543s ==========
attempt to swap Mg and Nb failed, dE=0.197eV, 
========== epoch=814,  failed swap,  time cost=0.464s ==========
attempt to swap Nb and Mg failed, dE=0.363eV, 
========== epoch=815,  failed swap,  time cost=0.671s ==========
attempt to swap Nb and Mg failed, dE=0.706eV, 
========== epoch=816,  swap-93,  time cost=1.096s ==========
attempt to swap Mg and Nb succeeded, dE=-0.037eV, 
========== epoch=819,  failed swap,  time cost=0.675s ==========
attempt to swap Nb and Mg failed, dE=0.363eV, 
========== epoch=821,  failed swap,  time cost=0.709s ==========
attempt to swap Mg and Nb failed, dE=0.572eV, 
========== epoch=824,  swap-94,  time cost=1.144s ==========
attempt to swap Mg and Nb succeeded, dE=-0.159eV, 
========== epoch=829,  failed swap,  time cost=0.790s ==========
attempt to swap Mg and Nb failed, dE=0.413eV, 
========== epoch=834,  failed swap,  time cost=0.562s ==========
attempt to swap Mg and Nb failed, dE=0.803eV, 
========== epoch=835,  failed swap,  time cost=0.778s ==========
attempt to swap Nb and Mg failed, dE=0.625eV, 
========== epoch=836,  failed swap,  time cost=0.392s ==========
attempt to swap Mg and Nb failed, dE=0.229eV, 
========== epoch=838,  failed swap,  time cost=0.833s ==========
attempt to swap Mg and Nb failed, dE=0.309eV, 
========== epoch=839,  failed swap,  time cost=1.161s ==========
attempt to swap Nb and Mg failed, dE=0.120eV, 
========== epoch=845,  swap-95,  time cost=1.737s ==========
attempt to swap Mg and Nb succeeded, dE=0.042eV, 
========== epoch=848,  failed swap,  time cost=0.494s ==========
attempt to swap Nb and Mg failed, dE=0.309eV, 
========== epoch=849,  failed swap,  time cost=0.906s ==========
attempt to swap Nb and Mg failed, dE=0.332eV, 
========== epoch=854,  failed swap,  time cost=0.668s ==========
attempt to swap Mg and Nb failed, dE=0.206eV, 
========== epoch=858,  swap-96,  time cost=1.263s ==========
attempt to swap Mg and Nb succeeded, dE=-0.033eV, 
========== epoch=865,  failed swap,  time cost=0.691s ==========
attempt to swap Nb and Mg failed, dE=0.239eV, 
========== epoch=866,  failed swap,  time cost=0.759s ==========
attempt to swap Mg and Nb failed, dE=0.125eV, 
========== epoch=868,  failed swap,  time cost=0.632s ==========
attempt to swap Nb and Mg failed, dE=0.476eV, 
========== epoch=872,  failed swap,  time cost=0.880s ==========
attempt to swap Nb and Mg failed, dE=0.180eV, 
========== epoch=873,  failed swap,  time cost=0.739s ==========
attempt to swap Nb and Mg failed, dE=0.151eV, 
========== epoch=876,  failed swap,  time cost=0.443s ==========
attempt to swap Nb and Mg failed, dE=0.467eV, 
========== epoch=877,  failed swap,  time cost=0.396s ==========
attempt to swap Nb and Mg failed, dE=0.182eV, 
========== epoch=882,  failed swap,  time cost=0.542s ==========
attempt to swap Mg and Nb failed, dE=0.183eV, 
========== epoch=883,  failed swap,  time cost=0.480s ==========
attempt to swap Nb and Mg failed, dE=0.575eV, 
========== epoch=884,  failed swap,  time cost=0.518s ==========
attempt to swap Nb and Mg failed, dE=0.443eV, 
========== epoch=885,  failed swap,  time cost=0.454s ==========
attempt to swap Mg and Nb failed, dE=0.417eV, 
========== epoch=889,  failed swap,  time cost=0.801s ==========
attempt to swap Nb and Mg failed, dE=0.392eV, 
========== epoch=891,  swap-97,  time cost=0.966s ==========
attempt to swap Mg and Nb succeeded, dE=0.118eV, 
========== epoch=892,  failed swap,  time cost=0.753s ==========
attempt to swap Nb and Mg failed, dE=0.360eV, 
========== epoch=895,  failed swap,  time cost=0.477s ==========
attempt to swap Nb and Mg failed, dE=0.275eV, 
========== epoch=896,  failed swap,  time cost=0.423s ==========
attempt to swap Nb and Mg failed, dE=0.106eV, 
========== epoch=897,  failed swap,  time cost=0.498s ==========
attempt to swap Mg and Nb failed, dE=0.379eV, 
========== epoch=899,  failed swap,  time cost=0.732s ==========
attempt to swap Nb and Mg failed, dE=0.099eV, 
========== epoch=900,  failed swap,  time cost=0.530s ==========
attempt to swap Mg and Nb failed, dE=0.527eV, 
========== epoch=902,  failed swap,  time cost=0.606s ==========
attempt to swap Mg and Nb failed, dE=0.412eV, 
========== epoch=904,  failed swap,  time cost=0.537s ==========
attempt to swap Mg and Nb failed, dE=0.318eV, 
========== epoch=907,  failed swap,  time cost=1.161s ==========
attempt to swap Mg and Nb failed, dE=0.371eV, 
========== epoch=909,  failed swap,  time cost=0.706s ==========
attempt to swap Nb and Mg failed, dE=0.465eV, 
========== epoch=910,  failed swap,  time cost=0.414s ==========
attempt to swap Nb and Mg failed, dE=0.175eV, 
========== epoch=911,  failed swap,  time cost=0.395s ==========
attempt to swap Nb and Mg failed, dE=0.205eV, 
========== epoch=917,  failed swap,  time cost=0.888s ==========
attempt to swap Mg and Nb failed, dE=0.395eV, 
========== epoch=918,  failed swap,  time cost=1.177s ==========
attempt to swap Nb and Mg failed, dE=0.834eV, 
========== epoch=919,  failed swap,  time cost=0.690s ==========
attempt to swap Nb and Mg failed, dE=0.377eV, 
========== epoch=920,  swap-98,  time cost=2.472s ==========
attempt to swap Nb and Mg succeeded, dE=-0.171eV, 
========== epoch=921,  failed swap,  time cost=0.475s ==========
attempt to swap Nb and Mg failed, dE=0.198eV, 
========== epoch=928,  failed swap,  time cost=0.410s ==========
attempt to swap Mg and Nb failed, dE=0.582eV, 
========== epoch=935,  failed swap,  time cost=0.367s ==========
attempt to swap Nb and Mg failed, dE=0.556eV, 
========== epoch=937,  failed swap,  time cost=0.742s ==========
attempt to swap Nb and Mg failed, dE=0.053eV, 
========== epoch=939,  failed swap,  time cost=0.739s ==========
attempt to swap Nb and Mg failed, dE=0.400eV, 
========== epoch=944,  failed swap,  time cost=0.735s ==========
attempt to swap Nb and Mg failed, dE=0.336eV, 
========== epoch=951,  failed swap,  time cost=0.832s ==========
attempt to swap Nb and Mg failed, dE=0.635eV, 
========== epoch=952,  swap-99,  time cost=1.028s ==========
attempt to swap Mg and Nb succeeded, dE=0.044eV, 
========== epoch=953,  failed swap,  time cost=0.721s ==========
attempt to swap Mg and Nb failed, dE=0.975eV, 
========== epoch=954,  failed swap,  time cost=0.584s ==========
attempt to swap Nb and Mg failed, dE=0.236eV, 
========== epoch=956,  failed swap,  time cost=0.437s ==========
attempt to swap Mg and Nb failed, dE=0.418eV, 
========== epoch=957,  failed swap,  time cost=0.408s ==========
attempt to swap Mg and Nb failed, dE=0.447eV, 
========== epoch=958,  failed swap,  time cost=0.459s ==========
attempt to swap Nb and Mg failed, dE=0.442eV, 
========== epoch=959,  failed swap,  time cost=0.468s ==========
attempt to swap Mg and Nb failed, dE=0.310eV, 
========== epoch=961,  failed swap,  time cost=0.511s ==========
attempt to swap Nb and Mg failed, dE=0.250eV, 
========== epoch=962,  failed swap,  time cost=0.683s ==========
attempt to swap Mg and Nb failed, dE=0.257eV, 
========== epoch=963,  swap-100,  time cost=0.971s ==========
attempt to swap Nb and Mg succeeded, dE=-0.072eV, 
========== epoch=965,  failed swap,  time cost=0.751s ==========
attempt to swap Mg and Nb failed, dE=0.361eV, 
========== epoch=966,  failed swap,  time cost=0.652s ==========
attempt to swap Mg and Nb failed, dE=0.282eV, 
========== epoch=967,  failed swap,  time cost=0.964s ==========
attempt to swap Mg and Nb failed, dE=0.417eV, 
========== epoch=968,  failed swap,  time cost=0.426s ==========
attempt to swap Mg and Nb failed, dE=0.146eV, 
========== epoch=969,  failed swap,  time cost=0.453s ==========
attempt to swap Nb and Mg failed, dE=0.171eV, 
========== epoch=971,  swap-101,  time cost=1.316s ==========
attempt to swap Nb and Mg succeeded, dE=-0.103eV, 
========== epoch=972,  failed swap,  time cost=0.437s ==========
attempt to swap Nb and Mg failed, dE=0.226eV, 
========== epoch=976,  failed swap,  time cost=0.526s ==========
attempt to swap Nb and Mg failed, dE=0.127eV, 
========== epoch=981,  failed swap,  time cost=0.717s ==========
attempt to swap Nb and Mg failed, dE=0.732eV, 
========== epoch=983,  failed swap,  time cost=0.653s ==========
attempt to swap Mg and Nb failed, dE=0.347eV, 
========== epoch=984,  failed swap,  time cost=0.497s ==========
attempt to swap Mg and Nb failed, dE=0.306eV, 
========== epoch=988,  swap-102,  time cost=1.505s ==========
attempt to swap Mg and Nb succeeded, dE=0.120eV, 
========== epoch=989,  failed swap,  time cost=0.552s ==========
attempt to swap Nb and Mg failed, dE=0.707eV, 
========== epoch=992,  failed swap,  time cost=0.755s ==========
attempt to swap Mg and Nb failed, dE=0.161eV, 
========== epoch=993,  failed swap,  time cost=0.365s ==========
attempt to swap Mg and Nb failed, dE=0.602eV, 
========== epoch=997,  swap-103,  time cost=1.971s ==========
attempt to swap Nb and Mg succeeded, dE=0.066eV, 
========== epoch=998,  failed swap,  time cost=0.409s ==========
attempt to swap Nb and Mg failed, dE=0.418eV, 
========== epoch=999,  failed swap,  time cost=0.481s ==========
attempt to swap Nb and Mg failed, dE=0.278eV, 
========== epoch=1002,  failed swap,  time cost=0.417s ==========
attempt to swap Mg and Nb failed, dE=0.667eV, 
========== epoch=1004,  failed swap,  time cost=0.410s ==========
attempt to swap Mg and Nb failed, dE=0.065eV, 
========== epoch=1005,  failed swap,  time cost=0.609s ==========
attempt to swap Mg and Nb failed, dE=0.503eV, 
========== epoch=1007,  failed swap,  time cost=0.806s ==========
attempt to swap Mg and Nb failed, dE=0.573eV, 
========== epoch=1009,  failed swap,  time cost=0.390s ==========
attempt to swap Nb and Mg failed, dE=0.428eV, 
========== epoch=1011,  failed swap,  time cost=1.000s ==========
attempt to swap Mg and Nb failed, dE=0.206eV, 
========== epoch=1016,  failed swap,  time cost=0.455s ==========
attempt to swap Mg and Nb failed, dE=0.288eV, 
========== epoch=1018,  swap-104,  time cost=1.384s ==========
attempt to swap Mg and Nb succeeded, dE=-0.139eV, 
========== epoch=1020,  failed swap,  time cost=0.378s ==========
attempt to swap Nb and Mg failed, dE=0.523eV, 
========== epoch=1025,  failed swap,  time cost=0.406s ==========
attempt to swap Mg and Nb failed, dE=0.258eV, 
========== epoch=1027,  failed swap,  time cost=0.657s ==========
attempt to swap Nb and Mg failed, dE=0.600eV, 
========== epoch=1028,  failed swap,  time cost=0.439s ==========
attempt to swap Mg and Nb failed, dE=0.355eV, 
========== epoch=1030,  swap-105,  time cost=0.810s ==========
attempt to swap Nb and Mg succeeded, dE=0.038eV, 
========== epoch=1032,  failed swap,  time cost=0.749s ==========
attempt to swap Mg and Nb failed, dE=0.578eV, 
========== epoch=1033,  failed swap,  time cost=1.086s ==========
attempt to swap Mg and Nb failed, dE=0.270eV, 
========== epoch=1034,  failed swap,  time cost=0.453s ==========
attempt to swap Nb and Mg failed, dE=0.534eV, 
========== epoch=1036,  failed swap,  time cost=0.525s ==========
attempt to swap Mg and Nb failed, dE=0.626eV, 
========== epoch=1044,  failed swap,  time cost=1.124s ==========
attempt to swap Mg and Nb failed, dE=0.479eV, 
========== epoch=1046,  failed swap,  time cost=0.458s ==========
attempt to swap Mg and Nb failed, dE=0.410eV, 
========== epoch=1047,  failed swap,  time cost=0.667s ==========
attempt to swap Nb and Mg failed, dE=0.066eV, 
========== epoch=1048,  failed swap,  time cost=0.813s ==========
attempt to swap Nb and Mg failed, dE=0.124eV, 
========== epoch=1051,  failed swap,  time cost=1.071s ==========
attempt to swap Mg and Nb failed, dE=0.535eV, 
========== epoch=1052,  failed swap,  time cost=0.985s ==========
attempt to swap Nb and Mg failed, dE=0.290eV, 
========== epoch=1053,  swap-106,  time cost=1.536s ==========
attempt to swap Nb and Mg succeeded, dE=-0.360eV, 
========== epoch=1054,  failed swap,  time cost=1.027s ==========
attempt to swap Mg and Nb failed, dE=0.389eV, 
========== epoch=1055,  failed swap,  time cost=0.568s ==========
attempt to swap Nb and Mg failed, dE=0.302eV, 
========== epoch=1056,  failed swap,  time cost=0.920s ==========
attempt to swap Mg and Nb failed, dE=0.060eV, 
========== epoch=1057,  failed swap,  time cost=0.439s ==========
attempt to swap Mg and Nb failed, dE=0.194eV, 
========== epoch=1059,  failed swap,  time cost=0.453s ==========
attempt to swap Nb and Mg failed, dE=0.077eV, 
========== epoch=1063,  failed swap,  time cost=0.436s ==========
attempt to swap Mg and Nb failed, dE=0.133eV, 
========== epoch=1070,  failed swap,  time cost=0.692s ==========
attempt to swap Nb and Mg failed, dE=0.270eV, 
========== epoch=1071,  failed swap,  time cost=0.442s ==========
attempt to swap Nb and Mg failed, dE=0.462eV, 
========== epoch=1073,  failed swap,  time cost=0.373s ==========
attempt to swap Mg and Nb failed, dE=0.601eV, 
========== epoch=1077,  failed swap,  time cost=0.516s ==========
attempt to swap Nb and Mg failed, dE=0.181eV, 
========== epoch=1088,  failed swap,  time cost=0.379s ==========
attempt to swap Nb and Mg failed, dE=0.274eV, 
========== epoch=1089,  failed swap,  time cost=1.124s ==========
attempt to swap Nb and Mg failed, dE=0.545eV, 
========== epoch=1091,  failed swap,  time cost=0.879s ==========
attempt to swap Nb and Mg failed, dE=0.334eV, 
========== epoch=1092,  failed swap,  time cost=0.429s ==========
attempt to swap Mg and Nb failed, dE=0.113eV, 
========== epoch=1098,  failed swap,  time cost=0.497s ==========
attempt to swap Mg and Nb failed, dE=0.315eV, 
========== epoch=1109,  failed swap,  time cost=0.420s ==========
attempt to swap Nb and Mg failed, dE=0.310eV, 
========== epoch=1110,  failed swap,  time cost=0.442s ==========
attempt to swap Mg and Nb failed, dE=0.357eV, 
========== epoch=1111,  failed swap,  time cost=1.234s ==========
attempt to swap Mg and Nb failed, dE=0.291eV, 
========== epoch=1112,  failed swap,  time cost=0.535s ==========
attempt to swap Mg and Nb failed, dE=0.044eV, 
========== epoch=1114,  swap-107,  time cost=1.126s ==========
attempt to swap Nb and Mg succeeded, dE=0.024eV, 
========== epoch=1115,  failed swap,  time cost=1.032s ==========
attempt to swap Mg and Nb failed, dE=0.112eV, 
========== epoch=1116,  failed swap,  time cost=0.782s ==========
attempt to swap Mg and Nb failed, dE=0.159eV, 
========== epoch=1118,  failed swap,  time cost=0.618s ==========
attempt to swap Nb and Mg failed, dE=0.303eV, 
========== epoch=1120,  failed swap,  time cost=0.590s ==========
attempt to swap Mg and Nb failed, dE=0.357eV, 
========== epoch=1121,  failed swap,  time cost=0.613s ==========
attempt to swap Nb and Mg failed, dE=0.474eV, 
========== epoch=1122,  failed swap,  time cost=0.845s ==========
attempt to swap Mg and Nb failed, dE=0.387eV, 
========== epoch=1123,  swap-108,  time cost=1.635s ==========
attempt to swap Nb and Mg succeeded, dE=-0.169eV, 
========== epoch=1129,  swap-109,  time cost=1.333s ==========
attempt to swap Nb and Mg succeeded, dE=-0.062eV, 
========== epoch=1131,  swap-110,  time cost=0.524s ==========
attempt to swap Nb and Nb succeeded, dE=0.000eV, 
========== epoch=1136,  failed swap,  time cost=0.541s ==========
attempt to swap Mg and Nb failed, dE=0.276eV, 
========== epoch=1137,  failed swap,  time cost=0.487s ==========
attempt to swap Nb and Mg failed, dE=0.327eV, 
========== epoch=1139,  failed swap,  time cost=0.524s ==========
attempt to swap Mg and Nb failed, dE=0.447eV, 
========== epoch=1141,  failed swap,  time cost=0.461s ==========
attempt to swap Mg and Nb failed, dE=0.551eV, 
========== epoch=1142,  failed swap,  time cost=0.420s ==========
attempt to swap Nb and Mg failed, dE=0.310eV, 
========== epoch=1146,  failed swap,  time cost=0.811s ==========
attempt to swap Mg and Nb failed, dE=0.391eV, 
========== epoch=1150,  failed swap,  time cost=0.438s ==========
attempt to swap Nb and Mg failed, dE=0.618eV, 
========== epoch=1151,  failed swap,  time cost=0.453s ==========
attempt to swap Mg and Nb failed, dE=0.525eV, 
========== epoch=1153,  failed swap,  time cost=0.383s ==========
attempt to swap Mg and Nb failed, dE=0.763eV, 
========== epoch=1155,  failed swap,  time cost=0.411s ==========
attempt to swap Mg and Nb failed, dE=0.450eV, 
========== epoch=1157,  failed swap,  time cost=0.464s ==========
attempt to swap Mg and Nb failed, dE=0.336eV, 
========== epoch=1163,  failed swap,  time cost=0.440s ==========
attempt to swap Nb and Mg failed, dE=0.597eV, 
========== epoch=1167,  failed swap,  time cost=0.399s ==========
attempt to swap Nb and Mg failed, dE=0.903eV, 
========== epoch=1174,  failed swap,  time cost=0.372s ==========
attempt to swap Mg and Nb failed, dE=0.441eV, 
========== epoch=1179,  failed swap,  time cost=0.442s ==========
attempt to swap Nb and Mg failed, dE=0.393eV, 
========== epoch=1180,  failed swap,  time cost=0.597s ==========
attempt to swap Mg and Nb failed, dE=0.566eV, 
========== epoch=1183,  failed swap,  time cost=0.401s ==========
attempt to swap Nb and Mg failed, dE=0.478eV, 
========== epoch=1184,  failed swap,  time cost=1.139s ==========
attempt to swap Nb and Mg failed, dE=1.086eV, 
========== epoch=1185,  failed swap,  time cost=0.753s ==========
attempt to swap Mg and Nb failed, dE=0.421eV, 
========== epoch=1187,  failed swap,  time cost=0.418s ==========
attempt to swap Nb and Mg failed, dE=0.198eV, 
========== epoch=1188,  failed swap,  time cost=0.498s ==========
attempt to swap Mg and Nb failed, dE=0.101eV, 
========== epoch=1191,  failed swap,  time cost=1.029s ==========
attempt to swap Mg and Nb failed, dE=0.469eV, 
========== epoch=1192,  swap-111,  time cost=1.449s ==========
attempt to swap Mg and Nb succeeded, dE=-0.124eV, 
========== epoch=1193,  failed swap,  time cost=0.733s ==========
attempt to swap Nb and Mg failed, dE=0.474eV, 
========== epoch=1198,  failed swap,  time cost=0.487s ==========
attempt to swap Nb and Mg failed, dE=0.803eV, 
========== epoch=1207,  failed swap,  time cost=0.365s ==========
attempt to swap Mg and Nb failed, dE=0.194eV, 
========== epoch=1210,  failed swap,  time cost=0.665s ==========
attempt to swap Mg and Nb failed, dE=0.385eV, 
========== epoch=1211,  failed swap,  time cost=0.583s ==========
attempt to swap Nb and Mg failed, dE=0.146eV, 
========== epoch=1212,  failed swap,  time cost=0.970s ==========
attempt to swap Nb and Mg failed, dE=0.441eV, 
========== epoch=1214,  failed swap,  time cost=0.800s ==========
attempt to swap Mg and Nb failed, dE=0.107eV, 
========== epoch=1219,  failed swap,  time cost=0.673s ==========
attempt to swap Nb and Mg failed, dE=0.845eV, 
========== epoch=1221,  swap-112,  time cost=0.961s ==========
attempt to swap Mg and Nb succeeded, dE=-0.009eV, 
========== epoch=1225,  failed swap,  time cost=0.488s ==========
attempt to swap Nb and Mg failed, dE=0.452eV, 
========== epoch=1226,  failed swap,  time cost=0.401s ==========
attempt to swap Mg and Nb failed, dE=0.360eV, 
========== epoch=1229,  failed swap,  time cost=0.460s ==========
attempt to swap Mg and Nb failed, dE=0.017eV, 
========== epoch=1245,  failed swap,  time cost=0.832s ==========
attempt to swap Mg and Nb failed, dE=0.467eV, 
========== epoch=1247,  failed swap,  time cost=0.514s ==========
attempt to swap Mg and Nb failed, dE=0.526eV, 
========== epoch=1248,  failed swap,  time cost=0.567s ==========
attempt to swap Mg and Nb failed, dE=0.414eV, 
========== epoch=1253,  failed swap,  time cost=1.179s ==========
attempt to swap Nb and Mg failed, dE=0.200eV, 
========== epoch=1254,  failed swap,  time cost=0.473s ==========
attempt to swap Mg and Nb failed, dE=0.410eV, 
========== epoch=1258,  failed swap,  time cost=0.399s ==========
attempt to swap Mg and Nb failed, dE=0.246eV, 
========== epoch=1259,  failed swap,  time cost=0.619s ==========
attempt to swap Mg and Nb failed, dE=0.113eV, 
========== epoch=1264,  failed swap,  time cost=0.503s ==========
attempt to swap Mg and Nb failed, dE=0.409eV, 
========== epoch=1266,  failed swap,  time cost=0.474s ==========
attempt to swap Nb and Mg failed, dE=0.138eV, 
========== epoch=1270,  failed swap,  time cost=0.378s ==========
attempt to swap Mg and Nb failed, dE=0.261eV, 
========== epoch=1272,  failed swap,  time cost=0.487s ==========
attempt to swap Nb and Mg failed, dE=0.149eV, 
========== epoch=1275,  swap-113,  time cost=1.232s ==========
attempt to swap Mg and Nb succeeded, dE=-0.065eV, 
========== epoch=1276,  failed swap,  time cost=0.456s ==========
attempt to swap Mg and Nb failed, dE=0.589eV, 
========== epoch=1278,  failed swap,  time cost=0.505s ==========
attempt to swap Mg and Nb failed, dE=0.365eV, 
========== epoch=1279,  failed swap,  time cost=0.411s ==========
attempt to swap Nb and Mg failed, dE=0.278eV, 
========== epoch=1281,  failed swap,  time cost=0.724s ==========
attempt to swap Nb and Mg failed, dE=0.372eV, 
========== epoch=1284,  failed swap,  time cost=0.409s ==========
attempt to swap Nb and Mg failed, dE=0.424eV, 
========== epoch=1288,  failed swap,  time cost=0.495s ==========
attempt to swap Nb and Mg failed, dE=0.148eV, 
========== epoch=1290,  failed swap,  time cost=0.713s ==========
attempt to swap Mg and Nb failed, dE=0.411eV, 
========== epoch=1291,  failed swap,  time cost=0.870s ==========
attempt to swap Mg and Nb failed, dE=0.389eV, 
========== epoch=1292,  failed swap,  time cost=0.429s ==========
attempt to swap Nb and Mg failed, dE=0.462eV, 
========== epoch=1295,  failed swap,  time cost=0.469s ==========
attempt to swap Nb and Mg failed, dE=0.051eV, 
========== epoch=1301,  failed swap,  time cost=0.898s ==========
attempt to swap Mg and Nb failed, dE=0.237eV, 
========== epoch=1302,  failed swap,  time cost=0.405s ==========
attempt to swap Nb and Mg failed, dE=0.485eV, 
========== epoch=1303,  failed swap,  time cost=0.443s ==========
attempt to swap Mg and Nb failed, dE=0.296eV, 
========== epoch=1304,  swap-114,  time cost=1.581s ==========
attempt to swap Mg and Nb succeeded, dE=0.019eV, 
========== epoch=1311,  failed swap,  time cost=0.594s ==========
attempt to swap Nb and Mg failed, dE=0.288eV, 
========== epoch=1313,  failed swap,  time cost=0.804s ==========
attempt to swap Nb and Mg failed, dE=0.459eV, 
========== epoch=1314,  failed swap,  time cost=0.465s ==========
attempt to swap Mg and Nb failed, dE=0.314eV, 
========== epoch=1315,  failed swap,  time cost=0.635s ==========
attempt to swap Mg and Nb failed, dE=0.422eV, 
========== epoch=1317,  failed swap,  time cost=0.433s ==========
attempt to swap Nb and Mg failed, dE=0.275eV, 
========== epoch=1318,  failed swap,  time cost=0.601s ==========
attempt to swap Nb and Mg failed, dE=0.771eV, 
========== epoch=1320,  failed swap,  time cost=0.503s ==========
attempt to swap Mg and Nb failed, dE=0.574eV, 
========== epoch=1321,  failed swap,  time cost=0.446s ==========
attempt to swap Mg and Nb failed, dE=0.175eV, 
========== epoch=1326,  failed swap,  time cost=0.688s ==========
attempt to swap Mg and Nb failed, dE=0.213eV, 
========== epoch=1328,  failed swap,  time cost=0.432s ==========
attempt to swap Nb and Mg failed, dE=0.158eV, 
========== epoch=1330,  failed swap,  time cost=0.491s ==========
attempt to swap Nb and Mg failed, dE=0.663eV, 
========== epoch=1333,  failed swap,  time cost=0.697s ==========
attempt to swap Mg and Nb failed, dE=0.935eV, 
========== epoch=1334,  failed swap,  time cost=1.061s ==========
attempt to swap Nb and Mg failed, dE=0.384eV, 
========== epoch=1335,  failed swap,  time cost=0.558s ==========
attempt to swap Mg and Nb failed, dE=0.486eV, 
========== epoch=1336,  failed swap,  time cost=0.429s ==========
attempt to swap Mg and Nb failed, dE=0.324eV, 
========== epoch=1337,  failed swap,  time cost=0.405s ==========
attempt to swap Nb and Mg failed, dE=0.188eV, 
========== epoch=1338,  failed swap,  time cost=0.529s ==========
attempt to swap Nb and Mg failed, dE=0.179eV, 
========== epoch=1341,  failed swap,  time cost=0.800s ==========
attempt to swap Nb and Mg failed, dE=0.638eV, 
========== epoch=1342,  failed swap,  time cost=0.422s ==========
attempt to swap Mg and Nb failed, dE=0.303eV, 
========== epoch=1343,  failed swap,  time cost=0.736s ==========
attempt to swap Nb and Mg failed, dE=0.422eV, 
========== epoch=1344,  failed swap,  time cost=0.452s ==========
attempt to swap Mg and Nb failed, dE=0.649eV, 
========== epoch=1345,  failed swap,  time cost=0.484s ==========
attempt to swap Nb and Mg failed, dE=0.158eV, 
========== epoch=1346,  failed swap,  time cost=0.409s ==========
attempt to swap Mg and Nb failed, dE=0.187eV, 
========== epoch=1350,  failed swap,  time cost=0.521s ==========
attempt to swap Nb and Mg failed, dE=0.386eV, 
========== epoch=1351,  failed swap,  time cost=1.026s ==========
attempt to swap Nb and Mg failed, dE=0.536eV, 
========== epoch=1352,  failed swap,  time cost=0.610s ==========
attempt to swap Mg and Nb failed, dE=0.092eV, 
========== epoch=1353,  failed swap,  time cost=0.782s ==========
attempt to swap Mg and Nb failed, dE=0.192eV, 
========== epoch=1360,  failed swap,  time cost=0.595s ==========
attempt to swap Mg and Nb failed, dE=0.199eV, 
========== epoch=1362,  failed swap,  time cost=0.716s ==========
attempt to swap Nb and Mg failed, dE=0.294eV, 
========== epoch=1363,  failed swap,  time cost=0.421s ==========
attempt to swap Mg and Nb failed, dE=0.117eV, 
========== epoch=1365,  swap-115,  time cost=1.252s ==========
attempt to swap Mg and Nb succeeded, dE=-0.167eV, 
========== epoch=1369,  failed swap,  time cost=0.951s ==========
attempt to swap Nb and Mg failed, dE=0.200eV, 
========== epoch=1370,  failed swap,  time cost=0.766s ==========
attempt to swap Nb and Mg failed, dE=0.412eV, 
========== epoch=1372,  failed swap,  time cost=0.853s ==========
attempt to swap Nb and Mg failed, dE=0.237eV, 
========== epoch=1373,  failed swap,  time cost=1.002s ==========
attempt to swap Nb and Mg failed, dE=0.251eV, 
========== epoch=1374,  failed swap,  time cost=0.919s ==========
attempt to swap Mg and Nb failed, dE=0.515eV, 
========== epoch=1375,  failed swap,  time cost=0.532s ==========
attempt to swap Mg and Nb failed, dE=0.187eV, 
========== epoch=1376,  failed swap,  time cost=0.632s ==========
attempt to swap Nb and Mg failed, dE=0.556eV, 
========== epoch=1383,  failed swap,  time cost=0.703s ==========
attempt to swap Mg and Nb failed, dE=0.417eV, 
========== epoch=1385,  failed swap,  time cost=0.670s ==========
attempt to swap Nb and Mg failed, dE=0.296eV, 
========== epoch=1386,  failed swap,  time cost=0.820s ==========
attempt to swap Nb and Mg failed, dE=0.159eV, 
========== epoch=1388,  failed swap,  time cost=0.489s ==========
attempt to swap Mg and Nb failed, dE=0.448eV, 
========== epoch=1390,  failed swap,  time cost=0.826s ==========
attempt to swap Nb and Mg failed, dE=0.646eV, 
========== epoch=1391,  failed swap,  time cost=0.577s ==========
attempt to swap Mg and Nb failed, dE=0.397eV, 
========== epoch=1395,  failed swap,  time cost=0.477s ==========
attempt to swap Mg and Nb failed, dE=0.120eV, 
========== epoch=1398,  failed swap,  time cost=0.684s ==========
attempt to swap Mg and Nb failed, dE=0.156eV, 
========== epoch=1400,  failed swap,  time cost=0.666s ==========
attempt to swap Nb and Mg failed, dE=0.184eV, 
========== epoch=1401,  failed swap,  time cost=0.683s ==========
attempt to swap Nb and Mg failed, dE=0.356eV, 
========== epoch=1402,  failed swap,  time cost=0.773s ==========
attempt to swap Mg and Nb failed, dE=0.267eV, 
========== epoch=1403,  failed swap,  time cost=0.578s ==========
attempt to swap Nb and Mg failed, dE=0.380eV, 
========== epoch=1405,  failed swap,  time cost=0.625s ==========
attempt to swap Mg and Nb failed, dE=0.232eV, 
========== epoch=1406,  failed swap,  time cost=0.498s ==========
attempt to swap Nb and Mg failed, dE=0.629eV, 
========== epoch=1407,  failed swap,  time cost=0.663s ==========
attempt to swap Nb and Mg failed, dE=0.296eV, 
========== epoch=1408,  failed swap,  time cost=0.859s ==========
attempt to swap Nb and Mg failed, dE=0.704eV, 
========== epoch=1410,  failed swap,  time cost=0.919s ==========
attempt to swap Mg and Nb failed, dE=0.501eV, 
========== epoch=1412,  failed swap,  time cost=0.499s ==========
attempt to swap Mg and Nb failed, dE=0.605eV, 
========== epoch=1413,  failed swap,  time cost=0.704s ==========
attempt to swap Mg and Nb failed, dE=0.178eV, 
========== epoch=1414,  swap-116,  time cost=1.131s ==========
attempt to swap Nb and Mg succeeded, dE=-0.139eV, 
========== epoch=1415,  failed swap,  time cost=0.810s ==========
attempt to swap Mg and Nb failed, dE=0.598eV, 
========== epoch=1417,  failed swap,  time cost=0.654s ==========
attempt to swap Mg and Nb failed, dE=0.255eV, 
========== epoch=1418,  failed swap,  time cost=0.520s ==========
attempt to swap Mg and Nb failed, dE=0.238eV, 
========== epoch=1421,  failed swap,  time cost=0.741s ==========
attempt to swap Mg and Nb failed, dE=0.399eV, 
========== epoch=1422,  failed swap,  time cost=0.741s ==========
attempt to swap Mg and Nb failed, dE=0.565eV, 
========== epoch=1423,  failed swap,  time cost=0.677s ==========
attempt to swap Nb and Mg failed, dE=0.413eV, 
========== epoch=1424,  failed swap,  time cost=0.479s ==========
attempt to swap Nb and Mg failed, dE=0.255eV, 
========== epoch=1427,  failed swap,  time cost=0.658s ==========
attempt to swap Nb and Mg failed, dE=0.660eV, 
========== epoch=1428,  swap-117,  time cost=1.167s ==========
attempt to swap Nb and Mg succeeded, dE=-0.195eV, 
========== epoch=1434,  failed swap,  time cost=0.710s ==========
attempt to swap Mg and Nb failed, dE=0.282eV, 
========== epoch=1435,  swap-118,  time cost=1.176s ==========
attempt to swap Mg and Nb succeeded, dE=-0.036eV, 
========== epoch=1436,  failed swap,  time cost=0.866s ==========
attempt to swap Nb and Mg failed, dE=0.619eV, 
========== epoch=1437,  failed swap,  time cost=0.966s ==========
attempt to swap Nb and Mg failed, dE=0.443eV, 
========== epoch=1438,  failed swap,  time cost=0.523s ==========
attempt to swap Mg and Nb failed, dE=0.218eV, 
========== epoch=1442,  failed swap,  time cost=1.359s ==========
attempt to swap Nb and Mg failed, dE=0.293eV, 
========== epoch=1444,  failed swap,  time cost=0.881s ==========
attempt to swap Mg and Nb failed, dE=0.553eV, 
========== epoch=1446,  failed swap,  time cost=0.524s ==========
attempt to swap Nb and Mg failed, dE=0.677eV, 
========== epoch=1452,  failed swap,  time cost=0.685s ==========
attempt to swap Nb and Mg failed, dE=0.325eV, 
========== epoch=1454,  failed swap,  time cost=0.694s ==========
attempt to swap Mg and Nb failed, dE=0.618eV, 
========== epoch=1456,  failed swap,  time cost=0.380s ==========
attempt to swap Nb and Mg failed, dE=0.349eV, 
========== epoch=1457,  failed swap,  time cost=0.816s ==========
attempt to swap Nb and Mg failed, dE=0.373eV, 
========== epoch=1459,  failed swap,  time cost=0.671s ==========
attempt to swap Nb and Mg failed, dE=0.466eV, 
========== epoch=1463,  failed swap,  time cost=1.080s ==========
attempt to swap Mg and Nb failed, dE=0.544eV, 
========== epoch=1464,  failed swap,  time cost=1.028s ==========
attempt to swap Nb and Mg failed, dE=0.286eV, 
========== epoch=1465,  failed swap,  time cost=0.751s ==========
attempt to swap Mg and Nb failed, dE=0.340eV, 
========== epoch=1468,  failed swap,  time cost=0.670s ==========
attempt to swap Nb and Mg failed, dE=0.588eV, 
========== epoch=1471,  failed swap,  time cost=0.563s ==========
attempt to swap Nb and Mg failed, dE=0.043eV, 
========== epoch=1472,  failed swap,  time cost=0.581s ==========
attempt to swap Nb and Mg failed, dE=0.260eV, 
========== epoch=1473,  failed swap,  time cost=0.425s ==========
attempt to swap Nb and Mg failed, dE=0.589eV, 
========== epoch=1474,  swap-119,  time cost=2.119s ==========
attempt to swap Nb and Mg succeeded, dE=0.056eV, 
========== epoch=1476,  swap-120,  time cost=3.873s ==========
attempt to swap Mg and Nb succeeded, dE=0.190eV, 
========== epoch=1480,  failed swap,  time cost=0.856s ==========
attempt to swap Nb and Mg failed, dE=0.200eV, 
========== epoch=1481,  failed swap,  time cost=0.499s ==========
attempt to swap Nb and Mg failed, dE=0.190eV, 
========== epoch=1482,  swap-121,  time cost=1.968s ==========
attempt to swap Mg and Nb succeeded, dE=0.140eV, 
========== epoch=1483,  failed swap,  time cost=1.208s ==========
attempt to swap Mg and Nb failed, dE=0.355eV, 
========== epoch=1484,  failed swap,  time cost=0.581s ==========
attempt to swap Mg and Nb failed, dE=0.549eV, 
========== epoch=1486,  failed swap,  time cost=0.526s ==========
attempt to swap Nb and Mg failed, dE=0.409eV, 
========== epoch=1487,  failed swap,  time cost=0.982s ==========
attempt to swap Mg and Nb failed, dE=0.391eV, 
========== epoch=1488,  failed swap,  time cost=0.537s ==========
attempt to swap Nb and Mg failed, dE=0.119eV, 
========== epoch=1490,  failed swap,  time cost=0.852s ==========
attempt to swap Mg and Nb failed, dE=0.144eV, 
========== epoch=1497,  failed swap,  time cost=0.776s ==========
attempt to swap Nb and Mg failed, dE=0.256eV, 
========== epoch=1498,  failed swap,  time cost=0.841s ==========
attempt to swap Mg and Nb failed, dE=0.380eV, 
========== epoch=1501,  failed swap,  time cost=0.685s ==========
attempt to swap Nb and Mg failed, dE=0.167eV, 
========== epoch=1504,  failed swap,  time cost=0.758s ==========
attempt to swap Nb and Mg failed, dE=0.130eV, 
========== epoch=1506,  failed swap,  time cost=0.846s ==========
attempt to swap Mg and Nb failed, dE=0.236eV, 
========== epoch=1507,  failed swap,  time cost=0.475s ==========
attempt to swap Nb and Mg failed, dE=0.126eV, 
========== epoch=1508,  failed swap,  time cost=0.420s ==========
attempt to swap Nb and Mg failed, dE=0.407eV, 
========== epoch=1509,  failed swap,  time cost=1.091s ==========
attempt to swap Nb and Mg failed, dE=0.153eV, 
========== epoch=1511,  failed swap,  time cost=0.717s ==========
attempt to swap Nb and Mg failed, dE=0.521eV, 
========== epoch=1512,  failed swap,  time cost=1.156s ==========
attempt to swap Mg and Nb failed, dE=0.336eV, 
========== epoch=1517,  failed swap,  time cost=1.082s ==========
attempt to swap Nb and Mg failed, dE=0.471eV, 
========== epoch=1518,  swap-122,  time cost=1.719s ==========
attempt to swap Mg and Nb succeeded, dE=-0.096eV, 
========== epoch=1519,  failed swap,  time cost=0.489s ==========
attempt to swap Mg and Nb failed, dE=0.289eV, 
========== epoch=1521,  failed swap,  time cost=0.657s ==========
attempt to swap Mg and Nb failed, dE=0.139eV, 
========== epoch=1526,  failed swap,  time cost=0.482s ==========
attempt to swap Nb and Mg failed, dE=0.463eV, 
========== epoch=1530,  failed swap,  time cost=0.457s ==========
attempt to swap Nb and Mg failed, dE=0.462eV, 
========== epoch=1531,  failed swap,  time cost=0.589s ==========
attempt to swap Nb and Mg failed, dE=0.224eV, 
========== epoch=1534,  failed swap,  time cost=0.502s ==========
attempt to swap Nb and Mg failed, dE=0.305eV, 
========== epoch=1535,  failed swap,  time cost=0.672s ==========
attempt to swap Mg and Nb failed, dE=0.469eV, 
========== epoch=1539,  failed swap,  time cost=0.409s ==========
attempt to swap Mg and Nb failed, dE=0.185eV, 
========== epoch=1540,  failed swap,  time cost=0.406s ==========
attempt to swap Mg and Nb failed, dE=0.392eV, 
========== epoch=1541,  failed swap,  time cost=1.377s ==========
attempt to swap Nb and Mg failed, dE=0.271eV, 
========== epoch=1544,  failed swap,  time cost=0.529s ==========
attempt to swap Mg and Nb failed, dE=0.396eV, 
========== epoch=1545,  swap-123,  time cost=1.394s ==========
attempt to swap Nb and Mg succeeded, dE=-0.029eV, 
========== epoch=1547,  failed swap,  time cost=1.334s ==========
attempt to swap Nb and Mg failed, dE=0.353eV, 
========== epoch=1552,  swap-124,  time cost=1.706s ==========
attempt to swap Mg and Nb succeeded, dE=-0.122eV, 
========== epoch=1554,  failed swap,  time cost=1.029s ==========
attempt to swap Nb and Mg failed, dE=0.453eV, 
========== epoch=1558,  failed swap,  time cost=0.496s ==========
attempt to swap Nb and Mg failed, dE=0.482eV, 
========== epoch=1559,  swap-125,  time cost=1.733s ==========
attempt to swap Mg and Nb succeeded, dE=0.165eV, 
========== epoch=1560,  failed swap,  time cost=0.753s ==========
attempt to swap Nb and Mg failed, dE=0.873eV, 
========== epoch=1563,  failed swap,  time cost=0.829s ==========
attempt to swap Mg and Nb failed, dE=0.676eV, 
========== epoch=1565,  failed swap,  time cost=0.806s ==========
attempt to swap Nb and Mg failed, dE=0.502eV, 
========== epoch=1567,  failed swap,  time cost=0.785s ==========
attempt to swap Mg and Nb failed, dE=0.446eV, 
========== epoch=1569,  failed swap,  time cost=0.448s ==========
attempt to swap Mg and Nb failed, dE=0.993eV, 
========== epoch=1573,  failed swap,  time cost=0.794s ==========
attempt to swap Mg and Nb failed, dE=0.346eV, 
========== epoch=1574,  failed swap,  time cost=0.743s ==========
attempt to swap Nb and Mg failed, dE=0.816eV, 
========== epoch=1576,  failed swap,  time cost=0.693s ==========
attempt to swap Mg and Nb failed, dE=0.293eV, 
========== epoch=1577,  failed swap,  time cost=0.721s ==========
attempt to swap Nb and Mg failed, dE=0.228eV, 
========== epoch=1583,  swap-126,  time cost=1.128s ==========
attempt to swap Mg and Nb succeeded, dE=-0.142eV, 
========== epoch=1587,  failed swap,  time cost=0.752s ==========
attempt to swap Mg and Nb failed, dE=0.264eV, 
========== epoch=1591,  failed swap,  time cost=0.909s ==========
attempt to swap Nb and Mg failed, dE=0.262eV, 
========== epoch=1592,  failed swap,  time cost=0.596s ==========
attempt to swap Nb and Mg failed, dE=0.357eV, 
========== epoch=1593,  failed swap,  time cost=1.133s ==========
attempt to swap Nb and Mg failed, dE=0.543eV, 
========== epoch=1597,  failed swap,  time cost=0.691s ==========
attempt to swap Nb and Mg failed, dE=0.631eV, 
========== epoch=1599,  failed swap,  time cost=1.286s ==========
attempt to swap Mg and Nb failed, dE=0.192eV, 
========== epoch=1602,  failed swap,  time cost=0.681s ==========
attempt to swap Nb and Mg failed, dE=0.316eV, 
========== epoch=1603,  failed swap,  time cost=0.896s ==========
attempt to swap Nb and Mg failed, dE=0.419eV, 
========== epoch=1605,  failed swap,  time cost=0.622s ==========
attempt to swap Nb and Mg failed, dE=0.313eV, 
========== epoch=1606,  failed swap,  time cost=0.812s ==========
attempt to swap Mg and Nb failed, dE=0.669eV, 
========== epoch=1613,  failed swap,  time cost=1.045s ==========
attempt to swap Mg and Nb failed, dE=0.307eV, 
========== epoch=1614,  failed swap,  time cost=0.609s ==========
attempt to swap Mg and Nb failed, dE=0.561eV, 
========== epoch=1615,  failed swap,  time cost=0.398s ==========
attempt to swap Nb and Mg failed, dE=0.368eV, 
========== epoch=1617,  failed swap,  time cost=0.997s ==========
attempt to swap Nb and Mg failed, dE=0.542eV, 
========== epoch=1618,  failed swap,  time cost=0.642s ==========
attempt to swap Nb and Mg failed, dE=0.157eV, 
========== epoch=1622,  failed swap,  time cost=1.215s ==========
attempt to swap Mg and Nb failed, dE=0.108eV, 
========== epoch=1623,  failed swap,  time cost=0.515s ==========
attempt to swap Mg and Nb failed, dE=0.867eV, 
========== epoch=1626,  failed swap,  time cost=1.224s ==========
attempt to swap Nb and Mg failed, dE=0.846eV, 
========== epoch=1630,  failed swap,  time cost=0.926s ==========
attempt to swap Nb and Mg failed, dE=0.319eV, 
========== epoch=1635,  failed swap,  time cost=0.586s ==========
attempt to swap Nb and Mg failed, dE=0.328eV, 
========== epoch=1639,  failed swap,  time cost=0.387s ==========
attempt to swap Nb and Mg failed, dE=0.431eV, 
========== epoch=1640,  failed swap,  time cost=0.516s ==========
attempt to swap Mg and Nb failed, dE=0.304eV, 
========== epoch=1645,  failed swap,  time cost=0.592s ==========
attempt to swap Mg and Nb failed, dE=0.128eV, 
========== epoch=1647,  failed swap,  time cost=0.994s ==========
attempt to swap Nb and Mg failed, dE=0.418eV, 
========== epoch=1648,  failed swap,  time cost=0.719s ==========
attempt to swap Nb and Mg failed, dE=0.633eV, 
========== epoch=1649,  failed swap,  time cost=0.462s ==========
attempt to swap Mg and Nb failed, dE=0.189eV, 
========== epoch=1650,  failed swap,  time cost=0.443s ==========
attempt to swap Mg and Nb failed, dE=0.645eV, 
========== epoch=1651,  failed swap,  time cost=0.635s ==========
attempt to swap Nb and Mg failed, dE=0.376eV, 
========== epoch=1657,  failed swap,  time cost=1.158s ==========
attempt to swap Nb and Mg failed, dE=0.488eV, 
========== epoch=1662,  failed swap,  time cost=1.172s ==========
attempt to swap Nb and Mg failed, dE=0.190eV, 
========== epoch=1667,  swap-127,  time cost=0.935s ==========
attempt to swap Mg and Nb succeeded, dE=-0.055eV, 
========== epoch=1668,  failed swap,  time cost=0.966s ==========
attempt to swap Nb and Mg failed, dE=0.212eV, 
========== epoch=1675,  swap-128,  time cost=1.434s ==========
attempt to swap Nb and Mg succeeded, dE=-0.026eV, 
========== epoch=1684,  failed swap,  time cost=0.689s ==========
attempt to swap Nb and Mg failed, dE=0.416eV, 
========== epoch=1685,  failed swap,  time cost=0.777s ==========
attempt to swap Mg and Nb failed, dE=0.607eV, 
========== epoch=1686,  failed swap,  time cost=0.656s ==========
attempt to swap Nb and Mg failed, dE=0.361eV, 
========== epoch=1688,  failed swap,  time cost=0.854s ==========
attempt to swap Nb and Mg failed, dE=0.761eV, 
========== epoch=1693,  failed swap,  time cost=0.653s ==========
attempt to swap Nb and Mg failed, dE=0.620eV, 
========== epoch=1694,  failed swap,  time cost=1.372s ==========
attempt to swap Mg and Nb failed, dE=0.587eV, 
========== epoch=1697,  failed swap,  time cost=1.012s ==========
attempt to swap Nb and Mg failed, dE=0.799eV, 
========== epoch=1699,  swap-129,  time cost=1.481s ==========
attempt to swap Mg and Nb succeeded, dE=-0.352eV, 
========== epoch=1700,  failed swap,  time cost=0.768s ==========
attempt to swap Mg and Nb failed, dE=0.287eV, 
========== epoch=1701,  failed swap,  time cost=0.544s ==========
attempt to swap Nb and Mg failed, dE=0.466eV, 
========== epoch=1702,  failed swap,  time cost=0.491s ==========
attempt to swap Nb and Mg failed, dE=0.343eV, 
========== epoch=1709,  swap-130,  time cost=1.406s ==========
attempt to swap Nb and Mg succeeded, dE=-0.066eV, 
========== epoch=1710,  failed swap,  time cost=0.918s ==========
attempt to swap Mg and Nb failed, dE=0.340eV, 
========== epoch=1711,  failed swap,  time cost=0.729s ==========
attempt to swap Nb and Mg failed, dE=0.538eV, 
========== epoch=1713,  failed swap,  time cost=0.599s ==========
attempt to swap Nb and Mg failed, dE=0.119eV, 
========== epoch=1714,  failed swap,  time cost=0.543s ==========
attempt to swap Mg and Nb failed, dE=0.480eV, 
========== epoch=1716,  failed swap,  time cost=1.389s ==========
attempt to swap Nb and Mg failed, dE=0.342eV, 
========== epoch=1717,  failed swap,  time cost=1.052s ==========
attempt to swap Nb and Mg failed, dE=0.227eV, 
========== epoch=1718,  failed swap,  time cost=0.345s ==========
attempt to swap Nb and Mg failed, dE=0.208eV, 
========== epoch=1721,  failed swap,  time cost=0.732s ==========
attempt to swap Nb and Mg failed, dE=0.581eV, 
========== epoch=1724,  failed swap,  time cost=1.286s ==========
attempt to swap Mg and Nb failed, dE=0.332eV, 
========== epoch=1728,  swap-131,  time cost=1.783s ==========
attempt to swap Nb and Mg succeeded, dE=0.051eV, 
========== epoch=1729,  failed swap,  time cost=1.305s ==========
attempt to swap Mg and Nb failed, dE=0.268eV, 
========== epoch=1730,  failed swap,  time cost=1.011s ==========
attempt to swap Mg and Nb failed, dE=0.736eV, 
========== epoch=1731,  failed swap,  time cost=0.991s ==========
attempt to swap Mg and Nb failed, dE=0.166eV, 
========== epoch=1732,  swap-132,  time cost=1.364s ==========
attempt to swap Nb and Mg succeeded, dE=-0.136eV, 
========== epoch=1736,  failed swap,  time cost=1.177s ==========
attempt to swap Mg and Nb failed, dE=0.341eV, 
========== epoch=1737,  failed swap,  time cost=0.621s ==========
attempt to swap Mg and Nb failed, dE=0.804eV, 
========== epoch=1740,  failed swap,  time cost=0.622s ==========
attempt to swap Mg and Nb failed, dE=0.977eV, 
========== epoch=1742,  failed swap,  time cost=0.711s ==========
attempt to swap Nb and Mg failed, dE=0.410eV, 
========== epoch=1743,  failed swap,  time cost=0.793s ==========
attempt to swap Nb and Mg failed, dE=0.656eV, 
========== epoch=1745,  failed swap,  time cost=1.241s ==========
attempt to swap Mg and Nb failed, dE=0.186eV, 
========== epoch=1746,  swap-133,  time cost=1.766s ==========
attempt to swap Mg and Nb succeeded, dE=-0.131eV, 
========== epoch=1747,  swap-134,  time cost=0.591s ==========
attempt to swap Nb and Nb succeeded, dE=0.000eV, 
========== epoch=1755,  failed swap,  time cost=0.948s ==========
attempt to swap Nb and Mg failed, dE=0.554eV, 
========== epoch=1756,  failed swap,  time cost=0.643s ==========
attempt to swap Nb and Mg failed, dE=1.125eV, 
========== epoch=1759,  failed swap,  time cost=0.625s ==========
attempt to swap Nb and Mg failed, dE=0.540eV, 
========== epoch=1762,  failed swap,  time cost=0.782s ==========
attempt to swap Mg and Nb failed, dE=0.267eV, 
========== epoch=1764,  failed swap,  time cost=0.523s ==========
attempt to swap Nb and Mg failed, dE=0.807eV, 
========== epoch=1767,  failed swap,  time cost=1.124s ==========
attempt to swap Mg and Nb failed, dE=0.305eV, 
========== epoch=1768,  failed swap,  time cost=0.480s ==========
attempt to swap Mg and Nb failed, dE=0.428eV, 
========== epoch=1770,  failed swap,  time cost=0.593s ==========
attempt to swap Nb and Mg failed, dE=0.677eV, 
========== epoch=1771,  failed swap,  time cost=0.670s ==========
attempt to swap Nb and Mg failed, dE=0.229eV, 
========== epoch=1772,  failed swap,  time cost=0.667s ==========
attempt to swap Mg and Nb failed, dE=0.434eV, 
========== epoch=1773,  failed swap,  time cost=0.616s ==========
attempt to swap Mg and Nb failed, dE=0.543eV, 
========== epoch=1775,  failed swap,  time cost=1.157s ==========
attempt to swap Nb and Mg failed, dE=0.238eV, 
========== epoch=1782,  failed swap,  time cost=1.029s ==========
attempt to swap Mg and Nb failed, dE=0.273eV, 
========== epoch=1785,  failed swap,  time cost=0.897s ==========
attempt to swap Nb and Mg failed, dE=0.805eV, 
========== epoch=1786,  failed swap,  time cost=0.703s ==========
attempt to swap Nb and Mg failed, dE=0.721eV, 
========== epoch=1789,  failed swap,  time cost=0.498s ==========
attempt to swap Mg and Nb failed, dE=0.951eV, 
========== epoch=1790,  failed swap,  time cost=0.469s ==========
attempt to swap Mg and Nb failed, dE=0.293eV, 
========== epoch=1793,  failed swap,  time cost=0.445s ==========
attempt to swap Mg and Nb failed, dE=1.090eV, 
========== epoch=1794,  failed swap,  time cost=0.352s ==========
attempt to swap Nb and Mg failed, dE=0.072eV, 
========== epoch=1800,  failed swap,  time cost=0.708s ==========
attempt to swap Mg and Nb failed, dE=0.170eV, 
========== epoch=1803,  failed swap,  time cost=0.645s ==========
attempt to swap Nb and Mg failed, dE=0.644eV, 
========== epoch=1806,  failed swap,  time cost=0.561s ==========
attempt to swap Mg and Nb failed, dE=0.294eV, 
========== epoch=1807,  failed swap,  time cost=1.132s ==========
attempt to swap Mg and Nb failed, dE=0.814eV, 
========== epoch=1808,  failed swap,  time cost=0.401s ==========
attempt to swap Mg and Nb failed, dE=0.379eV, 
========== epoch=1811,  failed swap,  time cost=0.428s ==========
attempt to swap Nb and Mg failed, dE=0.575eV, 
========== epoch=1812,  failed swap,  time cost=0.466s ==========
attempt to swap Nb and Mg failed, dE=0.227eV, 
========== epoch=1818,  failed swap,  time cost=0.472s ==========
attempt to swap Mg and Nb failed, dE=0.422eV, 
========== epoch=1824,  failed swap,  time cost=0.513s ==========
attempt to swap Nb and Mg failed, dE=0.369eV, 
========== epoch=1825,  failed swap,  time cost=0.370s ==========
attempt to swap Nb and Mg failed, dE=0.399eV, 
========== epoch=1827,  failed swap,  time cost=0.456s ==========
attempt to swap Mg and Nb failed, dE=0.682eV, 
========== epoch=1828,  failed swap,  time cost=0.771s ==========
attempt to swap Mg and Nb failed, dE=0.607eV, 
========== epoch=1834,  failed swap,  time cost=0.497s ==========
attempt to swap Nb and Mg failed, dE=0.519eV, 
========== epoch=1839,  failed swap,  time cost=0.431s ==========
attempt to swap Nb and Mg failed, dE=0.555eV, 
========== epoch=1840,  failed swap,  time cost=0.541s ==========
attempt to swap Mg and Nb failed, dE=0.338eV, 
========== epoch=1841,  failed swap,  time cost=0.492s ==========
attempt to swap Mg and Nb failed, dE=0.255eV, 
========== epoch=1843,  failed swap,  time cost=0.444s ==========
attempt to swap Mg and Nb failed, dE=0.152eV, 
========== epoch=1846,  failed swap,  time cost=0.671s ==========
attempt to swap Mg and Nb failed, dE=0.243eV, 
========== epoch=1847,  failed swap,  time cost=0.421s ==========
attempt to swap Nb and Mg failed, dE=0.409eV, 
========== epoch=1848,  failed swap,  time cost=1.175s ==========
attempt to swap Nb and Mg failed, dE=0.363eV, 
========== epoch=1849,  failed swap,  time cost=1.182s ==========
attempt to swap Nb and Mg failed, dE=0.243eV, 
========== epoch=1850,  failed swap,  time cost=0.588s ==========
attempt to swap Mg and Nb failed, dE=0.156eV, 
========== epoch=1852,  failed swap,  time cost=0.465s ==========
attempt to swap Mg and Nb failed, dE=0.271eV, 
========== epoch=1857,  failed swap,  time cost=0.533s ==========
attempt to swap Mg and Nb failed, dE=0.347eV, 
========== epoch=1858,  swap-135,  time cost=1.382s ==========
attempt to swap Mg and Nb succeeded, dE=-0.028eV, 
========== epoch=1859,  failed swap,  time cost=0.466s ==========
attempt to swap Nb and Mg failed, dE=0.366eV, 
========== epoch=1863,  failed swap,  time cost=0.523s ==========
attempt to swap Nb and Mg failed, dE=0.099eV, 
========== epoch=1867,  failed swap,  time cost=0.653s ==========
attempt to swap Nb and Mg failed, dE=0.914eV, 
========== epoch=1868,  failed swap,  time cost=0.525s ==========
attempt to swap Mg and Nb failed, dE=0.136eV, 
========== epoch=1874,  failed swap,  time cost=0.434s ==========
attempt to swap Mg and Nb failed, dE=0.308eV, 
========== epoch=1879,  failed swap,  time cost=0.418s ==========
attempt to swap Mg and Nb failed, dE=0.667eV, 
========== epoch=1884,  failed swap,  time cost=0.708s ==========
attempt to swap Nb and Mg failed, dE=0.210eV, 
========== epoch=1885,  swap-136,  time cost=1.001s ==========
attempt to swap Nb and Mg succeeded, dE=-0.095eV, 
========== epoch=1887,  failed swap,  time cost=0.965s ==========
attempt to swap Mg and Nb failed, dE=0.576eV, 
========== epoch=1890,  failed swap,  time cost=0.420s ==========
attempt to swap Mg and Nb failed, dE=0.630eV, 
========== epoch=1891,  failed swap,  time cost=0.745s ==========
attempt to swap Nb and Mg failed, dE=0.503eV, 
========== epoch=1893,  failed swap,  time cost=1.069s ==========
attempt to swap Nb and Mg failed, dE=0.890eV, 
========== epoch=1896,  swap-137,  time cost=1.330s ==========
attempt to swap Mg and Nb succeeded, dE=-0.014eV, 
========== epoch=1897,  failed swap,  time cost=0.464s ==========
attempt to swap Mg and Nb failed, dE=0.430eV, 
========== epoch=1901,  failed swap,  time cost=0.599s ==========
attempt to swap Mg and Nb failed, dE=0.417eV, 
========== epoch=1903,  failed swap,  time cost=0.908s ==========
attempt to swap Mg and Nb failed, dE=0.761eV, 
========== epoch=1905,  failed swap,  time cost=0.701s ==========
attempt to swap Mg and Nb failed, dE=0.065eV, 
========== epoch=1908,  failed swap,  time cost=0.463s ==========
attempt to swap Nb and Mg failed, dE=0.212eV, 
========== epoch=1910,  failed swap,  time cost=0.565s ==========
attempt to swap Mg and Nb failed, dE=0.358eV, 
========== epoch=1914,  swap-138,  time cost=1.303s ==========
attempt to swap Mg and Nb succeeded, dE=0.050eV, 
========== epoch=1919,  failed swap,  time cost=0.588s ==========
attempt to swap Mg and Nb failed, dE=0.736eV, 
========== epoch=1928,  swap-139,  time cost=1.298s ==========
attempt to swap Mg and Nb succeeded, dE=-0.013eV, 
========== epoch=1929,  failed swap,  time cost=0.536s ==========
attempt to swap Nb and Mg failed, dE=0.453eV, 
========== epoch=1935,  swap-140,  time cost=1.072s ==========
attempt to swap Mg and Nb succeeded, dE=0.083eV, 
========== epoch=1936,  failed swap,  time cost=0.633s ==========
attempt to swap Mg and Nb failed, dE=0.511eV, 
========== epoch=1937,  failed swap,  time cost=0.586s ==========
attempt to swap Nb and Mg failed, dE=0.340eV, 
========== epoch=1938,  failed swap,  time cost=0.556s ==========
attempt to swap Mg and Nb failed, dE=0.345eV, 
========== epoch=1939,  failed swap,  time cost=0.725s ==========
attempt to swap Nb and Mg failed, dE=0.595eV, 
========== epoch=1940,  failed swap,  time cost=0.763s ==========
attempt to swap Nb and Mg failed, dE=1.076eV, 
========== epoch=1942,  failed swap,  time cost=0.518s ==========
attempt to swap Nb and Mg failed, dE=0.560eV, 
========== epoch=1943,  failed swap,  time cost=0.466s ==========
attempt to swap Mg and Nb failed, dE=0.689eV, 
========== epoch=1944,  failed swap,  time cost=0.440s ==========
attempt to swap Mg and Nb failed, dE=1.003eV, 
========== epoch=1947,  failed swap,  time cost=0.637s ==========
attempt to swap Nb and Mg failed, dE=0.357eV, 
========== epoch=1956,  swap-141,  time cost=1.017s ==========
attempt to swap Nb and Mg succeeded, dE=-0.088eV, 
========== epoch=1959,  swap-142,  time cost=0.563s ==========
attempt to swap Mg and Mg succeeded, dE=0.000eV, 
========== epoch=1961,  failed swap,  time cost=0.849s ==========
attempt to swap Mg and Nb failed, dE=0.137eV, 
========== epoch=1962,  failed swap,  time cost=1.075s ==========
attempt to swap Mg and Nb failed, dE=0.464eV, 
========== epoch=1963,  failed swap,  time cost=0.656s ==========
attempt to swap Nb and Mg failed, dE=0.354eV, 
========== epoch=1965,  failed swap,  time cost=0.535s ==========
attempt to swap Mg and Nb failed, dE=0.466eV, 
========== epoch=1968,  failed swap,  time cost=0.548s ==========
attempt to swap Mg and Nb failed, dE=0.198eV, 
========== epoch=1971,  failed swap,  time cost=0.857s ==========
attempt to swap Nb and Mg failed, dE=0.796eV, 
========== epoch=1972,  failed swap,  time cost=0.731s ==========
attempt to swap Nb and Mg failed, dE=0.154eV, 
========== epoch=1976,  failed swap,  time cost=0.695s ==========
attempt to swap Nb and Mg failed, dE=0.296eV, 
========== epoch=1977,  failed swap,  time cost=0.646s ==========
attempt to swap Nb and Mg failed, dE=0.585eV, 
========== epoch=1980,  failed swap,  time cost=0.604s ==========
attempt to swap Mg and Nb failed, dE=0.330eV, 
========== epoch=1982,  failed swap,  time cost=0.495s ==========
attempt to swap Mg and Nb failed, dE=0.491eV, 
========== epoch=1985,  failed swap,  time cost=0.735s ==========
attempt to swap Nb and Mg failed, dE=0.216eV, 
========== epoch=1989,  failed swap,  time cost=0.829s ==========
attempt to swap Mg and Nb failed, dE=0.671eV, 
========== epoch=1991,  failed swap,  time cost=1.255s ==========
attempt to swap Nb and Mg failed, dE=0.469eV, 
========== epoch=1992,  failed swap,  time cost=0.545s ==========
attempt to swap Nb and Mg failed, dE=0.522eV, 
========== epoch=1993,  failed swap,  time cost=0.888s ==========
attempt to swap Nb and Mg failed, dE=0.208eV, 
========== epoch=1994,  failed swap,  time cost=0.628s ==========
attempt to swap Mg and Nb failed, dE=0.413eV, 
========== epoch=1995,  failed swap,  time cost=0.566s ==========
attempt to swap Nb and Mg failed, dE=0.775eV, 
========== epoch=1996,  failed swap,  time cost=0.692s ==========
attempt to swap Nb and Mg failed, dE=0.317eV, 
========== epoch=1998,  failed swap,  time cost=1.248s ==========
attempt to swap Mg and Nb failed, dE=0.469eV, 
========== epoch=2000,  failed swap,  time cost=1.066s ==========
attempt to swap Mg and Nb failed, dE=0.411eV, 
========== epoch=2002,  failed swap,  time cost=1.114s ==========
attempt to swap Nb and Mg failed, dE=0.325eV, 
========== epoch=2004,  failed swap,  time cost=0.595s ==========
attempt to swap Nb and Mg failed, dE=0.137eV, 
========== epoch=2005,  failed swap,  time cost=0.714s ==========
attempt to swap Mg and Nb failed, dE=0.163eV, 
========== epoch=2007,  failed swap,  time cost=0.407s ==========
attempt to swap Mg and Nb failed, dE=0.250eV, 
========== epoch=2008,  failed swap,  time cost=0.780s ==========
attempt to swap Mg and Nb failed, dE=0.217eV, 
========== epoch=2011,  failed swap,  time cost=0.637s ==========
attempt to swap Mg and Nb failed, dE=0.399eV, 
========== epoch=2012,  failed swap,  time cost=0.407s ==========
attempt to swap Mg and Nb failed, dE=0.218eV, 
========== epoch=2014,  failed swap,  time cost=0.896s ==========
attempt to swap Mg and Nb failed, dE=0.717eV, 
========== epoch=2017,  failed swap,  time cost=0.630s ==========
attempt to swap Nb and Mg failed, dE=0.163eV, 
========== epoch=2022,  failed swap,  time cost=0.578s ==========
attempt to swap Mg and Nb failed, dE=0.927eV, 
========== epoch=2023,  failed swap,  time cost=0.711s ==========
attempt to swap Nb and Mg failed, dE=0.347eV, 
========== epoch=2029,  swap-143,  time cost=0.944s ==========
attempt to swap Nb and Mg succeeded, dE=-0.142eV, 
========== epoch=2032,  failed swap,  time cost=0.477s ==========
attempt to swap Nb and Mg failed, dE=0.365eV, 
========== epoch=2034,  failed swap,  time cost=0.782s ==========
attempt to swap Nb and Mg failed, dE=0.401eV, 
========== epoch=2035,  failed swap,  time cost=0.891s ==========
attempt to swap Nb and Mg failed, dE=0.538eV, 
========== epoch=2037,  failed swap,  time cost=1.082s ==========
attempt to swap Mg and Nb failed, dE=0.698eV, 
========== epoch=2038,  failed swap,  time cost=0.535s ==========
attempt to swap Nb and Mg failed, dE=0.296eV, 
========== epoch=2039,  failed swap,  time cost=1.008s ==========
attempt to swap Nb and Mg failed, dE=0.372eV, 
========== epoch=2043,  failed swap,  time cost=0.530s ==========
attempt to swap Mg and Nb failed, dE=0.798eV, 
========== epoch=2044,  failed swap,  time cost=0.434s ==========
attempt to swap Mg and Nb failed, dE=0.496eV, 
========== epoch=2047,  failed swap,  time cost=0.552s ==========
attempt to swap Nb and Mg failed, dE=0.219eV, 
========== epoch=2048,  failed swap,  time cost=0.520s ==========
attempt to swap Nb and Mg failed, dE=0.527eV, 
========== epoch=2050,  failed swap,  time cost=0.520s ==========
attempt to swap Nb and Mg failed, dE=0.692eV, 
========== epoch=2054,  failed swap,  time cost=0.370s ==========
attempt to swap Nb and Mg failed, dE=0.414eV, 
========== epoch=2055,  failed swap,  time cost=0.601s ==========
attempt to swap Nb and Mg failed, dE=1.043eV, 
========== epoch=2059,  failed swap,  time cost=0.574s ==========
attempt to swap Nb and Mg failed, dE=0.762eV, 
========== epoch=2060,  swap-144,  time cost=1.342s ==========
attempt to swap Nb and Mg succeeded, dE=0.028eV, 
========== epoch=2062,  failed swap,  time cost=1.050s ==========
attempt to swap Mg and Nb failed, dE=0.541eV, 
========== epoch=2065,  failed swap,  time cost=0.601s ==========
attempt to swap Nb and Mg failed, dE=0.499eV, 
========== epoch=2066,  failed swap,  time cost=0.693s ==========
attempt to swap Nb and Mg failed, dE=0.573eV, 
========== epoch=2067,  failed swap,  time cost=0.898s ==========
attempt to swap Nb and Mg failed, dE=0.467eV, 
========== epoch=2068,  failed swap,  time cost=0.613s ==========
attempt to swap Nb and Mg failed, dE=0.641eV, 
========== epoch=2070,  failed swap,  time cost=0.756s ==========
attempt to swap Mg and Nb failed, dE=0.691eV, 
========== epoch=2072,  swap-145,  time cost=1.043s ==========
attempt to swap Nb and Mg succeeded, dE=-0.007eV, 
========== epoch=2077,  failed swap,  time cost=0.677s ==========
attempt to swap Nb and Mg failed, dE=0.045eV, 
========== epoch=2081,  failed swap,  time cost=0.402s ==========
attempt to swap Nb and Mg failed, dE=0.751eV, 
========== epoch=2083,  failed swap,  time cost=0.775s ==========
attempt to swap Mg and Nb failed, dE=0.145eV, 
========== epoch=2085,  failed swap,  time cost=0.493s ==========
attempt to swap Nb and Mg failed, dE=0.490eV, 
========== epoch=2089,  failed swap,  time cost=0.498s ==========
attempt to swap Mg and Nb failed, dE=0.217eV, 
========== epoch=2090,  failed swap,  time cost=1.212s ==========
attempt to swap Nb and Mg failed, dE=0.302eV, 
========== epoch=2091,  failed swap,  time cost=0.606s ==========
attempt to swap Nb and Mg failed, dE=0.883eV, 
========== epoch=2092,  failed swap,  time cost=0.447s ==========
attempt to swap Mg and Nb failed, dE=0.204eV, 
========== epoch=2094,  failed swap,  time cost=0.465s ==========
attempt to swap Nb and Mg failed, dE=0.295eV, 
========== epoch=2098,  failed swap,  time cost=1.219s ==========
attempt to swap Nb and Mg failed, dE=0.473eV, 
========== epoch=2101,  swap-146,  time cost=1.092s ==========
attempt to swap Nb and Mg succeeded, dE=-0.263eV, 
========== epoch=2103,  failed swap,  time cost=0.985s ==========
attempt to swap Nb and Mg failed, dE=0.181eV, 
========== epoch=2108,  failed swap,  time cost=0.498s ==========
attempt to swap Nb and Mg failed, dE=0.513eV, 
========== epoch=2109,  failed swap,  time cost=0.407s ==========
attempt to swap Nb and Mg failed, dE=0.175eV, 
========== epoch=2110,  failed swap,  time cost=0.641s ==========
attempt to swap Nb and Mg failed, dE=0.421eV, 
========== epoch=2112,  failed swap,  time cost=0.673s ==========
attempt to swap Mg and Nb failed, dE=0.578eV, 
========== epoch=2113,  failed swap,  time cost=0.357s ==========
attempt to swap Nb and Mg failed, dE=0.198eV, 
========== epoch=2114,  failed swap,  time cost=0.501s ==========
attempt to swap Mg and Nb failed, dE=0.703eV, 
========== epoch=2115,  swap-147,  time cost=0.970s ==========
attempt to swap Mg and Nb succeeded, dE=-0.189eV, 
========== epoch=2119,  failed swap,  time cost=0.451s ==========
attempt to swap Nb and Mg failed, dE=0.524eV, 
========== epoch=2120,  failed swap,  time cost=0.540s ==========
attempt to swap Nb and Mg failed, dE=0.248eV, 
========== epoch=2121,  swap-148,  time cost=1.336s ==========
attempt to swap Nb and Mg succeeded, dE=0.028eV, 
========== epoch=2128,  swap-149,  time cost=1.017s ==========
attempt to swap Mg and Nb succeeded, dE=0.118eV, 
========== epoch=2131,  failed swap,  time cost=0.573s ==========
attempt to swap Nb and Mg failed, dE=0.980eV, 
========== epoch=2135,  failed swap,  time cost=0.655s ==========
attempt to swap Nb and Mg failed, dE=0.708eV, 
========== epoch=2137,  failed swap,  time cost=0.611s ==========
attempt to swap Mg and Nb failed, dE=0.408eV, 
========== epoch=2138,  failed swap,  time cost=0.756s ==========
attempt to swap Mg and Nb failed, dE=0.424eV, 
========== epoch=2140,  failed swap,  time cost=0.386s ==========
attempt to swap Nb and Mg failed, dE=0.513eV, 
========== epoch=2141,  failed swap,  time cost=0.610s ==========
attempt to swap Mg and Nb failed, dE=0.757eV, 
========== epoch=2143,  failed swap,  time cost=0.849s ==========
attempt to swap Mg and Nb failed, dE=0.207eV, 
========== epoch=2148,  failed swap,  time cost=0.483s ==========
attempt to swap Mg and Nb failed, dE=0.274eV, 
========== epoch=2151,  failed swap,  time cost=0.560s ==========
attempt to swap Mg and Nb failed, dE=0.673eV, 
========== epoch=2152,  failed swap,  time cost=0.706s ==========
attempt to swap Mg and Nb failed, dE=0.063eV, 
========== epoch=2155,  failed swap,  time cost=0.466s ==========
attempt to swap Nb and Mg failed, dE=0.082eV, 
========== epoch=2157,  failed swap,  time cost=0.714s ==========
attempt to swap Nb and Mg failed, dE=0.428eV, 
========== epoch=2159,  failed swap,  time cost=0.679s ==========
attempt to swap Nb and Mg failed, dE=0.261eV, 
========== epoch=2163,  failed swap,  time cost=0.946s ==========
attempt to swap Mg and Nb failed, dE=0.356eV, 
========== epoch=2164,  failed swap,  time cost=0.629s ==========
attempt to swap Mg and Nb failed, dE=0.629eV, 
========== epoch=2165,  failed swap,  time cost=0.414s ==========
attempt to swap Nb and Mg failed, dE=0.421eV, 
========== epoch=2166,  failed swap,  time cost=0.685s ==========
attempt to swap Mg and Nb failed, dE=0.496eV, 
========== epoch=2167,  failed swap,  time cost=0.433s ==========
attempt to swap Nb and Mg failed, dE=0.683eV, 
========== epoch=2168,  failed swap,  time cost=0.746s ==========
attempt to swap Mg and Nb failed, dE=0.399eV, 
========== epoch=2173,  failed swap,  time cost=0.670s ==========
attempt to swap Nb and Mg failed, dE=0.454eV, 
========== epoch=2174,  failed swap,  time cost=0.580s ==========
attempt to swap Mg and Nb failed, dE=0.362eV, 
========== epoch=2179,  failed swap,  time cost=0.505s ==========
attempt to swap Nb and Mg failed, dE=0.442eV, 
========== epoch=2182,  failed swap,  time cost=0.559s ==========
attempt to swap Mg and Nb failed, dE=0.500eV, 
========== epoch=2185,  swap-150,  time cost=0.960s ==========
attempt to swap Nb and Mg succeeded, dE=0.002eV, 
========== epoch=2186,  failed swap,  time cost=0.483s ==========
attempt to swap Mg and Nb failed, dE=0.331eV, 
========== epoch=2187,  failed swap,  time cost=0.837s ==========
attempt to swap Nb and Mg failed, dE=0.069eV, 
========== epoch=2191,  failed swap,  time cost=0.817s ==========
attempt to swap Mg and Nb failed, dE=0.777eV, 
========== epoch=2192,  failed swap,  time cost=0.530s ==========
attempt to swap Mg and Nb failed, dE=0.226eV, 
========== epoch=2197,  failed swap,  time cost=0.769s ==========
attempt to swap Mg and Nb failed, dE=0.400eV, 
========== epoch=2199,  failed swap,  time cost=0.556s ==========
attempt to swap Mg and Nb failed, dE=0.855eV, 
========== epoch=2200,  failed swap,  time cost=0.801s ==========
attempt to swap Mg and Nb failed, dE=0.318eV, 
========== epoch=2201,  failed swap,  time cost=0.834s ==========
attempt to swap Nb and Mg failed, dE=0.748eV, 
========== epoch=2202,  failed swap,  time cost=0.495s ==========
attempt to swap Mg and Nb failed, dE=0.141eV, 
========== epoch=2203,  failed swap,  time cost=0.428s ==========
attempt to swap Nb and Mg failed, dE=0.557eV, 
========== epoch=2205,  failed swap,  time cost=0.509s ==========
attempt to swap Mg and Nb failed, dE=0.369eV, 
========== epoch=2206,  failed swap,  time cost=0.557s ==========
attempt to swap Mg and Nb failed, dE=0.631eV, 
========== epoch=2208,  swap-151,  time cost=1.623s ==========
attempt to swap Mg and Nb succeeded, dE=-0.025eV, 
========== epoch=2210,  failed swap,  time cost=1.111s ==========
attempt to swap Mg and Nb failed, dE=0.282eV, 
========== epoch=2211,  failed swap,  time cost=0.569s ==========
attempt to swap Mg and Nb failed, dE=0.335eV, 
========== epoch=2212,  failed swap,  time cost=0.570s ==========
attempt to swap Mg and Nb failed, dE=0.321eV, 
========== epoch=2214,  failed swap,  time cost=1.158s ==========
attempt to swap Nb and Mg failed, dE=0.511eV, 
========== epoch=2215,  failed swap,  time cost=1.024s ==========
attempt to swap Mg and Nb failed, dE=0.188eV, 
========== epoch=2219,  failed swap,  time cost=0.510s ==========
attempt to swap Mg and Nb failed, dE=0.346eV, 
========== epoch=2223,  failed swap,  time cost=0.439s ==========
attempt to swap Nb and Mg failed, dE=0.638eV, 
========== epoch=2225,  failed swap,  time cost=0.432s ==========
attempt to swap Mg and Nb failed, dE=0.351eV, 
========== epoch=2229,  failed swap,  time cost=0.533s ==========
attempt to swap Mg and Nb failed, dE=0.505eV, 
========== epoch=2230,  failed swap,  time cost=0.557s ==========
attempt to swap Nb and Mg failed, dE=0.520eV, 
========== epoch=2233,  failed swap,  time cost=0.468s ==========
attempt to swap Mg and Nb failed, dE=0.143eV, 
========== epoch=2237,  failed swap,  time cost=0.739s ==========
attempt to swap Nb and Mg failed, dE=0.742eV, 
========== epoch=2239,  failed swap,  time cost=0.782s ==========
attempt to swap Nb and Mg failed, dE=0.489eV, 
========== epoch=2241,  failed swap,  time cost=0.625s ==========
attempt to swap Mg and Nb failed, dE=0.775eV, 
========== epoch=2242,  failed swap,  time cost=1.132s ==========
attempt to swap Nb and Mg failed, dE=0.746eV, 
========== epoch=2254,  failed swap,  time cost=0.467s ==========
attempt to swap Nb and Mg failed, dE=0.419eV, 
========== epoch=2255,  failed swap,  time cost=0.564s ==========
attempt to swap Nb and Mg failed, dE=0.638eV, 
========== epoch=2258,  failed swap,  time cost=0.531s ==========
attempt to swap Nb and Mg failed, dE=0.169eV, 
========== epoch=2259,  failed swap,  time cost=0.559s ==========
attempt to swap Mg and Nb failed, dE=0.126eV, 
========== epoch=2262,  failed swap,  time cost=0.429s ==========
attempt to swap Mg and Nb failed, dE=0.446eV, 
========== epoch=2265,  swap-152,  time cost=0.981s ==========
attempt to swap Mg and Nb succeeded, dE=-0.235eV, 
========== epoch=2266,  swap-153,  time cost=1.341s ==========
attempt to swap Nb and Mg succeeded, dE=0.109eV, 
========== epoch=2267,  failed swap,  time cost=1.306s ==========
attempt to swap Mg and Nb failed, dE=0.339eV, 
========== epoch=2269,  failed swap,  time cost=0.552s ==========
attempt to swap Nb and Mg failed, dE=0.403eV, 
========== epoch=2270,  failed swap,  time cost=0.529s ==========
attempt to swap Mg and Nb failed, dE=0.301eV, 
========== epoch=2271,  failed swap,  time cost=0.892s ==========
attempt to swap Mg and Nb failed, dE=0.032eV, 
========== epoch=2273,  failed swap,  time cost=0.765s ==========
attempt to swap Nb and Mg failed, dE=0.242eV, 
========== epoch=2274,  failed swap,  time cost=0.516s ==========
attempt to swap Mg and Nb failed, dE=0.175eV, 
========== epoch=2275,  failed swap,  time cost=0.659s ==========
attempt to swap Nb and Mg failed, dE=0.278eV, 
========== epoch=2278,  failed swap,  time cost=0.846s ==========
attempt to swap Nb and Mg failed, dE=0.517eV, 
========== epoch=2285,  failed swap,  time cost=1.310s ==========
attempt to swap Mg and Nb failed, dE=0.479eV, 
========== epoch=2287,  failed swap,  time cost=0.625s ==========
attempt to swap Mg and Nb failed, dE=0.417eV, 
========== epoch=2293,  failed swap,  time cost=1.155s ==========
attempt to swap Mg and Nb failed, dE=0.772eV, 
========== epoch=2298,  failed swap,  time cost=0.587s ==========
attempt to swap Mg and Nb failed, dE=0.651eV, 
========== epoch=2300,  failed swap,  time cost=0.846s ==========
attempt to swap Nb and Mg failed, dE=0.010eV, 
========== epoch=2302,  failed swap,  time cost=0.679s ==========
attempt to swap Mg and Nb failed, dE=0.340eV, 
========== epoch=2303,  failed swap,  time cost=0.443s ==========
attempt to swap Nb and Mg failed, dE=0.716eV, 
========== epoch=2304,  failed swap,  time cost=0.541s ==========
attempt to swap Mg and Nb failed, dE=0.956eV, 
========== epoch=2305,  failed swap,  time cost=0.553s ==========
attempt to swap Nb and Mg failed, dE=0.528eV, 
========== epoch=2308,  failed swap,  time cost=0.419s ==========
attempt to swap Mg and Nb failed, dE=0.502eV, 
========== epoch=2312,  swap-154,  time cost=1.923s ==========
attempt to swap Mg and Nb succeeded, dE=-0.131eV, 
========== epoch=2313,  failed swap,  time cost=0.606s ==========
attempt to swap Nb and Mg failed, dE=0.695eV, 
========== epoch=2314,  failed swap,  time cost=0.699s ==========
attempt to swap Mg and Nb failed, dE=0.148eV, 
========== epoch=2321,  failed swap,  time cost=0.845s ==========
attempt to swap Nb and Mg failed, dE=0.186eV, 
========== epoch=2323,  failed swap,  time cost=0.827s ==========
attempt to swap Nb and Mg failed, dE=0.457eV, 
========== epoch=2325,  failed swap,  time cost=0.488s ==========
attempt to swap Mg and Nb failed, dE=0.912eV, 
========== epoch=2330,  failed swap,  time cost=0.506s ==========
attempt to swap Mg and Nb failed, dE=0.754eV, 
========== epoch=2336,  failed swap,  time cost=0.493s ==========
attempt to swap Mg and Nb failed, dE=0.423eV, 
========== epoch=2340,  failed swap,  time cost=0.982s ==========
attempt to swap Nb and Mg failed, dE=0.230eV, 
========== epoch=2342,  failed swap,  time cost=1.235s ==========
attempt to swap Mg and Nb failed, dE=0.514eV, 
========== epoch=2347,  failed swap,  time cost=1.403s ==========
attempt to swap Mg and Nb failed, dE=0.586eV, 
========== epoch=2348,  failed swap,  time cost=0.606s ==========
attempt to swap Mg and Nb failed, dE=0.783eV, 
========== epoch=2349,  swap-155,  time cost=6.747s ==========
attempt to swap Nb and Mg succeeded, dE=-0.073eV, 
========== epoch=2351,  failed swap,  time cost=0.993s ==========
attempt to swap Nb and Mg failed, dE=0.305eV, 
========== epoch=2353,  failed swap,  time cost=0.773s ==========
attempt to swap Mg and Nb failed, dE=0.907eV, 
========== epoch=2356,  failed swap,  time cost=0.628s ==========
attempt to swap Mg and Nb failed, dE=0.438eV, 
========== epoch=2357,  failed swap,  time cost=1.096s ==========
attempt to swap Nb and Mg failed, dE=0.335eV, 
========== epoch=2358,  failed swap,  time cost=0.703s ==========
attempt to swap Nb and Mg failed, dE=0.814eV, 
========== epoch=2359,  failed swap,  time cost=0.752s ==========
attempt to swap Nb and Mg failed, dE=0.308eV, 
========== epoch=2364,  swap-156,  time cost=1.422s ==========
attempt to swap Nb and Mg succeeded, dE=0.073eV, 
========== epoch=2368,  failed swap,  time cost=0.675s ==========
attempt to swap Nb and Mg failed, dE=0.795eV, 
========== epoch=2370,  failed swap,  time cost=0.976s ==========
attempt to swap Nb and Mg failed, dE=0.602eV, 
========== epoch=2377,  failed swap,  time cost=0.547s ==========
attempt to swap Mg and Nb failed, dE=0.741eV, 
========== epoch=2378,  failed swap,  time cost=1.073s ==========
attempt to swap Nb and Mg failed, dE=0.411eV, 
========== epoch=2379,  failed swap,  time cost=0.992s ==========
attempt to swap Mg and Nb failed, dE=0.277eV, 
========== epoch=2380,  swap-157,  time cost=1.521s ==========
attempt to swap Mg and Nb succeeded, dE=-0.123eV, 
========== epoch=2386,  failed swap,  time cost=0.634s ==========
attempt to swap Nb and Mg failed, dE=0.388eV, 
========== epoch=2392,  failed swap,  time cost=0.954s ==========
attempt to swap Mg and Nb failed, dE=0.366eV, 
========== epoch=2398,  failed swap,  time cost=0.564s ==========
attempt to swap Nb and Mg failed, dE=0.399eV, 
========== epoch=2404,  failed swap,  time cost=0.937s ==========
attempt to swap Nb and Mg failed, dE=0.520eV, 
========== epoch=2406,  failed swap,  time cost=0.694s ==========
attempt to swap Mg and Nb failed, dE=0.375eV, 
========== epoch=2412,  failed swap,  time cost=0.672s ==========
attempt to swap Mg and Nb failed, dE=0.223eV, 
========== epoch=2413,  swap-158,  time cost=2.238s ==========
attempt to swap Nb and Mg succeeded, dE=0.172eV, 
========== epoch=2418,  failed swap,  time cost=0.942s ==========
attempt to swap Mg and Nb failed, dE=0.371eV, 
========== epoch=2421,  failed swap,  time cost=1.369s ==========
attempt to swap Nb and Mg failed, dE=0.264eV, 
========== epoch=2424,  failed swap,  time cost=1.361s ==========
attempt to swap Nb and Mg failed, dE=0.161eV, 
========== epoch=2428,  failed swap,  time cost=0.564s ==========
attempt to swap Nb and Mg failed, dE=0.070eV, 
========== epoch=2430,  failed swap,  time cost=0.582s ==========
attempt to swap Nb and Mg failed, dE=0.344eV, 
========== epoch=2433,  failed swap,  time cost=0.815s ==========
attempt to swap Nb and Mg failed, dE=0.752eV, 
========== epoch=2434,  failed swap,  time cost=0.506s ==========
attempt to swap Mg and Nb failed, dE=0.458eV, 
========== epoch=2435,  failed swap,  time cost=0.658s ==========
attempt to swap Nb and Mg failed, dE=0.708eV, 
========== epoch=2442,  failed swap,  time cost=0.767s ==========
attempt to swap Mg and Nb failed, dE=0.256eV, 
========== epoch=2445,  failed swap,  time cost=0.807s ==========
attempt to swap Mg and Nb failed, dE=0.367eV, 
========== epoch=2452,  failed swap,  time cost=0.755s ==========
attempt to swap Mg and Nb failed, dE=0.578eV, 
========== epoch=2465,  failed swap,  time cost=0.737s ==========
attempt to swap Mg and Nb failed, dE=0.151eV, 
========== epoch=2467,  failed swap,  time cost=0.560s ==========
attempt to swap Nb and Mg failed, dE=0.495eV, 
========== epoch=2475,  failed swap,  time cost=0.696s ==========
attempt to swap Nb and Mg failed, dE=0.708eV, 
========== epoch=2478,  failed swap,  time cost=0.613s ==========
attempt to swap Nb and Mg failed, dE=0.409eV, 
========== epoch=2479,  failed swap,  time cost=1.304s ==========
attempt to swap Nb and Mg failed, dE=0.194eV, 
========== epoch=2481,  failed swap,  time cost=0.579s ==========
attempt to swap Nb and Mg failed, dE=0.067eV, 
========== epoch=2482,  swap-159,  time cost=4.196s ==========
attempt to swap Nb and Mg succeeded, dE=0.025eV, 
========== epoch=2483,  failed swap,  time cost=0.856s ==========
attempt to swap Mg and Nb failed, dE=0.284eV, 
========== epoch=2484,  failed swap,  time cost=1.261s ==========
attempt to swap Nb and Mg failed, dE=0.517eV, 
========== epoch=2486,  failed swap,  time cost=0.822s ==========
attempt to swap Mg and Nb failed, dE=0.624eV, 
========== epoch=2489,  failed swap,  time cost=0.843s ==========
attempt to swap Nb and Mg failed, dE=0.724eV, 
========== epoch=2492,  failed swap,  time cost=0.665s ==========
attempt to swap Nb and Mg failed, dE=0.112eV, 
========== epoch=2494,  failed swap,  time cost=0.715s ==========
attempt to swap Mg and Nb failed, dE=0.303eV, 
========== epoch=2497,  failed swap,  time cost=0.985s ==========
attempt to swap Nb and Mg failed, dE=0.152eV, 
========== epoch=2505,  swap-160,  time cost=3.066s ==========
attempt to swap Mg and Nb succeeded, dE=-0.017eV, 
========== epoch=2509,  failed swap,  time cost=0.848s ==========
attempt to swap Nb and Mg failed, dE=0.214eV, 
========== epoch=2511,  failed swap,  time cost=0.797s ==========
attempt to swap Nb and Mg failed, dE=0.363eV, 
========== epoch=2518,  swap-161,  time cost=1.713s ==========
attempt to swap Nb and Mg succeeded, dE=-0.159eV, 
========== epoch=2521,  swap-162,  time cost=1.288s ==========
attempt to swap Nb and Mg succeeded, dE=0.033eV, 
========== epoch=2522,  failed swap,  time cost=0.881s ==========
attempt to swap Mg and Nb failed, dE=0.262eV, 
========== epoch=2523,  failed swap,  time cost=0.808s ==========
attempt to swap Mg and Nb failed, dE=0.502eV, 
========== epoch=2527,  failed swap,  time cost=0.834s ==========
attempt to swap Mg and Nb failed, dE=0.026eV, 
========== epoch=2528,  failed swap,  time cost=0.604s ==========
attempt to swap Mg and Nb failed, dE=0.243eV, 
========== epoch=2530,  failed swap,  time cost=0.961s ==========
attempt to swap Mg and Nb failed, dE=0.241eV, 
========== epoch=2538,  failed swap,  time cost=0.505s ==========
attempt to swap Mg and Nb failed, dE=0.269eV, 
========== epoch=2540,  failed swap,  time cost=0.546s ==========
attempt to swap Mg and Nb failed, dE=0.362eV, 
========== epoch=2541,  failed swap,  time cost=0.660s ==========
attempt to swap Mg and Nb failed, dE=0.350eV, 
========== epoch=2542,  failed swap,  time cost=0.646s ==========
attempt to swap Mg and Nb failed, dE=0.292eV, 
========== epoch=2544,  failed swap,  time cost=0.577s ==========
attempt to swap Nb and Mg failed, dE=0.107eV, 
========== epoch=2548,  swap-163,  time cost=1.092s ==========
attempt to swap Nb and Mg succeeded, dE=0.035eV, 
========== epoch=2552,  failed swap,  time cost=0.633s ==========
attempt to swap Nb and Mg failed, dE=0.490eV, 
========== epoch=2553,  failed swap,  time cost=0.517s ==========
attempt to swap Mg and Nb failed, dE=0.751eV, 
========== epoch=2557,  swap-164,  time cost=1.787s ==========
attempt to swap Nb and Mg succeeded, dE=-0.094eV, 
========== epoch=2558,  swap-165,  time cost=1.275s ==========
attempt to swap Mg and Nb succeeded, dE=-0.040eV, 
========== epoch=2561,  failed swap,  time cost=0.951s ==========
attempt to swap Mg and Nb failed, dE=0.451eV, 
========== epoch=2562,  failed swap,  time cost=1.283s ==========
attempt to swap Mg and Nb failed, dE=0.489eV, 
========== epoch=2564,  failed swap,  time cost=0.797s ==========
attempt to swap Nb and Mg failed, dE=0.271eV, 
========== epoch=2569,  failed swap,  time cost=0.492s ==========
attempt to swap Mg and Nb failed, dE=0.247eV, 
========== epoch=2573,  failed swap,  time cost=0.830s ==========
attempt to swap Nb and Mg failed, dE=0.406eV, 
========== epoch=2576,  swap-166,  time cost=1.351s ==========
attempt to swap Nb and Mg succeeded, dE=-0.213eV, 
========== epoch=2577,  failed swap,  time cost=0.775s ==========
attempt to swap Mg and Nb failed, dE=0.748eV, 
========== epoch=2580,  failed swap,  time cost=0.653s ==========
attempt to swap Mg and Nb failed, dE=0.668eV, 
========== epoch=2581,  failed swap,  time cost=0.892s ==========
attempt to swap Mg and Nb failed, dE=0.509eV, 
========== epoch=2584,  failed swap,  time cost=0.799s ==========
attempt to swap Mg and Nb failed, dE=0.536eV, 
========== epoch=2585,  failed swap,  time cost=1.108s ==========
attempt to swap Mg and Nb failed, dE=0.346eV, 
========== epoch=2586,  failed swap,  time cost=0.833s ==========
attempt to swap Nb and Mg failed, dE=0.137eV, 
========== epoch=2587,  failed swap,  time cost=0.850s ==========
attempt to swap Nb and Mg failed, dE=0.425eV, 
========== epoch=2590,  failed swap,  time cost=1.046s ==========
attempt to swap Nb and Mg failed, dE=0.104eV, 
========== epoch=2596,  failed swap,  time cost=0.782s ==========
attempt to swap Mg and Nb failed, dE=0.617eV, 
========== epoch=2597,  failed swap,  time cost=0.670s ==========
attempt to swap Nb and Mg failed, dE=0.394eV, 
========== epoch=2599,  failed swap,  time cost=0.534s ==========
attempt to swap Mg and Nb failed, dE=0.382eV, 
========== epoch=2601,  swap-167,  time cost=1.264s ==========
attempt to swap Mg and Nb succeeded, dE=-0.292eV, 
========== epoch=2606,  failed swap,  time cost=0.954s ==========
attempt to swap Nb and Mg failed, dE=0.758eV, 
========== epoch=2608,  swap-168,  time cost=1.158s ==========
attempt to swap Mg and Nb succeeded, dE=-0.025eV, 
========== epoch=2610,  failed swap,  time cost=0.916s ==========
attempt to swap Nb and Mg failed, dE=0.339eV, 
========== epoch=2612,  failed swap,  time cost=0.515s ==========
attempt to swap Mg and Nb failed, dE=0.368eV, 
========== epoch=2613,  failed swap,  time cost=0.794s ==========
attempt to swap Mg and Nb failed, dE=0.180eV, 
========== epoch=2616,  swap-169,  time cost=1.033s ==========
attempt to swap Nb and Mg succeeded, dE=0.016eV, 
========== epoch=2618,  failed swap,  time cost=0.696s ==========
attempt to swap Mg and Nb failed, dE=0.697eV, 
========== epoch=2621,  failed swap,  time cost=0.913s ==========
attempt to swap Mg and Nb failed, dE=0.640eV, 
========== epoch=2622,  failed swap,  time cost=0.516s ==========
attempt to swap Nb and Mg failed, dE=0.257eV, 
========== epoch=2629,  failed swap,  time cost=0.682s ==========
attempt to swap Mg and Nb failed, dE=0.148eV, 
========== epoch=2631,  failed swap,  time cost=0.382s ==========
attempt to swap Nb and Mg failed, dE=0.188eV, 
========== epoch=2633,  failed swap,  time cost=0.812s ==========
attempt to swap Mg and Nb failed, dE=0.593eV, 
========== epoch=2637,  failed swap,  time cost=1.040s ==========
attempt to swap Mg and Nb failed, dE=0.221eV, 
========== epoch=2638,  failed swap,  time cost=1.277s ==========
attempt to swap Nb and Mg failed, dE=0.161eV, 
========== epoch=2642,  failed swap,  time cost=0.787s ==========
attempt to swap Mg and Nb failed, dE=0.100eV, 
========== epoch=2652,  failed swap,  time cost=1.042s ==========
attempt to swap Mg and Nb failed, dE=0.703eV, 
========== epoch=2653,  swap-170,  time cost=1.328s ==========
attempt to swap Mg and Nb succeeded, dE=-0.118eV, 
========== epoch=2654,  failed swap,  time cost=0.543s ==========
attempt to swap Nb and Mg failed, dE=0.242eV, 
========== epoch=2656,  failed swap,  time cost=0.564s ==========
attempt to swap Nb and Mg failed, dE=0.384eV, 
========== epoch=2660,  failed swap,  time cost=0.705s ==========
attempt to swap Nb and Mg failed, dE=0.219eV, 
========== epoch=2661,  failed swap,  time cost=0.893s ==========
attempt to swap Mg and Nb failed, dE=0.379eV, 
========== epoch=2664,  failed swap,  time cost=0.449s ==========
attempt to swap Mg and Nb failed, dE=0.690eV, 
========== epoch=2666,  failed swap,  time cost=0.373s ==========
attempt to swap Nb and Mg failed, dE=0.188eV, 
========== epoch=2669,  failed swap,  time cost=0.787s ==========
attempt to swap Nb and Mg failed, dE=0.767eV, 
========== epoch=2675,  failed swap,  time cost=0.394s ==========
attempt to swap Nb and Mg failed, dE=0.153eV, 
========== epoch=2678,  swap-171,  time cost=1.657s ==========
attempt to swap Mg and Nb succeeded, dE=-0.184eV, 
========== epoch=2679,  failed swap,  time cost=0.711s ==========
attempt to swap Nb and Mg failed, dE=0.526eV, 
========== epoch=2685,  failed swap,  time cost=0.764s ==========
attempt to swap Nb and Mg failed, dE=0.394eV, 
========== epoch=2688,  failed swap,  time cost=0.444s ==========
attempt to swap Nb and Mg failed, dE=0.530eV, 
========== epoch=2694,  failed swap,  time cost=0.497s ==========
attempt to swap Nb and Mg failed, dE=0.152eV, 
========== epoch=2696,  failed swap,  time cost=0.630s ==========
attempt to swap Nb and Mg failed, dE=0.306eV, 
========== epoch=2701,  failed swap,  time cost=0.357s ==========
attempt to swap Nb and Mg failed, dE=0.185eV, 
========== epoch=2702,  failed swap,  time cost=0.501s ==========
attempt to swap Nb and Mg failed, dE=0.969eV, 
========== epoch=2707,  failed swap,  time cost=0.541s ==========
attempt to swap Mg and Nb failed, dE=0.152eV, 
========== epoch=2709,  failed swap,  time cost=0.415s ==========
attempt to swap Mg and Nb failed, dE=0.832eV, 
========== epoch=2711,  failed swap,  time cost=0.495s ==========
attempt to swap Nb and Mg failed, dE=0.503eV, 
========== epoch=2719,  failed swap,  time cost=0.922s ==========
attempt to swap Nb and Mg failed, dE=0.188eV, 
========== epoch=2728,  failed swap,  time cost=0.549s ==========
attempt to swap Mg and Nb failed, dE=0.388eV, 
========== epoch=2730,  failed swap,  time cost=0.940s ==========
attempt to swap Nb and Mg failed, dE=0.758eV, 
========== epoch=2731,  failed swap,  time cost=0.488s ==========
attempt to swap Nb and Mg failed, dE=0.503eV, 
========== epoch=2735,  failed swap,  time cost=0.940s ==========
attempt to swap Mg and Nb failed, dE=0.720eV, 
========== epoch=2736,  failed swap,  time cost=0.659s ==========
attempt to swap Mg and Nb failed, dE=0.647eV, 
========== epoch=2738,  failed swap,  time cost=0.665s ==========
attempt to swap Mg and Nb failed, dE=0.822eV, 
========== epoch=2742,  failed swap,  time cost=0.636s ==========
attempt to swap Nb and Mg failed, dE=0.754eV, 
========== epoch=2745,  failed swap,  time cost=0.418s ==========
attempt to swap Nb and Mg failed, dE=0.285eV, 
========== epoch=2748,  failed swap,  time cost=0.449s ==========
attempt to swap Mg and Nb failed, dE=0.400eV, 
========== epoch=2749,  failed swap,  time cost=0.844s ==========
attempt to swap Mg and Nb failed, dE=0.044eV, 
========== epoch=2754,  failed swap,  time cost=0.409s ==========
attempt to swap Nb and Mg failed, dE=0.362eV, 
========== epoch=2756,  failed swap,  time cost=0.399s ==========
attempt to swap Mg and Nb failed, dE=0.274eV, 
========== epoch=2761,  failed swap,  time cost=0.500s ==========
attempt to swap Mg and Nb failed, dE=0.937eV, 
========== epoch=2762,  failed swap,  time cost=0.623s ==========
attempt to swap Nb and Mg failed, dE=0.899eV, 
========== epoch=2764,  failed swap,  time cost=0.418s ==========
attempt to swap Mg and Nb failed, dE=0.718eV, 
========== epoch=2765,  failed swap,  time cost=0.800s ==========
attempt to swap Mg and Nb failed, dE=0.716eV, 
========== epoch=2767,  failed swap,  time cost=0.475s ==========
attempt to swap Nb and Mg failed, dE=0.633eV, 
========== epoch=2769,  failed swap,  time cost=0.557s ==========
attempt to swap Mg and Nb failed, dE=0.300eV, 
========== epoch=2772,  failed swap,  time cost=0.460s ==========
attempt to swap Mg and Nb failed, dE=0.343eV, 
========== epoch=2773,  failed swap,  time cost=0.637s ==========
attempt to swap Nb and Mg failed, dE=0.509eV, 
========== epoch=2774,  failed swap,  time cost=0.622s ==========
attempt to swap Nb and Mg failed, dE=0.705eV, 
========== epoch=2775,  failed swap,  time cost=0.983s ==========
attempt to swap Mg and Nb failed, dE=0.503eV, 
========== epoch=2776,  failed swap,  time cost=0.652s ==========
attempt to swap Mg and Nb failed, dE=0.094eV, 
========== epoch=2779,  failed swap,  time cost=0.463s ==========
attempt to swap Mg and Nb failed, dE=0.285eV, 
========== epoch=2781,  failed swap,  time cost=0.646s ==========
attempt to swap Mg and Nb failed, dE=0.766eV, 
========== epoch=2787,  failed swap,  time cost=0.568s ==========
attempt to swap Mg and Nb failed, dE=0.457eV, 
========== epoch=2794,  failed swap,  time cost=0.469s ==========
attempt to swap Mg and Nb failed, dE=0.306eV, 
========== epoch=2797,  failed swap,  time cost=1.032s ==========
attempt to swap Nb and Mg failed, dE=0.132eV, 
========== epoch=2800,  failed swap,  time cost=0.566s ==========
attempt to swap Nb and Mg failed, dE=0.457eV, 
========== epoch=2801,  failed swap,  time cost=0.904s ==========
attempt to swap Mg and Nb failed, dE=0.245eV, 
========== epoch=2802,  swap-172,  time cost=2.108s ==========
attempt to swap Nb and Mg succeeded, dE=-0.099eV, 
========== epoch=2806,  failed swap,  time cost=0.589s ==========
attempt to swap Mg and Nb failed, dE=0.549eV, 
========== epoch=2807,  failed swap,  time cost=0.667s ==========
attempt to swap Nb and Mg failed, dE=0.716eV, 
========== epoch=2813,  failed swap,  time cost=0.489s ==========
attempt to swap Nb and Mg failed, dE=0.286eV, 
========== epoch=2819,  failed swap,  time cost=0.567s ==========
attempt to swap Nb and Mg failed, dE=0.460eV, 
========== epoch=2820,  failed swap,  time cost=0.536s ==========
attempt to swap Nb and Mg failed, dE=0.884eV, 
========== epoch=2823,  failed swap,  time cost=0.663s ==========
attempt to swap Nb and Mg failed, dE=0.561eV, 
========== epoch=2825,  swap-173,  time cost=0.878s ==========
attempt to swap Mg and Nb succeeded, dE=-0.142eV, 
========== epoch=2827,  failed swap,  time cost=1.031s ==========
attempt to swap Nb and Mg failed, dE=0.900eV, 
========== epoch=2829,  failed swap,  time cost=0.803s ==========
attempt to swap Nb and Mg failed, dE=0.670eV, 
========== epoch=2834,  failed swap,  time cost=0.437s ==========
attempt to swap Mg and Nb failed, dE=0.276eV, 
========== epoch=2835,  failed swap,  time cost=0.473s ==========
attempt to swap Mg and Nb failed, dE=0.238eV, 
========== epoch=2836,  failed swap,  time cost=0.462s ==========
attempt to swap Mg and Nb failed, dE=0.584eV, 
========== epoch=2845,  failed swap,  time cost=0.680s ==========
attempt to swap Mg and Nb failed, dE=0.941eV, 
========== epoch=2847,  failed swap,  time cost=1.330s ==========
attempt to swap Nb and Mg failed, dE=0.424eV, 
========== epoch=2848,  failed swap,  time cost=0.512s ==========
attempt to swap Nb and Mg failed, dE=0.701eV, 
========== epoch=2849,  swap-174,  time cost=2.345s ==========
attempt to swap Mg and Nb succeeded, dE=-0.097eV, 
========== epoch=2858,  failed swap,  time cost=0.619s ==========
attempt to swap Mg and Nb failed, dE=0.318eV, 
========== epoch=2863,  failed swap,  time cost=0.453s ==========
attempt to swap Mg and Nb failed, dE=0.290eV, 
========== epoch=2864,  failed swap,  time cost=0.690s ==========
attempt to swap Nb and Mg failed, dE=0.838eV, 
========== epoch=2867,  failed swap,  time cost=0.883s ==========
attempt to swap Nb and Mg failed, dE=0.921eV, 
========== epoch=2873,  failed swap,  time cost=1.007s ==========
attempt to swap Mg and Nb failed, dE=0.808eV, 
========== epoch=2880,  failed swap,  time cost=0.940s ==========
attempt to swap Nb and Mg failed, dE=0.366eV, 
========== epoch=2883,  swap-175,  time cost=1.023s ==========
attempt to swap Mg and Nb succeeded, dE=-0.073eV, 
========== epoch=2884,  failed swap,  time cost=0.477s ==========
attempt to swap Nb and Mg failed, dE=0.489eV, 
========== epoch=2889,  failed swap,  time cost=0.455s ==========
attempt to swap Nb and Mg failed, dE=0.114eV, 
========== epoch=2890,  failed swap,  time cost=0.934s ==========
attempt to swap Nb and Mg failed, dE=0.417eV, 
========== epoch=2891,  failed swap,  time cost=0.650s ==========
attempt to swap Nb and Mg failed, dE=0.332eV, 
========== epoch=2892,  swap-176,  time cost=1.146s ==========
attempt to swap Nb and Mg succeeded, dE=-0.035eV, 
========== epoch=2893,  failed swap,  time cost=0.929s ==========
attempt to swap Mg and Nb failed, dE=0.266eV, 
========== epoch=2899,  failed swap,  time cost=0.515s ==========
attempt to swap Nb and Mg failed, dE=0.285eV, 
========== epoch=2901,  failed swap,  time cost=1.026s ==========
attempt to swap Nb and Mg failed, dE=0.611eV, 
========== epoch=2903,  failed swap,  time cost=0.704s ==========
attempt to swap Nb and Mg failed, dE=0.385eV, 
========== epoch=2905,  failed swap,  time cost=0.514s ==========
attempt to swap Mg and Nb failed, dE=0.539eV, 
========== epoch=2906,  failed swap,  time cost=0.645s ==========
attempt to swap Mg and Nb failed, dE=0.618eV, 
========== epoch=2909,  failed swap,  time cost=0.709s ==========
attempt to swap Nb and Mg failed, dE=0.773eV, 
========== epoch=2912,  failed swap,  time cost=0.516s ==========
attempt to swap Nb and Mg failed, dE=0.035eV, 
========== epoch=2913,  failed swap,  time cost=0.881s ==========
attempt to swap Nb and Mg failed, dE=0.414eV, 
========== epoch=2914,  failed swap,  time cost=0.532s ==========
attempt to swap Nb and Mg failed, dE=0.647eV, 
========== epoch=2918,  failed swap,  time cost=1.035s ==========
attempt to swap Mg and Nb failed, dE=0.706eV, 
========== epoch=2920,  failed swap,  time cost=0.733s ==========
attempt to swap Mg and Nb failed, dE=0.731eV, 
========== epoch=2922,  failed swap,  time cost=0.978s ==========
attempt to swap Mg and Nb failed, dE=0.266eV, 
========== epoch=2923,  failed swap,  time cost=0.860s ==========
attempt to swap Nb and Mg failed, dE=0.324eV, 
========== epoch=2928,  swap-177,  time cost=1.362s ==========
attempt to swap Nb and Mg succeeded, dE=-0.149eV, 
========== epoch=2931,  failed swap,  time cost=0.893s ==========
attempt to swap Nb and Mg failed, dE=0.338eV, 
========== epoch=2935,  failed swap,  time cost=0.570s ==========
attempt to swap Mg and Nb failed, dE=0.260eV, 
========== epoch=2939,  failed swap,  time cost=0.676s ==========
attempt to swap Mg and Nb failed, dE=0.544eV, 
========== epoch=2940,  failed swap,  time cost=0.952s ==========
attempt to swap Nb and Mg failed, dE=0.730eV, 
========== epoch=2941,  failed swap,  time cost=0.528s ==========
attempt to swap Mg and Nb failed, dE=0.569eV, 
========== epoch=2946,  failed swap,  time cost=0.447s ==========
attempt to swap Nb and Mg failed, dE=0.634eV, 
========== epoch=2947,  failed swap,  time cost=0.785s ==========
attempt to swap Mg and Nb failed, dE=0.483eV, 
========== epoch=2951,  failed swap,  time cost=1.015s ==========
attempt to swap Mg and Nb failed, dE=0.896eV, 
========== epoch=2954,  failed swap,  time cost=0.483s ==========
attempt to swap Mg and Nb failed, dE=0.620eV, 
========== epoch=2956,  failed swap,  time cost=0.477s ==========
attempt to swap Nb and Mg failed, dE=0.628eV, 
========== epoch=2959,  failed swap,  time cost=0.571s ==========
attempt to swap Nb and Mg failed, dE=0.366eV, 
========== epoch=2961,  failed swap,  time cost=0.628s ==========
attempt to swap Mg and Nb failed, dE=0.338eV, 
========== epoch=2966,  failed swap,  time cost=0.511s ==========
attempt to swap Nb and Mg failed, dE=0.219eV, 
========== epoch=2969,  failed swap,  time cost=0.562s ==========
attempt to swap Mg and Nb failed, dE=0.666eV, 
========== epoch=2970,  failed swap,  time cost=0.566s ==========
attempt to swap Mg and Nb failed, dE=0.971eV, 
========== epoch=2973,  failed swap,  time cost=0.517s ==========
attempt to swap Mg and Nb failed, dE=0.410eV, 
========== epoch=2974,  failed swap,  time cost=1.055s ==========
attempt to swap Mg and Nb failed, dE=0.854eV, 
========== epoch=2976,  failed swap,  time cost=0.815s ==========
attempt to swap Nb and Mg failed, dE=0.910eV, 
========== epoch=2978,  failed swap,  time cost=0.579s ==========
attempt to swap Mg and Nb failed, dE=0.481eV, 
========== epoch=2982,  failed swap,  time cost=0.496s ==========
attempt to swap Nb and Mg failed, dE=0.174eV, 
========== epoch=2984,  failed swap,  time cost=0.813s ==========
attempt to swap Nb and Mg failed, dE=0.842eV, 
========== epoch=2985,  failed swap,  time cost=0.579s ==========
attempt to swap Nb and Mg failed, dE=0.549eV, 
========== epoch=2987,  failed swap,  time cost=0.403s ==========
attempt to swap Mg and Nb failed, dE=0.205eV, 
========== epoch=2989,  failed swap,  time cost=1.189s ==========
attempt to swap Mg and Nb failed, dE=0.830eV, 
========== epoch=2990,  failed swap,  time cost=0.683s ==========
attempt to swap Mg and Nb failed, dE=0.475eV, 
========== epoch=2993,  failed swap,  time cost=0.524s ==========
attempt to swap Nb and Mg failed, dE=0.501eV, 
========== epoch=2994,  failed swap,  time cost=0.424s ==========
attempt to swap Mg and Nb failed, dE=0.461eV, 
========== epoch=2996,  failed swap,  time cost=0.540s ==========
attempt to swap Mg and Nb failed, dE=0.379eV, 
========== epoch=2997,  failed swap,  time cost=0.659s ==========
attempt to swap Nb and Mg failed, dE=0.511eV, 
========== epoch=3001,  failed swap,  time cost=0.641s ==========
attempt to swap Nb and Mg failed, dE=0.795eV, 
========== epoch=3003,  failed swap,  time cost=0.828s ==========
attempt to swap Nb and Mg failed, dE=0.910eV, 
========== epoch=3004,  failed swap,  time cost=0.605s ==========
attempt to swap Nb and Mg failed, dE=0.501eV, 
========== epoch=3007,  failed swap,  time cost=0.649s ==========
attempt to swap Mg and Nb failed, dE=0.753eV, 
========== epoch=3008,  failed swap,  time cost=0.595s ==========
attempt to swap Mg and Nb failed, dE=0.753eV, 
========== epoch=3009,  failed swap,  time cost=1.270s ==========
attempt to swap Nb and Mg failed, dE=0.239eV, 
========== epoch=3014,  failed swap,  time cost=0.786s ==========
attempt to swap Mg and Nb failed, dE=0.763eV, 
========== epoch=3016,  failed swap,  time cost=0.679s ==========
attempt to swap Mg and Nb failed, dE=0.503eV, 
========== epoch=3018,  failed swap,  time cost=0.443s ==========
attempt to swap Nb and Mg failed, dE=0.847eV, 
========== epoch=3021,  failed swap,  time cost=0.419s ==========
attempt to swap Nb and Mg failed, dE=0.268eV, 
========== epoch=3023,  failed swap,  time cost=0.434s ==========
attempt to swap Nb and Mg failed, dE=0.756eV, 
========== epoch=3025,  failed swap,  time cost=0.997s ==========
attempt to swap Mg and Nb failed, dE=0.879eV, 
========== epoch=3029,  failed swap,  time cost=0.418s ==========
attempt to swap Nb and Mg failed, dE=0.325eV, 
========== epoch=3030,  failed swap,  time cost=0.446s ==========
attempt to swap Nb and Mg failed, dE=0.527eV, 
========== epoch=3036,  failed swap,  time cost=0.555s ==========
attempt to swap Mg and Nb failed, dE=0.248eV, 
========== epoch=3049,  failed swap,  time cost=0.639s ==========
attempt to swap Mg and Nb failed, dE=0.396eV, 
========== epoch=3051,  failed swap,  time cost=0.688s ==========
attempt to swap Mg and Nb failed, dE=0.442eV, 
========== epoch=3057,  failed swap,  time cost=1.075s ==========
attempt to swap Mg and Nb failed, dE=0.391eV, 
========== epoch=3063,  failed swap,  time cost=0.442s ==========
attempt to swap Nb and Mg failed, dE=0.208eV, 
========== epoch=3067,  failed swap,  time cost=0.427s ==========
attempt to swap Mg and Nb failed, dE=0.719eV, 
========== epoch=3069,  failed swap,  time cost=0.501s ==========
attempt to swap Mg and Nb failed, dE=0.824eV, 
========== epoch=3070,  failed swap,  time cost=0.527s ==========
attempt to swap Mg and Nb failed, dE=0.499eV, 
========== epoch=3071,  failed swap,  time cost=0.457s ==========
attempt to swap Mg and Nb failed, dE=0.144eV, 
========== epoch=3072,  failed swap,  time cost=0.479s ==========
attempt to swap Nb and Mg failed, dE=0.103eV, 
========== epoch=3074,  failed swap,  time cost=0.411s ==========
attempt to swap Nb and Mg failed, dE=0.338eV, 
========== epoch=3075,  failed swap,  time cost=0.785s ==========
attempt to swap Nb and Mg failed, dE=0.200eV, 
========== epoch=3076,  failed swap,  time cost=0.413s ==========
attempt to swap Mg and Nb failed, dE=0.634eV, 
========== epoch=3081,  failed swap,  time cost=0.954s ==========
attempt to swap Nb and Mg failed, dE=0.616eV, 
========== epoch=3083,  failed swap,  time cost=0.514s ==========
attempt to swap Mg and Nb failed, dE=0.311eV, 
========== epoch=3089,  failed swap,  time cost=0.717s ==========
attempt to swap Nb and Mg failed, dE=0.215eV, 
========== epoch=3092,  failed swap,  time cost=0.442s ==========
attempt to swap Mg and Nb failed, dE=0.128eV, 
========== epoch=3094,  failed swap,  time cost=0.695s ==========
attempt to swap Nb and Mg failed, dE=0.345eV, 
========== epoch=3095,  failed swap,  time cost=0.635s ==========
attempt to swap Mg and Nb failed, dE=0.412eV, 
========== epoch=3096,  failed swap,  time cost=0.847s ==========
attempt to swap Nb and Mg failed, dE=0.815eV, 
========== epoch=3098,  failed swap,  time cost=0.722s ==========
attempt to swap Mg and Nb failed, dE=0.376eV, 
========== epoch=3099,  failed swap,  time cost=0.534s ==========
attempt to swap Nb and Mg failed, dE=0.103eV, 
========== epoch=3100,  failed swap,  time cost=0.421s ==========
attempt to swap Nb and Mg failed, dE=0.803eV, 
========== epoch=3103,  failed swap,  time cost=0.497s ==========
attempt to swap Nb and Mg failed, dE=0.225eV, 
========== epoch=3104,  failed swap,  time cost=0.776s ==========
attempt to swap Nb and Mg failed, dE=0.510eV, 
========== epoch=3106,  failed swap,  time cost=0.605s ==========
attempt to swap Mg and Nb failed, dE=0.566eV, 
========== epoch=3110,  swap-178,  time cost=0.919s ==========
attempt to swap Nb and Mg succeeded, dE=-0.122eV, 
========== epoch=3112,  failed swap,  time cost=0.679s ==========
attempt to swap Nb and Mg failed, dE=0.244eV, 
========== epoch=3114,  failed swap,  time cost=0.446s ==========
attempt to swap Mg and Nb failed, dE=0.319eV, 
========== epoch=3116,  failed swap,  time cost=0.619s ==========
attempt to swap Mg and Nb failed, dE=0.775eV, 
========== epoch=3118,  failed swap,  time cost=0.782s ==========
attempt to swap Mg and Nb failed, dE=0.802eV, 
========== epoch=3120,  failed swap,  time cost=0.501s ==========
attempt to swap Mg and Nb failed, dE=0.616eV, 
========== epoch=3121,  failed swap,  time cost=1.146s ==========
attempt to swap Mg and Nb failed, dE=0.583eV, 
========== epoch=3123,  failed swap,  time cost=0.612s ==========
attempt to swap Mg and Nb failed, dE=0.226eV, 
========== epoch=3124,  failed swap,  time cost=0.446s ==========
attempt to swap Nb and Mg failed, dE=0.799eV, 
========== epoch=3125,  failed swap,  time cost=1.071s ==========
attempt to swap Nb and Mg failed, dE=0.644eV, 
========== epoch=3126,  failed swap,  time cost=0.694s ==========
attempt to swap Mg and Nb failed, dE=0.713eV, 
========== epoch=3127,  failed swap,  time cost=0.643s ==========
attempt to swap Mg and Nb failed, dE=0.984eV, 
========== epoch=3128,  failed swap,  time cost=0.489s ==========
attempt to swap Mg and Nb failed, dE=0.458eV, 
========== epoch=3130,  failed swap,  time cost=1.244s ==========
attempt to swap Nb and Mg failed, dE=0.708eV, 
========== epoch=3132,  failed swap,  time cost=0.645s ==========
attempt to swap Nb and Mg failed, dE=0.390eV, 
========== epoch=3137,  failed swap,  time cost=1.271s ==========
attempt to swap Mg and Nb failed, dE=0.327eV, 
========== epoch=3140,  failed swap,  time cost=0.546s ==========
attempt to swap Mg and Nb failed, dE=0.848eV, 
========== epoch=3143,  failed swap,  time cost=1.080s ==========
attempt to swap Mg and Nb failed, dE=0.461eV, 
========== epoch=3144,  failed swap,  time cost=0.563s ==========
attempt to swap Nb and Mg failed, dE=0.564eV, 
========== epoch=3146,  failed swap,  time cost=0.636s ==========
attempt to swap Mg and Nb failed, dE=0.853eV, 
========== epoch=3148,  failed swap,  time cost=1.030s ==========
attempt to swap Mg and Nb failed, dE=1.007eV, 
========== epoch=3149,  failed swap,  time cost=0.948s ==========
attempt to swap Nb and Mg failed, dE=0.661eV, 
========== epoch=3153,  failed swap,  time cost=0.789s ==========
attempt to swap Mg and Nb failed, dE=1.012eV, 
========== epoch=3156,  failed swap,  time cost=0.792s ==========
attempt to swap Mg and Nb failed, dE=1.065eV, 
========== epoch=3159,  failed swap,  time cost=0.856s ==========
attempt to swap Nb and Mg failed, dE=0.726eV, 
========== epoch=3164,  failed swap,  time cost=0.893s ==========
attempt to swap Nb and Mg failed, dE=1.012eV, 
========== epoch=3167,  failed swap,  time cost=0.693s ==========
attempt to swap Mg and Nb failed, dE=0.955eV, 
========== epoch=3173,  failed swap,  time cost=0.677s ==========
attempt to swap Mg and Nb failed, dE=0.689eV, 
========== epoch=3180,  failed swap,  time cost=0.885s ==========
attempt to swap Mg and Nb failed, dE=0.485eV, 
========== epoch=3183,  failed swap,  time cost=0.491s ==========
attempt to swap Nb and Mg failed, dE=0.579eV, 
========== epoch=3184,  failed swap,  time cost=0.660s ==========
attempt to swap Mg and Nb failed, dE=0.410eV, 
========== epoch=3185,  failed swap,  time cost=0.507s ==========
attempt to swap Nb and Mg failed, dE=0.104eV, 
========== epoch=3186,  failed swap,  time cost=0.517s ==========
attempt to swap Nb and Mg failed, dE=0.075eV, 
========== epoch=3188,  failed swap,  time cost=0.892s ==========
attempt to swap Mg and Nb failed, dE=0.171eV, 
========== epoch=3191,  failed swap,  time cost=0.504s ==========
attempt to swap Nb and Mg failed, dE=0.566eV, 
========== epoch=3193,  failed swap,  time cost=0.648s ==========
attempt to swap Nb and Mg failed, dE=1.039eV, 
========== epoch=3195,  failed swap,  time cost=0.462s ==========
attempt to swap Nb and Mg failed, dE=0.838eV, 
========== epoch=3197,  failed swap,  time cost=0.433s ==========
attempt to swap Nb and Mg failed, dE=0.799eV, 
========== epoch=3199,  failed swap,  time cost=0.549s ==========
attempt to swap Nb and Mg failed, dE=0.103eV, 
========== epoch=3200,  failed swap,  time cost=0.648s ==========
attempt to swap Mg and Nb failed, dE=0.753eV, 
========== epoch=3208,  failed swap,  time cost=0.958s ==========
attempt to swap Nb and Mg failed, dE=0.661eV, 
========== epoch=3209,  swap-179,  time cost=1.104s ==========
attempt to swap Mg and Nb succeeded, dE=-0.040eV, 
========== epoch=3210,  failed swap,  time cost=0.954s ==========
attempt to swap Mg and Nb failed, dE=0.859eV, 
========== epoch=3211,  failed swap,  time cost=0.456s ==========
attempt to swap Mg and Nb failed, dE=0.298eV, 
========== epoch=3215,  failed swap,  time cost=0.616s ==========
attempt to swap Nb and Mg failed, dE=0.755eV, 
========== epoch=3217,  failed swap,  time cost=0.658s ==========
attempt to swap Nb and Mg failed, dE=0.800eV, 
========== epoch=3222,  failed swap,  time cost=0.588s ==========
attempt to swap Mg and Nb failed, dE=0.102eV, 
========== epoch=3226,  failed swap,  time cost=0.477s ==========
attempt to swap Mg and Nb failed, dE=0.652eV, 
========== epoch=3227,  failed swap,  time cost=0.443s ==========
attempt to swap Nb and Mg failed, dE=0.173eV, 
========== epoch=3229,  failed swap,  time cost=0.544s ==========
attempt to swap Nb and Mg failed, dE=0.683eV, 
========== epoch=3234,  failed swap,  time cost=0.630s ==========
attempt to swap Mg and Nb failed, dE=0.294eV, 
========== epoch=3235,  swap-180,  time cost=0.998s ==========
attempt to swap Nb and Mg succeeded, dE=-0.009eV, 
========== epoch=3238,  failed swap,  time cost=0.446s ==========
attempt to swap Nb and Mg failed, dE=0.075eV, 
========== epoch=3242,  failed swap,  time cost=0.859s ==========
attempt to swap Nb and Mg failed, dE=0.421eV, 
========== epoch=3245,  failed swap,  time cost=0.528s ==========
attempt to swap Mg and Nb failed, dE=0.648eV, 
========== epoch=3251,  failed swap,  time cost=0.482s ==========
attempt to swap Nb and Mg failed, dE=0.924eV, 
========== epoch=3252,  failed swap,  time cost=0.733s ==========
attempt to swap Nb and Mg failed, dE=0.847eV, 
========== epoch=3257,  failed swap,  time cost=0.901s ==========
attempt to swap Mg and Nb failed, dE=0.647eV, 
========== epoch=3258,  failed swap,  time cost=0.543s ==========
attempt to swap Nb and Mg failed, dE=0.682eV, 
========== epoch=3260,  failed swap,  time cost=0.756s ==========
attempt to swap Nb and Mg failed, dE=0.261eV, 
========== epoch=3263,  failed swap,  time cost=0.693s ==========
attempt to swap Mg and Nb failed, dE=0.962eV, 
========== epoch=3267,  failed swap,  time cost=0.385s ==========
attempt to swap Nb and Mg failed, dE=0.277eV, 
========== epoch=3268,  swap-181,  time cost=0.919s ==========
attempt to swap Nb and Mg succeeded, dE=-0.127eV, 
========== epoch=3269,  failed swap,  time cost=0.606s ==========
attempt to swap Nb and Mg failed, dE=0.824eV, 
========== epoch=3270,  failed swap,  time cost=1.002s ==========
attempt to swap Nb and Mg failed, dE=0.380eV, 
========== epoch=3272,  failed swap,  time cost=0.680s ==========
attempt to swap Nb and Mg failed, dE=0.491eV, 
========== epoch=3273,  failed swap,  time cost=0.563s ==========
attempt to swap Mg and Nb failed, dE=0.648eV, 
========== epoch=3274,  failed swap,  time cost=0.555s ==========
attempt to swap Mg and Nb failed, dE=0.403eV, 
========== epoch=3275,  failed swap,  time cost=0.710s ==========
attempt to swap Nb and Mg failed, dE=0.706eV, 
========== epoch=3282,  swap-182,  time cost=0.882s ==========
attempt to swap Nb and Mg succeeded, dE=-0.178eV, 
========== epoch=3286,  swap-183,  time cost=0.539s ==========
attempt to swap Nb and Nb succeeded, dE=0.000eV, 
========== epoch=3289,  failed swap,  time cost=0.930s ==========
attempt to swap Mg and Nb failed, dE=0.729eV, 
========== epoch=3290,  failed swap,  time cost=1.031s ==========
attempt to swap Nb and Mg failed, dE=0.289eV, 
========== epoch=3296,  failed swap,  time cost=1.253s ==========
attempt to swap Nb and Mg failed, dE=0.660eV, 
========== epoch=3299,  failed swap,  time cost=0.850s ==========
attempt to swap Mg and Nb failed, dE=0.165eV, 
========== epoch=3301,  failed swap,  time cost=0.758s ==========
attempt to swap Mg and Nb failed, dE=0.433eV, 
========== epoch=3310,  failed swap,  time cost=0.861s ==========
attempt to swap Mg and Nb failed, dE=0.734eV, 
========== epoch=3311,  swap-184,  time cost=1.238s ==========
attempt to swap Nb and Mg succeeded, dE=0.031eV, 
========== epoch=3314,  failed swap,  time cost=0.594s ==========
attempt to swap Nb and Mg failed, dE=1.059eV, 
========== epoch=3317,  failed swap,  time cost=0.809s ==========
attempt to swap Mg and Nb failed, dE=0.435eV, 
========== epoch=3318,  failed swap,  time cost=0.530s ==========
attempt to swap Mg and Nb failed, dE=0.766eV, 
========== epoch=3319,  failed swap,  time cost=0.698s ==========
attempt to swap Mg and Nb failed, dE=0.650eV, 
========== epoch=3320,  failed swap,  time cost=0.371s ==========
attempt to swap Mg and Nb failed, dE=0.232eV, 
========== epoch=3324,  failed swap,  time cost=0.857s ==========
attempt to swap Mg and Nb failed, dE=0.447eV, 
========== epoch=3329,  failed swap,  time cost=0.582s ==========
attempt to swap Nb and Mg failed, dE=0.561eV, 
========== epoch=3330,  swap-185,  time cost=1.582s ==========
attempt to swap Nb and Mg succeeded, dE=-0.055eV, 
========== epoch=3333,  failed swap,  time cost=0.527s ==========
attempt to swap Nb and Mg failed, dE=0.288eV, 
========== epoch=3337,  failed swap,  time cost=0.634s ==========
attempt to swap Mg and Nb failed, dE=0.923eV, 
========== epoch=3339,  failed swap,  time cost=0.429s ==========
attempt to swap Mg and Nb failed, dE=0.050eV, 
========== epoch=3340,  failed swap,  time cost=0.446s ==========
attempt to swap Nb and Mg failed, dE=0.872eV, 
========== epoch=3341,  failed swap,  time cost=0.478s ==========
attempt to swap Mg and Nb failed, dE=0.254eV, 
========== epoch=3344,  failed swap,  time cost=0.506s ==========
attempt to swap Nb and Mg failed, dE=0.622eV, 
========== epoch=3348,  failed swap,  time cost=0.438s ==========
attempt to swap Nb and Mg failed, dE=0.174eV, 
========== epoch=3350,  failed swap,  time cost=0.706s ==========
attempt to swap Mg and Nb failed, dE=0.580eV, 
========== epoch=3354,  failed swap,  time cost=0.510s ==========
attempt to swap Mg and Nb failed, dE=0.148eV, 
========== epoch=3356,  failed swap,  time cost=0.951s ==========
attempt to swap Nb and Mg failed, dE=0.519eV, 
========== epoch=3357,  failed swap,  time cost=0.618s ==========
attempt to swap Mg and Nb failed, dE=0.697eV, 
========== epoch=3358,  swap-186,  time cost=1.371s ==========
attempt to swap Mg and Nb succeeded, dE=-0.032eV, 
========== epoch=3360,  failed swap,  time cost=0.537s ==========
attempt to swap Mg and Nb failed, dE=0.651eV, 
========== epoch=3363,  failed swap,  time cost=0.457s ==========
attempt to swap Mg and Nb failed, dE=0.568eV, 
========== epoch=3364,  failed swap,  time cost=0.389s ==========
attempt to swap Nb and Mg failed, dE=0.246eV, 
========== epoch=3365,  failed swap,  time cost=0.621s ==========
attempt to swap Mg and Nb failed, dE=0.835eV, 
========== epoch=3371,  swap-187,  time cost=1.359s ==========
attempt to swap Mg and Nb succeeded, dE=-0.120eV, 
========== epoch=3373,  failed swap,  time cost=0.527s ==========
attempt to swap Nb and Mg failed, dE=0.276eV, 
========== epoch=3378,  failed swap,  time cost=0.433s ==========
attempt to swap Nb and Mg failed, dE=0.366eV, 
========== epoch=3379,  failed swap,  time cost=0.545s ==========
attempt to swap Nb and Mg failed, dE=0.293eV, 
========== epoch=3381,  failed swap,  time cost=0.681s ==========
attempt to swap Mg and Nb failed, dE=0.439eV, 
========== epoch=3383,  failed swap,  time cost=0.858s ==========
attempt to swap Mg and Nb failed, dE=0.599eV, 
========== epoch=3384,  failed swap,  time cost=0.720s ==========
attempt to swap Mg and Nb failed, dE=0.517eV, 
========== epoch=3386,  failed swap,  time cost=1.017s ==========
attempt to swap Nb and Mg failed, dE=0.562eV, 
========== epoch=3389,  failed swap,  time cost=0.702s ==========
attempt to swap Mg and Nb failed, dE=0.830eV, 
========== epoch=3391,  failed swap,  time cost=0.569s ==========
attempt to swap Mg and Nb failed, dE=0.036eV, 
========== epoch=3394,  failed swap,  time cost=1.268s ==========
attempt to swap Mg and Nb failed, dE=0.236eV, 
========== epoch=3397,  failed swap,  time cost=0.570s ==========
attempt to swap Nb and Mg failed, dE=0.189eV, 
========== epoch=3399,  failed swap,  time cost=0.742s ==========
attempt to swap Nb and Mg failed, dE=0.549eV, 
========== epoch=3401,  failed swap,  time cost=0.664s ==========
attempt to swap Nb and Mg failed, dE=0.702eV, 
========== epoch=3405,  failed swap,  time cost=0.453s ==========
attempt to swap Mg and Nb failed, dE=0.689eV, 
========== epoch=3407,  failed swap,  time cost=0.557s ==========
attempt to swap Nb and Mg failed, dE=0.379eV, 
========== epoch=3408,  failed swap,  time cost=0.658s ==========
attempt to swap Mg and Nb failed, dE=0.386eV, 
========== epoch=3414,  failed swap,  time cost=0.673s ==========
attempt to swap Nb and Mg failed, dE=0.845eV, 
========== epoch=3416,  failed swap,  time cost=0.840s ==========
attempt to swap Nb and Mg failed, dE=0.716eV, 
========== epoch=3417,  failed swap,  time cost=0.734s ==========
attempt to swap Mg and Nb failed, dE=0.156eV, 
========== epoch=3426,  failed swap,  time cost=0.837s ==========
attempt to swap Mg and Nb failed, dE=0.788eV, 
========== epoch=3429,  failed swap,  time cost=0.602s ==========
attempt to swap Mg and Nb failed, dE=0.201eV, 
========== epoch=3431,  failed swap,  time cost=0.464s ==========
attempt to swap Mg and Nb failed, dE=0.099eV, 
========== epoch=3434,  failed swap,  time cost=0.570s ==========
attempt to swap Mg and Nb failed, dE=0.160eV, 
========== epoch=3436,  failed swap,  time cost=0.599s ==========
attempt to swap Nb and Mg failed, dE=0.550eV, 
========== epoch=3443,  failed swap,  time cost=0.522s ==========
attempt to swap Mg and Nb failed, dE=0.973eV, 
========== epoch=3446,  failed swap,  time cost=0.709s ==========
attempt to swap Mg and Nb failed, dE=0.946eV, 
========== epoch=3447,  failed swap,  time cost=0.521s ==========
attempt to swap Mg and Nb failed, dE=0.918eV, 
========== epoch=3448,  failed swap,  time cost=0.684s ==========
attempt to swap Mg and Nb failed, dE=0.421eV, 
========== epoch=3449,  failed swap,  time cost=0.577s ==========
attempt to swap Nb and Mg failed, dE=0.504eV, 
========== epoch=3450,  failed swap,  time cost=0.932s ==========
attempt to swap Nb and Mg failed, dE=0.436eV, 
========== epoch=3456,  failed swap,  time cost=0.688s ==========
attempt to swap Mg and Nb failed, dE=0.283eV, 
========== epoch=3467,  swap-188,  time cost=1.925s ==========
attempt to swap Mg and Nb succeeded, dE=0.026eV, 
========== epoch=3468,  failed swap,  time cost=0.414s ==========
attempt to swap Nb and Mg failed, dE=0.985eV, 
========== epoch=3469,  failed swap,  time cost=0.516s ==========
attempt to swap Nb and Mg failed, dE=0.426eV, 
========== epoch=3470,  swap-189,  time cost=1.168s ==========
attempt to swap Nb and Mg succeeded, dE=0.144eV, 
========== epoch=3471,  failed swap,  time cost=0.453s ==========
attempt to swap Mg and Nb failed, dE=0.377eV, 
========== epoch=3472,  failed swap,  time cost=0.834s ==========
attempt to swap Mg and Nb failed, dE=0.765eV, 
========== epoch=3475,  failed swap,  time cost=0.436s ==========
attempt to swap Nb and Mg failed, dE=0.592eV, 
========== epoch=3480,  swap-190,  time cost=1.673s ==========
attempt to swap Nb and Mg succeeded, dE=-0.042eV, 
========== epoch=3481,  failed swap,  time cost=0.984s ==========
attempt to swap Mg and Nb failed, dE=0.489eV, 
========== epoch=3485,  failed swap,  time cost=0.491s ==========
attempt to swap Nb and Mg failed, dE=0.185eV, 
========== epoch=3494,  failed swap,  time cost=0.449s ==========
attempt to swap Nb and Mg failed, dE=0.731eV, 
========== epoch=3496,  failed swap,  time cost=0.704s ==========
attempt to swap Nb and Mg failed, dE=0.763eV, 
========== epoch=3497,  failed swap,  time cost=1.318s ==========
attempt to swap Nb and Mg failed, dE=0.557eV, 
========== epoch=3501,  failed swap,  time cost=0.817s ==========
attempt to swap Mg and Nb failed, dE=0.263eV, 
========== epoch=3502,  swap-191,  time cost=2.168s ==========
attempt to swap Nb and Mg succeeded, dE=-0.047eV, 
========== epoch=3504,  failed swap,  time cost=0.536s ==========
attempt to swap Mg and Nb failed, dE=0.369eV, 
========== epoch=3506,  swap-192,  time cost=1.008s ==========
attempt to swap Nb and Mg succeeded, dE=-0.291eV, 
========== epoch=3508,  failed swap,  time cost=0.509s ==========
attempt to swap Nb and Mg failed, dE=0.589eV, 
========== epoch=3509,  swap-193,  time cost=1.299s ==========
attempt to swap Mg and Nb succeeded, dE=-0.058eV, 
========== epoch=3510,  failed swap,  time cost=0.666s ==========
attempt to swap Mg and Nb failed, dE=0.561eV, 
========== epoch=3513,  failed swap,  time cost=0.533s ==========
attempt to swap Mg and Nb failed, dE=0.424eV, 
========== epoch=3518,  failed swap,  time cost=1.339s ==========
attempt to swap Mg and Nb failed, dE=0.719eV, 
========== epoch=3519,  failed swap,  time cost=0.750s ==========
attempt to swap Mg and Nb failed, dE=0.712eV, 
========== epoch=3520,  failed swap,  time cost=0.693s ==========
attempt to swap Nb and Mg failed, dE=1.128eV, 
========== epoch=3525,  failed swap,  time cost=0.653s ==========
attempt to swap Nb and Mg failed, dE=0.632eV, 
========== epoch=3529,  failed swap,  time cost=0.454s ==========
attempt to swap Mg and Nb failed, dE=0.147eV, 
========== epoch=3535,  failed swap,  time cost=0.505s ==========
attempt to swap Nb and Mg failed, dE=0.348eV, 
========== epoch=3536,  failed swap,  time cost=1.255s ==========
attempt to swap Nb and Mg failed, dE=0.353eV, 
========== epoch=3537,  failed swap,  time cost=0.731s ==========
attempt to swap Nb and Mg failed, dE=0.271eV, 
========== epoch=3543,  failed swap,  time cost=0.496s ==========
attempt to swap Mg and Nb failed, dE=0.362eV, 
========== epoch=3544,  failed swap,  time cost=0.418s ==========
attempt to swap Mg and Nb failed, dE=0.540eV, 
========== epoch=3549,  failed swap,  time cost=0.499s ==========
attempt to swap Mg and Nb failed, dE=0.550eV, 
========== epoch=3550,  failed swap,  time cost=0.737s ==========
attempt to swap Mg and Nb failed, dE=1.053eV, 
========== epoch=3557,  failed swap,  time cost=0.941s ==========
attempt to swap Nb and Mg failed, dE=0.500eV, 
========== epoch=3558,  failed swap,  time cost=0.511s ==========
attempt to swap Nb and Mg failed, dE=0.927eV, 
========== epoch=3560,  failed swap,  time cost=0.520s ==========
attempt to swap Nb and Mg failed, dE=0.424eV, 
========== epoch=3565,  swap-194,  time cost=3.458s ==========
attempt to swap Nb and Mg succeeded, dE=0.028eV, 
========== epoch=3567,  failed swap,  time cost=0.778s ==========
attempt to swap Mg and Nb failed, dE=0.899eV, 
========== epoch=3568,  failed swap,  time cost=0.486s ==========
attempt to swap Nb and Mg failed, dE=1.067eV, 
========== epoch=3569,  swap-195,  time cost=0.885s ==========
attempt to swap Mg and Nb succeeded, dE=-0.244eV, 
========== epoch=3574,  failed swap,  time cost=0.457s ==========
attempt to swap Nb and Mg failed, dE=0.309eV, 
========== epoch=3576,  failed swap,  time cost=0.538s ==========
attempt to swap Mg and Nb failed, dE=0.479eV, 
========== epoch=3579,  failed swap,  time cost=0.512s ==========
attempt to swap Mg and Nb failed, dE=1.032eV, 
========== epoch=3580,  failed swap,  time cost=0.538s ==========
attempt to swap Nb and Mg failed, dE=0.567eV, 
========== epoch=3582,  failed swap,  time cost=0.585s ==========
attempt to swap Mg and Nb failed, dE=1.011eV, 
========== epoch=3589,  failed swap,  time cost=0.534s ==========
attempt to swap Mg and Nb failed, dE=0.302eV, 
========== epoch=3594,  failed swap,  time cost=0.483s ==========
attempt to swap Mg and Nb failed, dE=0.225eV, 
========== epoch=3596,  failed swap,  time cost=0.742s ==========
attempt to swap Mg and Nb failed, dE=0.561eV, 
========== epoch=3603,  failed swap,  time cost=0.750s ==========
attempt to swap Nb and Mg failed, dE=0.822eV, 
========== epoch=3606,  failed swap,  time cost=0.672s ==========
attempt to swap Mg and Nb failed, dE=0.196eV, 
========== epoch=3610,  failed swap,  time cost=0.613s ==========
attempt to swap Nb and Mg failed, dE=0.663eV, 
========== epoch=3611,  swap-196,  time cost=1.727s ==========
attempt to swap Nb and Mg succeeded, dE=-0.249eV, 
========== epoch=3612,  failed swap,  time cost=1.173s ==========
attempt to swap Nb and Mg failed, dE=0.281eV, 
========== epoch=3613,  failed swap,  time cost=0.588s ==========
attempt to swap Nb and Mg failed, dE=0.977eV, 
========== epoch=3615,  failed swap,  time cost=0.716s ==========
attempt to swap Mg and Nb failed, dE=0.232eV, 
========== epoch=3623,  failed swap,  time cost=0.757s ==========
attempt to swap Nb and Mg failed, dE=0.861eV, 
========== epoch=3625,  failed swap,  time cost=0.499s ==========
attempt to swap Nb and Mg failed, dE=0.236eV, 
========== epoch=3628,  failed swap,  time cost=0.672s ==========
attempt to swap Mg and Nb failed, dE=0.899eV, 
========== epoch=3630,  failed swap,  time cost=0.463s ==========
attempt to swap Nb and Mg failed, dE=0.334eV, 
========== epoch=3633,  failed swap,  time cost=1.270s ==========
attempt to swap Nb and Mg failed, dE=0.439eV, 
========== epoch=3636,  swap-197,  time cost=1.213s ==========
attempt to swap Nb and Mg succeeded, dE=-0.142eV, 
========== epoch=3637,  failed swap,  time cost=0.522s ==========
attempt to swap Mg and Nb failed, dE=0.387eV, 
========== epoch=3638,  failed swap,  time cost=0.805s ==========
attempt to swap Mg and Nb failed, dE=0.225eV, 
========== epoch=3639,  failed swap,  time cost=0.600s ==========
attempt to swap Nb and Mg failed, dE=0.820eV, 
========== epoch=3641,  failed swap,  time cost=0.530s ==========
attempt to swap Mg and Nb failed, dE=0.700eV, 
========== epoch=3643,  failed swap,  time cost=1.190s ==========
attempt to swap Nb and Mg failed, dE=0.924eV, 
========== epoch=3644,  failed swap,  time cost=0.678s ==========
attempt to swap Mg and Nb failed, dE=0.760eV, 
========== epoch=3645,  swap-198,  time cost=1.331s ==========
attempt to swap Mg and Nb succeeded, dE=0.147eV, 
========== epoch=3647,  failed swap,  time cost=0.774s ==========
attempt to swap Nb and Mg failed, dE=1.066eV, 
========== epoch=3657,  failed swap,  time cost=0.548s ==========
attempt to swap Mg and Nb failed, dE=0.719eV, 
========== epoch=3658,  failed swap,  time cost=0.715s ==========
attempt to swap Nb and Mg failed, dE=0.689eV, 
========== epoch=3662,  failed swap,  time cost=0.745s ==========
attempt to swap Mg and Nb failed, dE=0.145eV, 
========== epoch=3663,  swap-199,  time cost=1.516s ==========
attempt to swap Nb and Mg succeeded, dE=-0.004eV, 
========== epoch=3666,  failed swap,  time cost=0.493s ==========
attempt to swap Mg and Nb failed, dE=0.071eV, 
========== epoch=3675,  failed swap,  time cost=1.139s ==========
attempt to swap Mg and Nb failed, dE=0.367eV, 
========== epoch=3676,  failed swap,  time cost=0.891s ==========
attempt to swap Mg and Nb failed, dE=0.646eV, 
========== epoch=3677,  failed swap,  time cost=0.634s ==========
attempt to swap Nb and Mg failed, dE=0.822eV, 
========== epoch=3678,  failed swap,  time cost=0.855s ==========
attempt to swap Nb and Mg failed, dE=0.411eV, 
========== epoch=3683,  failed swap,  time cost=0.695s ==========
attempt to swap Mg and Nb failed, dE=0.766eV, 
========== epoch=3690,  failed swap,  time cost=0.559s ==========
attempt to swap Nb and Mg failed, dE=0.293eV, 
========== epoch=3695,  failed swap,  time cost=0.645s ==========
attempt to swap Nb and Mg failed, dE=0.761eV, 
========== epoch=3696,  failed swap,  time cost=0.589s ==========
attempt to swap Nb and Mg failed, dE=0.123eV, 
========== epoch=3698,  failed swap,  time cost=0.715s ==========
attempt to swap Nb and Mg failed, dE=0.312eV, 
========== epoch=3699,  failed swap,  time cost=0.828s ==========
attempt to swap Nb and Mg failed, dE=0.114eV, 
========== epoch=3701,  failed swap,  time cost=0.556s ==========
attempt to swap Mg and Nb failed, dE=0.696eV, 
========== epoch=3702,  failed swap,  time cost=0.477s ==========
attempt to swap Nb and Mg failed, dE=0.145eV, 
========== epoch=3703,  failed swap,  time cost=1.065s ==========
attempt to swap Mg and Nb failed, dE=0.941eV, 
========== epoch=3704,  failed swap,  time cost=0.674s ==========
attempt to swap Mg and Nb failed, dE=0.152eV, 
========== epoch=3709,  failed swap,  time cost=0.613s ==========
attempt to swap Mg and Nb failed, dE=0.310eV, 
========== epoch=3710,  failed swap,  time cost=1.032s ==========
attempt to swap Mg and Nb failed, dE=1.185eV, 
========== epoch=3712,  failed swap,  time cost=0.494s ==========
attempt to swap Mg and Nb failed, dE=0.247eV, 
========== epoch=3713,  failed swap,  time cost=0.444s ==========
attempt to swap Mg and Nb failed, dE=0.177eV, 
========== epoch=3720,  failed swap,  time cost=0.545s ==========
attempt to swap Nb and Mg failed, dE=0.814eV, 
========== epoch=3725,  swap-200,  time cost=1.616s ==========
attempt to swap Mg and Nb succeeded, dE=0.077eV, 
========== epoch=3726,  failed swap,  time cost=0.508s ==========
attempt to swap Nb and Mg failed, dE=0.412eV, 
========== epoch=3727,  failed swap,  time cost=0.851s ==========
attempt to swap Nb and Mg failed, dE=0.182eV, 
========== epoch=3728,  failed swap,  time cost=0.948s ==========
attempt to swap Mg and Nb failed, dE=0.932eV, 
========== epoch=3734,  failed swap,  time cost=0.446s ==========
attempt to swap Mg and Nb failed, dE=0.270eV, 
========== epoch=3738,  failed swap,  time cost=0.851s ==========
attempt to swap Nb and Mg failed, dE=0.759eV, 
========== epoch=3740,  failed swap,  time cost=0.504s ==========
attempt to swap Mg and Nb failed, dE=0.422eV, 
========== epoch=3742,  failed swap,  time cost=0.438s ==========
attempt to swap Mg and Nb failed, dE=0.269eV, 
========== epoch=3743,  failed swap,  time cost=0.510s ==========
attempt to swap Mg and Nb failed, dE=0.565eV, 
========== epoch=3744,  failed swap,  time cost=0.400s ==========
attempt to swap Mg and Nb failed, dE=1.211eV, 
========== epoch=3752,  failed swap,  time cost=0.496s ==========
attempt to swap Nb and Mg failed, dE=0.280eV, 
========== epoch=3754,  failed swap,  time cost=0.469s ==========
attempt to swap Mg and Nb failed, dE=1.008eV, 
========== epoch=3757,  failed swap,  time cost=0.365s ==========
attempt to swap Nb and Mg failed, dE=0.672eV, 
========== epoch=3758,  failed swap,  time cost=0.436s ==========
attempt to swap Mg and Nb failed, dE=0.980eV, 
========== epoch=3762,  failed swap,  time cost=0.965s ==========
attempt to swap Mg and Nb failed, dE=1.244eV, 
========== epoch=3767,  failed swap,  time cost=0.496s ==========
attempt to swap Nb and Mg failed, dE=0.068eV, 
========== epoch=3770,  failed swap,  time cost=0.505s ==========
attempt to swap Mg and Nb failed, dE=0.898eV, 
========== epoch=3773,  failed swap,  time cost=0.518s ==========
attempt to swap Mg and Nb failed, dE=0.939eV, 
========== epoch=3785,  failed swap,  time cost=0.493s ==========
attempt to swap Mg and Nb failed, dE=0.259eV, 
========== epoch=3788,  failed swap,  time cost=0.667s ==========
attempt to swap Nb and Mg failed, dE=0.580eV, 
========== epoch=3790,  failed swap,  time cost=0.658s ==========
attempt to swap Mg and Nb failed, dE=0.644eV, 
========== epoch=3791,  failed swap,  time cost=0.775s ==========
attempt to swap Nb and Mg failed, dE=0.169eV, 
========== epoch=3792,  failed swap,  time cost=0.501s ==========
attempt to swap Nb and Mg failed, dE=0.237eV, 
========== epoch=3793,  failed swap,  time cost=0.693s ==========
attempt to swap Mg and Nb failed, dE=0.804eV, 
========== epoch=3794,  failed swap,  time cost=0.465s ==========
attempt to swap Nb and Mg failed, dE=0.084eV, 
========== epoch=3795,  swap-201,  time cost=1.401s ==========
attempt to swap Mg and Nb succeeded, dE=0.004eV, 
========== epoch=3796,  failed swap,  time cost=0.530s ==========
attempt to swap Nb and Mg failed, dE=0.900eV, 
========== epoch=3800,  failed swap,  time cost=0.455s ==========
attempt to swap Mg and Nb failed, dE=0.997eV, 
========== epoch=3801,  failed swap,  time cost=0.756s ==========
attempt to swap Nb and Mg failed, dE=0.522eV, 
========== epoch=3805,  failed swap,  time cost=0.895s ==========
attempt to swap Mg and Nb failed, dE=0.844eV, 
========== epoch=3813,  failed swap,  time cost=0.443s ==========
attempt to swap Mg and Nb failed, dE=0.238eV, 
========== epoch=3818,  failed swap,  time cost=0.521s ==========
attempt to swap Nb and Mg failed, dE=1.087eV, 
========== epoch=3821,  failed swap,  time cost=0.703s ==========
attempt to swap Mg and Nb failed, dE=0.784eV, 
========== epoch=3824,  failed swap,  time cost=0.430s ==========
attempt to swap Nb and Mg failed, dE=0.325eV, 
========== epoch=3828,  failed swap,  time cost=0.873s ==========
attempt to swap Mg and Nb failed, dE=0.363eV, 
========== epoch=3833,  failed swap,  time cost=0.439s ==========
attempt to swap Mg and Nb failed, dE=0.717eV, 
========== epoch=3836,  failed swap,  time cost=0.671s ==========
attempt to swap Nb and Mg failed, dE=1.007eV, 
========== epoch=3837,  failed swap,  time cost=0.491s ==========
attempt to swap Nb and Mg failed, dE=0.820eV, 
========== epoch=3838,  failed swap,  time cost=0.416s ==========
attempt to swap Mg and Nb failed, dE=0.578eV, 
========== epoch=3846,  failed swap,  time cost=0.634s ==========
attempt to swap Nb and Mg failed, dE=0.331eV, 
========== epoch=3849,  failed swap,  time cost=0.437s ==========
attempt to swap Nb and Mg failed, dE=0.287eV, 
========== epoch=3850,  swap-202,  time cost=1.726s ==========
attempt to swap Nb and Mg succeeded, dE=0.068eV, 
========== epoch=3853,  failed swap,  time cost=0.722s ==========
attempt to swap Nb and Mg failed, dE=0.584eV, 
========== epoch=3854,  failed swap,  time cost=0.503s ==========
attempt to swap Nb and Mg failed, dE=0.722eV, 
========== epoch=3855,  swap-203,  time cost=1.564s ==========
attempt to swap Mg and Nb succeeded, dE=0.104eV, 
========== epoch=3856,  swap-204,  time cost=1.305s ==========
attempt to swap Mg and Nb succeeded, dE=0.007eV, 
========== epoch=3860,  failed swap,  time cost=0.569s ==========
attempt to swap Nb and Mg failed, dE=0.963eV, 
========== epoch=3861,  failed swap,  time cost=0.645s ==========
attempt to swap Nb and Mg failed, dE=0.421eV, 
========== epoch=3864,  failed swap,  time cost=0.465s ==========
attempt to swap Nb and Mg failed, dE=1.150eV, 
========== epoch=3865,  failed swap,  time cost=0.463s ==========
attempt to swap Nb and Mg failed, dE=0.599eV, 
========== epoch=3867,  failed swap,  time cost=0.502s ==========
attempt to swap Mg and Nb failed, dE=0.940eV, 
========== epoch=3869,  failed swap,  time cost=0.379s ==========
attempt to swap Nb and Mg failed, dE=0.156eV, 
========== epoch=3874,  failed swap,  time cost=0.548s ==========
attempt to swap Nb and Mg failed, dE=0.813eV, 
========== epoch=3877,  failed swap,  time cost=0.831s ==========
attempt to swap Mg and Nb failed, dE=0.334eV, 
========== epoch=3878,  swap-205,  time cost=1.256s ==========
attempt to swap Mg and Nb succeeded, dE=-0.006eV, 
========== epoch=3880,  swap-206,  time cost=1.122s ==========
attempt to swap Nb and Mg succeeded, dE=0.053eV, 
========== epoch=3882,  failed swap,  time cost=0.868s ==========
attempt to swap Nb and Mg failed, dE=0.927eV, 
========== epoch=3887,  failed swap,  time cost=0.777s ==========
attempt to swap Mg and Nb failed, dE=0.942eV, 
========== epoch=3889,  failed swap,  time cost=0.535s ==========
attempt to swap Mg and Nb failed, dE=0.499eV, 
========== epoch=3891,  failed swap,  time cost=0.536s ==========
attempt to swap Mg and Nb failed, dE=0.938eV, 
========== epoch=3898,  failed swap,  time cost=0.376s ==========
attempt to swap Nb and Mg failed, dE=0.330eV, 
========== epoch=3900,  failed swap,  time cost=0.490s ==========
attempt to swap Nb and Mg failed, dE=0.466eV, 
========== epoch=3904,  failed swap,  time cost=0.437s ==========
attempt to swap Nb and Mg failed, dE=1.036eV, 
========== epoch=3909,  failed swap,  time cost=0.496s ==========
attempt to swap Nb and Mg failed, dE=0.879eV, 
========== epoch=3912,  failed swap,  time cost=0.455s ==========
attempt to swap Mg and Nb failed, dE=0.261eV, 
========== epoch=3914,  failed swap,  time cost=0.760s ==========
attempt to swap Mg and Nb failed, dE=0.167eV, 
========== epoch=3915,  failed swap,  time cost=1.202s ==========
attempt to swap Nb and Mg failed, dE=0.777eV, 
========== epoch=3919,  failed swap,  time cost=0.503s ==========
attempt to swap Nb and Mg failed, dE=0.194eV, 
========== epoch=3921,  failed swap,  time cost=0.461s ==========
attempt to swap Mg and Nb failed, dE=0.246eV, 
========== epoch=3925,  failed swap,  time cost=0.672s ==========
attempt to swap Mg and Nb failed, dE=1.157eV, 
========== epoch=3929,  failed swap,  time cost=0.544s ==========
attempt to swap Mg and Nb failed, dE=0.844eV, 
========== epoch=3932,  failed swap,  time cost=0.447s ==========
attempt to swap Mg and Nb failed, dE=0.546eV, 
========== epoch=3933,  failed swap,  time cost=0.508s ==========
attempt to swap Nb and Mg failed, dE=0.146eV, 
========== epoch=3938,  failed swap,  time cost=0.520s ==========
attempt to swap Mg and Nb failed, dE=0.618eV, 
========== epoch=3941,  failed swap,  time cost=0.518s ==========
attempt to swap Nb and Mg failed, dE=0.922eV, 
========== epoch=3942,  failed swap,  time cost=0.957s ==========
attempt to swap Nb and Mg failed, dE=0.828eV, 
========== epoch=3943,  failed swap,  time cost=2.091s ==========
attempt to swap Mg and Nb failed, dE=0.077eV, 
========== epoch=3944,  failed swap,  time cost=0.746s ==========
attempt to swap Mg and Nb failed, dE=0.387eV, 
========== epoch=3946,  failed swap,  time cost=0.410s ==========
attempt to swap Mg and Nb failed, dE=0.999eV, 
========== epoch=3948,  failed swap,  time cost=1.112s ==========
attempt to swap Nb and Mg failed, dE=0.189eV, 
========== epoch=3952,  failed swap,  time cost=0.600s ==========
attempt to swap Nb and Mg failed, dE=0.319eV, 
========== epoch=3953,  failed swap,  time cost=0.945s ==========
attempt to swap Mg and Nb failed, dE=0.672eV, 
========== epoch=3954,  failed swap,  time cost=0.453s ==========
attempt to swap Mg and Nb failed, dE=0.741eV, 
========== epoch=3955,  failed swap,  time cost=0.469s ==========
attempt to swap Mg and Nb failed, dE=0.209eV, 
========== epoch=3956,  failed swap,  time cost=0.562s ==========
attempt to swap Mg and Nb failed, dE=0.706eV, 
========== epoch=3958,  failed swap,  time cost=0.441s ==========
attempt to swap Nb and Mg failed, dE=0.551eV, 
========== epoch=3965,  failed swap,  time cost=0.504s ==========
attempt to swap Nb and Mg failed, dE=1.101eV, 
========== epoch=3970,  failed swap,  time cost=0.652s ==========
attempt to swap Mg and Nb failed, dE=0.731eV, 
========== epoch=3978,  failed swap,  time cost=0.533s ==========
attempt to swap Nb and Mg failed, dE=0.696eV, 
========== epoch=3981,  failed swap,  time cost=0.503s ==========
attempt to swap Nb and Mg failed, dE=1.036eV, 
========== epoch=3983,  failed swap,  time cost=0.533s ==========
attempt to swap Mg and Nb failed, dE=0.954eV, 
========== epoch=3989,  failed swap,  time cost=0.665s ==========
attempt to swap Nb and Mg failed, dE=0.502eV, 
========== epoch=3992,  failed swap,  time cost=0.507s ==========
attempt to swap Nb and Mg failed, dE=1.091eV, 
========== epoch=3994,  failed swap,  time cost=0.737s ==========
attempt to swap Nb and Mg failed, dE=0.331eV, 
========== epoch=3998,  failed swap,  time cost=0.539s ==========
attempt to swap Nb and Mg failed, dE=0.613eV, 
========== epoch=4002,  failed swap,  time cost=0.589s ==========
attempt to swap Nb and Mg failed, dE=0.237eV, 
========== epoch=4003,  failed swap,  time cost=0.418s ==========
attempt to swap Mg and Nb failed, dE=0.239eV, 
========== epoch=4004,  failed swap,  time cost=0.448s ==========
attempt to swap Nb and Mg failed, dE=0.088eV, 
========== epoch=4007,  failed swap,  time cost=0.539s ==========
attempt to swap Nb and Mg failed, dE=0.113eV, 
========== epoch=4008,  failed swap,  time cost=0.592s ==========
attempt to swap Nb and Mg failed, dE=0.731eV, 
========== epoch=4009,  failed swap,  time cost=0.697s ==========
attempt to swap Mg and Nb failed, dE=0.817eV, 
========== epoch=4013,  failed swap,  time cost=0.458s ==========
attempt to swap Nb and Mg failed, dE=0.210eV, 
========== epoch=4019,  failed swap,  time cost=0.484s ==========
attempt to swap Mg and Nb failed, dE=0.500eV, 
========== epoch=4025,  failed swap,  time cost=0.438s ==========
attempt to swap Nb and Mg failed, dE=0.316eV, 
========== epoch=4031,  failed swap,  time cost=0.505s ==========
attempt to swap Mg and Nb failed, dE=0.141eV, 
========== epoch=4033,  failed swap,  time cost=0.436s ==========
attempt to swap Nb and Mg failed, dE=0.600eV, 
========== epoch=4038,  failed swap,  time cost=0.368s ==========
attempt to swap Mg and Nb failed, dE=0.014eV, 
========== epoch=4042,  failed swap,  time cost=0.787s ==========
attempt to swap Nb and Mg failed, dE=0.115eV, 
========== epoch=4045,  failed swap,  time cost=0.886s ==========
attempt to swap Mg and Nb failed, dE=0.558eV, 
========== epoch=4052,  failed swap,  time cost=0.487s ==========
attempt to swap Nb and Mg failed, dE=0.911eV, 
========== epoch=4054,  failed swap,  time cost=0.588s ==========
attempt to swap Mg and Nb failed, dE=0.576eV, 
========== epoch=4056,  failed swap,  time cost=0.477s ==========
attempt to swap Nb and Mg failed, dE=0.383eV, 
========== epoch=4057,  failed swap,  time cost=0.506s ==========
attempt to swap Nb and Mg failed, dE=0.299eV, 
========== epoch=4058,  failed swap,  time cost=0.440s ==========
attempt to swap Nb and Mg failed, dE=0.796eV, 
========== epoch=4059,  failed swap,  time cost=0.624s ==========
attempt to swap Mg and Nb failed, dE=0.415eV, 
========== epoch=4062,  failed swap,  time cost=0.737s ==========
attempt to swap Nb and Mg failed, dE=0.318eV, 
========== epoch=4063,  failed swap,  time cost=0.485s ==========
attempt to swap Mg and Nb failed, dE=0.471eV, 
========== epoch=4069,  failed swap,  time cost=0.424s ==========
attempt to swap Nb and Mg failed, dE=0.513eV, 
========== epoch=4070,  failed swap,  time cost=0.446s ==========
attempt to swap Mg and Nb failed, dE=0.899eV, 
========== epoch=4071,  failed swap,  time cost=0.471s ==========
attempt to swap Mg and Nb failed, dE=0.796eV, 
========== epoch=4074,  failed swap,  time cost=0.705s ==========
attempt to swap Mg and Nb failed, dE=0.547eV, 
========== epoch=4076,  failed swap,  time cost=0.412s ==========
attempt to swap Mg and Nb failed, dE=0.676eV, 
========== epoch=4077,  failed swap,  time cost=0.455s ==========
attempt to swap Nb and Mg failed, dE=0.416eV, 
========== epoch=4080,  failed swap,  time cost=0.480s ==========
attempt to swap Mg and Nb failed, dE=0.853eV, 
========== epoch=4081,  failed swap,  time cost=0.748s ==========
attempt to swap Nb and Mg failed, dE=0.319eV, 
========== epoch=4091,  failed swap,  time cost=0.443s ==========
attempt to swap Mg and Nb failed, dE=0.370eV, 
========== epoch=4103,  failed swap,  time cost=0.459s ==========
attempt to swap Nb and Mg failed, dE=0.423eV, 
========== epoch=4106,  failed swap,  time cost=0.542s ==========
attempt to swap Mg and Nb failed, dE=0.501eV, 
========== epoch=4111,  failed swap,  time cost=0.411s ==========
attempt to swap Mg and Nb failed, dE=0.326eV, 
========== epoch=4114,  failed swap,  time cost=0.433s ==========
attempt to swap Nb and Mg failed, dE=0.330eV, 
========== epoch=4120,  failed swap,  time cost=0.731s ==========
attempt to swap Nb and Mg failed, dE=0.436eV, 
========== epoch=4121,  swap-207,  time cost=1.142s ==========
attempt to swap Nb and Mg succeeded, dE=-0.050eV, 
========== epoch=4126,  failed swap,  time cost=0.594s ==========
attempt to swap Nb and Mg failed, dE=0.674eV, 
========== epoch=4128,  failed swap,  time cost=0.432s ==========
attempt to swap Mg and Nb failed, dE=0.867eV, 
========== epoch=4129,  failed swap,  time cost=0.562s ==========
attempt to swap Nb and Mg failed, dE=0.555eV, 
========== epoch=4130,  failed swap,  time cost=1.028s ==========
attempt to swap Nb and Mg failed, dE=0.285eV, 
========== epoch=4131,  failed swap,  time cost=0.484s ==========
attempt to swap Mg and Nb failed, dE=0.331eV, 
========== epoch=4135,  failed swap,  time cost=0.624s ==========
attempt to swap Nb and Mg failed, dE=1.167eV, 
========== epoch=4137,  failed swap,  time cost=0.491s ==========
attempt to swap Mg and Nb failed, dE=0.387eV, 
========== epoch=4141,  swap-208,  time cost=1.939s ==========
attempt to swap Nb and Mg succeeded, dE=-0.023eV, 
========== epoch=4156,  failed swap,  time cost=0.489s ==========
attempt to swap Mg and Nb failed, dE=0.990eV, 
========== epoch=4157,  failed swap,  time cost=0.585s ==========
attempt to swap Nb and Mg failed, dE=0.612eV, 
========== epoch=4160,  failed swap,  time cost=0.454s ==========
attempt to swap Mg and Nb failed, dE=0.785eV, 
========== epoch=4163,  failed swap,  time cost=0.851s ==========
attempt to swap Nb and Mg failed, dE=0.481eV, 
========== epoch=4164,  failed swap,  time cost=0.866s ==========
attempt to swap Nb and Mg failed, dE=0.722eV, 
========== epoch=4170,  failed swap,  time cost=0.526s ==========
attempt to swap Mg and Nb failed, dE=0.359eV, 
========== epoch=4172,  failed swap,  time cost=0.962s ==========
attempt to swap Mg and Nb failed, dE=0.914eV, 
========== epoch=4177,  swap-209,  time cost=1.207s ==========
attempt to swap Nb and Mg succeeded, dE=0.003eV, 
========== epoch=4180,  failed swap,  time cost=1.192s ==========
attempt to swap Nb and Mg failed, dE=0.277eV, 
========== epoch=4184,  failed swap,  time cost=0.731s ==========
attempt to swap Nb and Mg failed, dE=0.462eV, 
========== epoch=4189,  failed swap,  time cost=0.625s ==========
attempt to swap Mg and Nb failed, dE=0.643eV, 
========== epoch=4192,  failed swap,  time cost=0.962s ==========
attempt to swap Mg and Nb failed, dE=0.570eV, 
========== epoch=4196,  failed swap,  time cost=0.893s ==========
attempt to swap Nb and Mg failed, dE=0.531eV, 
========== epoch=4199,  failed swap,  time cost=1.166s ==========
attempt to swap Nb and Mg failed, dE=0.954eV, 
========== epoch=4200,  failed swap,  time cost=0.968s ==========
attempt to swap Mg and Nb failed, dE=0.703eV, 
========== epoch=4203,  failed swap,  time cost=1.349s ==========
attempt to swap Nb and Mg failed, dE=0.265eV, 
========== epoch=4206,  failed swap,  time cost=0.478s ==========
attempt to swap Nb and Mg failed, dE=0.213eV, 
========== epoch=4212,  failed swap,  time cost=0.629s ==========
attempt to swap Mg and Nb failed, dE=0.717eV, 
========== epoch=4223,  failed swap,  time cost=1.123s ==========
attempt to swap Nb and Mg failed, dE=0.867eV, 
========== epoch=4225,  swap-210,  time cost=1.302s ==========
attempt to swap Nb and Mg succeeded, dE=-0.188eV, 
========== epoch=4230,  failed swap,  time cost=0.658s ==========
attempt to swap Nb and Mg failed, dE=0.839eV, 
========== epoch=4232,  failed swap,  time cost=0.493s ==========
attempt to swap Mg and Nb failed, dE=0.942eV, 
========== epoch=4235,  failed swap,  time cost=0.510s ==========
attempt to swap Nb and Mg failed, dE=0.781eV, 
========== epoch=4236,  swap-211,  time cost=1.003s ==========
attempt to swap Mg and Nb succeeded, dE=-0.046eV, 
========== epoch=4237,  failed swap,  time cost=0.699s ==========
attempt to swap Nb and Mg failed, dE=0.981eV, 
========== epoch=4238,  failed swap,  time cost=0.646s ==========
attempt to swap Mg and Nb failed, dE=0.534eV, 
========== epoch=4240,  failed swap,  time cost=0.496s ==========
attempt to swap Nb and Mg failed, dE=0.714eV, 
========== epoch=4241,  failed swap,  time cost=0.509s ==========
attempt to swap Mg and Nb failed, dE=0.402eV, 
========== epoch=4243,  failed swap,  time cost=0.773s ==========
attempt to swap Mg and Nb failed, dE=0.449eV, 
========== epoch=4245,  failed swap,  time cost=0.506s ==========
attempt to swap Nb and Mg failed, dE=0.224eV, 
========== epoch=4247,  failed swap,  time cost=0.574s ==========
attempt to swap Mg and Nb failed, dE=0.229eV, 
========== epoch=4248,  failed swap,  time cost=1.297s ==========
attempt to swap Mg and Nb failed, dE=1.018eV, 
========== epoch=4250,  failed swap,  time cost=0.780s ==========
attempt to swap Nb and Mg failed, dE=0.318eV, 
========== epoch=4252,  failed swap,  time cost=0.494s ==========
attempt to swap Mg and Nb failed, dE=0.452eV, 
========== epoch=4254,  failed swap,  time cost=0.533s ==========
attempt to swap Mg and Nb failed, dE=0.127eV, 
========== epoch=4255,  swap-212,  time cost=1.069s ==========
attempt to swap Mg and Nb succeeded, dE=-0.090eV, 
========== epoch=4259,  failed swap,  time cost=0.908s ==========
attempt to swap Nb and Mg failed, dE=0.744eV, 
========== epoch=4261,  failed swap,  time cost=0.458s ==========
attempt to swap Nb and Mg failed, dE=0.847eV, 
========== epoch=4262,  failed swap,  time cost=0.539s ==========
attempt to swap Mg and Nb failed, dE=0.373eV, 
========== epoch=4264,  failed swap,  time cost=0.430s ==========
attempt to swap Mg and Nb failed, dE=0.219eV, 
========== epoch=4266,  failed swap,  time cost=0.522s ==========
attempt to swap Mg and Nb failed, dE=0.744eV, 
========== epoch=4267,  failed swap,  time cost=0.606s ==========
attempt to swap Nb and Mg failed, dE=0.191eV, 
========== epoch=4270,  failed swap,  time cost=0.574s ==========
attempt to swap Nb and Mg failed, dE=0.335eV, 
========== epoch=4273,  failed swap,  time cost=0.495s ==========
attempt to swap Mg and Nb failed, dE=0.641eV, 
========== epoch=4275,  failed swap,  time cost=0.597s ==========
attempt to swap Nb and Mg failed, dE=1.201eV, 
========== epoch=4277,  failed swap,  time cost=0.510s ==========
attempt to swap Nb and Mg failed, dE=0.234eV, 
========== epoch=4282,  failed swap,  time cost=0.506s ==========
attempt to swap Nb and Mg failed, dE=0.423eV, 
========== epoch=4284,  failed swap,  time cost=0.594s ==========
attempt to swap Mg and Nb failed, dE=0.506eV, 
========== epoch=4286,  failed swap,  time cost=0.478s ==========
attempt to swap Mg and Nb failed, dE=0.268eV, 
========== epoch=4289,  failed swap,  time cost=0.689s ==========
attempt to swap Nb and Mg failed, dE=0.471eV, 
========== epoch=4290,  failed swap,  time cost=0.702s ==========
attempt to swap Nb and Mg failed, dE=0.883eV, 
========== epoch=4291,  failed swap,  time cost=0.710s ==========
attempt to swap Mg and Nb failed, dE=0.549eV, 
========== epoch=4297,  failed swap,  time cost=0.547s ==========
attempt to swap Mg and Nb failed, dE=0.527eV, 
========== epoch=4302,  failed swap,  time cost=0.446s ==========
attempt to swap Nb and Mg failed, dE=0.571eV, 
========== epoch=4306,  failed swap,  time cost=0.429s ==========
attempt to swap Mg and Nb failed, dE=0.460eV, 
========== epoch=4307,  swap-213,  time cost=1.145s ==========
attempt to swap Mg and Nb succeeded, dE=-0.007eV, 
========== epoch=4310,  swap-214,  time cost=0.991s ==========
attempt to swap Mg and Nb succeeded, dE=0.034eV, 
========== epoch=4316,  failed swap,  time cost=0.886s ==========
attempt to swap Nb and Mg failed, dE=0.730eV, 
========== epoch=4318,  failed swap,  time cost=0.586s ==========
attempt to swap Nb and Mg failed, dE=0.230eV, 
========== epoch=4320,  failed swap,  time cost=0.855s ==========
attempt to swap Nb and Mg failed, dE=0.769eV, 
========== epoch=4322,  failed swap,  time cost=0.549s ==========
attempt to swap Mg and Nb failed, dE=0.511eV, 
========== epoch=4325,  failed swap,  time cost=0.586s ==========
attempt to swap Nb and Mg failed, dE=0.339eV, 
========== epoch=4330,  failed swap,  time cost=0.500s ==========
attempt to swap Nb and Mg failed, dE=0.409eV, 
========== epoch=4337,  failed swap,  time cost=0.521s ==========
attempt to swap Mg and Nb failed, dE=0.885eV, 
========== epoch=4338,  failed swap,  time cost=0.562s ==========
attempt to swap Nb and Mg failed, dE=0.365eV, 
========== epoch=4341,  swap-215,  time cost=1.021s ==========
attempt to swap Nb and Mg succeeded, dE=-0.181eV, 
========== epoch=4348,  failed swap,  time cost=0.880s ==========
attempt to swap Nb and Mg failed, dE=0.721eV, 
========== epoch=4349,  failed swap,  time cost=0.360s ==========
attempt to swap Mg and Nb failed, dE=0.407eV, 
========== epoch=4353,  failed swap,  time cost=0.626s ==========
attempt to swap Nb and Mg failed, dE=0.116eV, 
========== epoch=4354,  failed swap,  time cost=0.427s ==========
attempt to swap Mg and Nb failed, dE=1.130eV, 
========== epoch=4359,  swap-216,  time cost=0.923s ==========
attempt to swap Mg and Nb succeeded, dE=-0.031eV, 
========== epoch=4361,  failed swap,  time cost=0.911s ==========
attempt to swap Mg and Nb failed, dE=0.088eV, 
========== epoch=4362,  failed swap,  time cost=1.094s ==========
attempt to swap Mg and Nb failed, dE=0.752eV, 
========== epoch=4363,  failed swap,  time cost=1.082s ==========
attempt to swap Nb and Mg failed, dE=0.170eV, 
========== epoch=4366,  swap-217,  time cost=1.243s ==========
attempt to swap Nb and Mg succeeded, dE=-0.062eV, 
========== epoch=4371,  failed swap,  time cost=0.566s ==========
attempt to swap Nb and Mg failed, dE=0.488eV, 
========== epoch=4378,  failed swap,  time cost=0.551s ==========
attempt to swap Mg and Nb failed, dE=0.184eV, 
========== epoch=4379,  failed swap,  time cost=0.817s ==========
attempt to swap Nb and Mg failed, dE=0.483eV, 
========== epoch=4386,  failed swap,  time cost=0.588s ==========
attempt to swap Mg and Nb failed, dE=0.132eV, 
========== epoch=4391,  swap-218,  time cost=1.027s ==========
attempt to swap Mg and Nb succeeded, dE=-0.405eV, 
========== epoch=4392,  failed swap,  time cost=0.412s ==========
attempt to swap Mg and Nb failed, dE=0.201eV, 
========== epoch=4394,  swap-219,  time cost=1.283s ==========
attempt to swap Nb and Mg succeeded, dE=-0.257eV, 
========== epoch=4397,  failed swap,  time cost=0.803s ==========
attempt to swap Nb and Mg failed, dE=0.744eV, 
========== epoch=4398,  failed swap,  time cost=0.442s ==========
attempt to swap Mg and Nb failed, dE=0.329eV, 
========== epoch=4403,  failed swap,  time cost=0.553s ==========
attempt to swap Nb and Mg failed, dE=0.926eV, 
========== epoch=4411,  failed swap,  time cost=0.828s ==========
attempt to swap Nb and Mg failed, dE=0.965eV, 
========== epoch=4412,  failed swap,  time cost=0.610s ==========
attempt to swap Mg and Nb failed, dE=0.685eV, 
========== epoch=4413,  failed swap,  time cost=0.597s ==========
attempt to swap Nb and Mg failed, dE=0.421eV, 
========== epoch=4417,  failed swap,  time cost=0.453s ==========
attempt to swap Nb and Mg failed, dE=1.001eV, 
========== epoch=4419,  failed swap,  time cost=0.630s ==========
attempt to swap Mg and Nb failed, dE=0.509eV, 
========== epoch=4422,  swap-220,  time cost=2.606s ==========
attempt to swap Mg and Nb succeeded, dE=-0.142eV, 
========== epoch=4426,  swap-221,  time cost=1.301s ==========
attempt to swap Mg and Nb succeeded, dE=0.046eV, 
========== epoch=4427,  swap-222,  time cost=0.628s ==========
attempt to swap Nb and Nb succeeded, dE=0.000eV, 
========== epoch=4433,  failed swap,  time cost=0.748s ==========
attempt to swap Mg and Nb failed, dE=0.681eV, 
========== epoch=4435,  swap-223,  time cost=0.978s ==========
attempt to swap Mg and Nb succeeded, dE=0.230eV, 
========== epoch=4437,  failed swap,  time cost=0.515s ==========
attempt to swap Mg and Nb failed, dE=0.333eV, 
========== epoch=4439,  failed swap,  time cost=0.840s ==========
attempt to swap Nb and Mg failed, dE=0.738eV, 
========== epoch=4440,  failed swap,  time cost=0.460s ==========
attempt to swap Nb and Mg failed, dE=0.932eV, 
========== epoch=4447,  failed swap,  time cost=0.504s ==========
attempt to swap Nb and Mg failed, dE=0.763eV, 
========== epoch=4448,  failed swap,  time cost=0.714s ==========
attempt to swap Mg and Nb failed, dE=0.886eV, 
========== epoch=4449,  failed swap,  time cost=0.616s ==========
attempt to swap Nb and Mg failed, dE=0.578eV, 
========== epoch=4453,  failed swap,  time cost=0.428s ==========
attempt to swap Nb and Mg failed, dE=0.313eV, 
========== epoch=4454,  failed swap,  time cost=0.539s ==========
attempt to swap Mg and Nb failed, dE=0.740eV, 
========== epoch=4459,  failed swap,  time cost=0.445s ==========
attempt to swap Nb and Mg failed, dE=0.176eV, 
========== epoch=4460,  failed swap,  time cost=0.463s ==========
attempt to swap Mg and Nb failed, dE=0.602eV, 
========== epoch=4463,  failed swap,  time cost=0.672s ==========
attempt to swap Nb and Mg failed, dE=0.497eV, 
========== epoch=4465,  failed swap,  time cost=0.472s ==========
attempt to swap Mg and Nb failed, dE=0.440eV, 
========== epoch=4467,  failed swap,  time cost=0.494s ==========
attempt to swap Mg and Nb failed, dE=0.500eV, 
========== epoch=4469,  failed swap,  time cost=0.478s ==========
attempt to swap Mg and Nb failed, dE=0.046eV, 
========== epoch=4473,  failed swap,  time cost=0.990s ==========
attempt to swap Nb and Mg failed, dE=0.669eV, 
========== epoch=4474,  failed swap,  time cost=0.578s ==========
attempt to swap Nb and Mg failed, dE=0.982eV, 
========== epoch=4477,  swap-224,  time cost=0.997s ==========
attempt to swap Mg and Nb succeeded, dE=0.057eV, 
========== epoch=4480,  failed swap,  time cost=0.588s ==========
attempt to swap Nb and Mg failed, dE=0.823eV, 
========== epoch=4481,  failed swap,  time cost=0.725s ==========
attempt to swap Mg and Nb failed, dE=0.673eV, 
========== epoch=4482,  failed swap,  time cost=0.502s ==========
attempt to swap Nb and Mg failed, dE=0.128eV, 
========== epoch=4483,  failed swap,  time cost=0.486s ==========
attempt to swap Mg and Nb failed, dE=0.463eV, 
========== epoch=4485,  failed swap,  time cost=0.444s ==========
attempt to swap Mg and Nb failed, dE=0.327eV, 
========== epoch=4486,  swap-225,  time cost=1.020s ==========
attempt to swap Mg and Nb succeeded, dE=-0.010eV, 
========== epoch=4489,  failed swap,  time cost=0.768s ==========
attempt to swap Mg and Nb failed, dE=0.312eV, 
========== epoch=4491,  failed swap,  time cost=0.671s ==========
attempt to swap Nb and Mg failed, dE=0.116eV, 
========== epoch=4495,  failed swap,  time cost=0.443s ==========
attempt to swap Nb and Mg failed, dE=0.385eV, 
========== epoch=4496,  failed swap,  time cost=0.720s ==========
attempt to swap Mg and Nb failed, dE=0.774eV, 
========== epoch=4497,  failed swap,  time cost=0.468s ==========
attempt to swap Mg and Nb failed, dE=0.031eV, 
========== epoch=4498,  failed swap,  time cost=0.717s ==========
attempt to swap Mg and Nb failed, dE=1.058eV, 
========== epoch=4500,  failed swap,  time cost=0.437s ==========
attempt to swap Mg and Nb failed, dE=0.051eV, 
========== epoch=4503,  swap-226,  time cost=1.236s ==========
attempt to swap Mg and Nb succeeded, dE=-0.046eV, 
========== epoch=4504,  failed swap,  time cost=0.514s ==========
attempt to swap Mg and Nb failed, dE=0.757eV, 
========== epoch=4505,  failed swap,  time cost=0.440s ==========
attempt to swap Mg and Nb failed, dE=0.177eV, 
========== epoch=4507,  failed swap,  time cost=0.524s ==========
attempt to swap Mg and Nb failed, dE=0.239eV, 
========== epoch=4512,  failed swap,  time cost=0.529s ==========
attempt to swap Mg and Nb failed, dE=0.941eV, 
========== epoch=4514,  failed swap,  time cost=0.386s ==========
attempt to swap Mg and Nb failed, dE=0.225eV, 
========== epoch=4515,  swap-227,  time cost=1.369s ==========
attempt to swap Nb and Mg succeeded, dE=-0.177eV, 
========== epoch=4520,  swap-228,  time cost=0.493s ==========
attempt to swap Nb and Nb succeeded, dE=0.000eV, 
========== epoch=4521,  swap-229,  time cost=1.602s ==========
attempt to swap Nb and Mg succeeded, dE=-0.065eV, 
========== epoch=4527,  failed swap,  time cost=0.491s ==========
attempt to swap Mg and Nb failed, dE=0.403eV, 
========== epoch=4533,  failed swap,  time cost=0.386s ==========
attempt to swap Nb and Mg failed, dE=0.128eV, 
========== epoch=4537,  failed swap,  time cost=0.608s ==========
attempt to swap Mg and Nb failed, dE=1.027eV, 
========== epoch=4539,  failed swap,  time cost=0.579s ==========
attempt to swap Mg and Nb failed, dE=0.602eV, 
========== epoch=4540,  failed swap,  time cost=0.545s ==========
attempt to swap Nb and Mg failed, dE=0.168eV, 
========== epoch=4541,  failed swap,  time cost=0.552s ==========
attempt to swap Mg and Nb failed, dE=0.243eV, 
========== epoch=4545,  failed swap,  time cost=0.472s ==========
attempt to swap Mg and Nb failed, dE=0.219eV, 
========== epoch=4546,  failed swap,  time cost=0.437s ==========
attempt to swap Nb and Mg failed, dE=0.206eV, 
========== epoch=4547,  failed swap,  time cost=0.662s ==========
attempt to swap Mg and Nb failed, dE=0.896eV, 
========== epoch=4552,  failed swap,  time cost=0.457s ==========
attempt to swap Nb and Mg failed, dE=0.641eV, 
========== epoch=4555,  failed swap,  time cost=0.447s ==========
attempt to swap Mg and Nb failed, dE=0.911eV, 
========== epoch=4558,  failed swap,  time cost=0.783s ==========
attempt to swap Mg and Nb failed, dE=0.580eV, 
========== epoch=4563,  failed swap,  time cost=0.806s ==========
attempt to swap Mg and Nb failed, dE=0.252eV, 
========== epoch=4565,  failed swap,  time cost=0.589s ==========
attempt to swap Nb and Mg failed, dE=0.804eV, 
========== epoch=4570,  swap-230,  time cost=2.025s ==========
attempt to swap Mg and Nb succeeded, dE=-0.026eV, 
========== epoch=4571,  failed swap,  time cost=0.861s ==========
attempt to swap Mg and Nb failed, dE=0.994eV, 
========== epoch=4572,  swap-231,  time cost=0.956s ==========
attempt to swap Mg and Nb succeeded, dE=-0.085eV, 
========== epoch=4575,  failed swap,  time cost=0.513s ==========
attempt to swap Nb and Mg failed, dE=0.887eV, 
========== epoch=4583,  failed swap,  time cost=0.683s ==========
attempt to swap Mg and Nb failed, dE=0.780eV, 
========== epoch=4587,  swap-232,  time cost=0.934s ==========
attempt to swap Nb and Mg succeeded, dE=-0.022eV, 
========== epoch=4592,  failed swap,  time cost=0.793s ==========
attempt to swap Nb and Mg failed, dE=0.617eV, 
========== epoch=4593,  failed swap,  time cost=0.526s ==========
attempt to swap Mg and Nb failed, dE=0.626eV, 
========== epoch=4596,  failed swap,  time cost=0.545s ==========
attempt to swap Mg and Nb failed, dE=0.433eV, 
========== epoch=4599,  failed swap,  time cost=0.399s ==========
attempt to swap Mg and Nb failed, dE=0.233eV, 
========== epoch=4601,  failed swap,  time cost=0.362s ==========
attempt to swap Mg and Nb failed, dE=0.082eV, 
========== epoch=4603,  failed swap,  time cost=0.415s ==========
attempt to swap Mg and Nb failed, dE=0.339eV, 
========== epoch=4606,  failed swap,  time cost=0.723s ==========
attempt to swap Mg and Nb failed, dE=0.888eV, 
========== epoch=4610,  failed swap,  time cost=0.843s ==========
attempt to swap Nb and Mg failed, dE=0.955eV, 
========== epoch=4612,  failed swap,  time cost=0.746s ==========
attempt to swap Mg and Nb failed, dE=0.815eV, 
========== epoch=4614,  failed swap,  time cost=0.884s ==========
attempt to swap Nb and Mg failed, dE=0.990eV, 
========== epoch=4615,  failed swap,  time cost=0.516s ==========
attempt to swap Nb and Mg failed, dE=0.198eV, 
========== epoch=4619,  failed swap,  time cost=0.403s ==========
attempt to swap Nb and Mg failed, dE=0.402eV, 
========== epoch=4622,  failed swap,  time cost=1.092s ==========
attempt to swap Mg and Nb failed, dE=0.558eV, 
========== epoch=4624,  failed swap,  time cost=0.500s ==========
attempt to swap Mg and Nb failed, dE=0.110eV, 
========== epoch=4626,  failed swap,  time cost=0.548s ==========
attempt to swap Nb and Mg failed, dE=0.891eV, 
========== epoch=4628,  failed swap,  time cost=0.757s ==========
attempt to swap Mg and Nb failed, dE=0.768eV, 
========== epoch=4630,  failed swap,  time cost=0.600s ==========
attempt to swap Nb and Mg failed, dE=0.843eV, 
========== epoch=4633,  failed swap,  time cost=0.451s ==========
attempt to swap Nb and Mg failed, dE=0.382eV, 
========== epoch=4635,  swap-233,  time cost=1.141s ==========
attempt to swap Mg and Nb succeeded, dE=-0.085eV, 
========== epoch=4637,  failed swap,  time cost=1.097s ==========
attempt to swap Nb and Mg failed, dE=1.225eV, 
========== epoch=4639,  failed swap,  time cost=0.982s ==========
attempt to swap Nb and Mg failed, dE=0.341eV, 
========== epoch=4643,  failed swap,  time cost=0.410s ==========
attempt to swap Mg and Nb failed, dE=0.243eV, 
========== epoch=4644,  failed swap,  time cost=0.912s ==========
attempt to swap Nb and Mg failed, dE=1.062eV, 
========== epoch=4645,  failed swap,  time cost=0.450s ==========
attempt to swap Mg and Nb failed, dE=0.689eV, 
========== epoch=4646,  failed swap,  time cost=0.707s ==========
attempt to swap Nb and Mg failed, dE=0.035eV, 
========== epoch=4647,  failed swap,  time cost=0.673s ==========
attempt to swap Nb and Mg failed, dE=0.819eV, 
========== epoch=4649,  failed swap,  time cost=0.550s ==========
attempt to swap Mg and Nb failed, dE=0.559eV, 
========== epoch=4656,  swap-234,  time cost=0.887s ==========
attempt to swap Mg and Nb succeeded, dE=-0.095eV, 
========== epoch=4659,  failed swap,  time cost=0.768s ==========
attempt to swap Mg and Nb failed, dE=0.785eV, 
========== epoch=4661,  failed swap,  time cost=0.462s ==========
attempt to swap Nb and Mg failed, dE=0.183eV, 
========== epoch=4664,  failed swap,  time cost=0.439s ==========
attempt to swap Nb and Mg failed, dE=0.240eV, 
========== epoch=4666,  failed swap,  time cost=0.918s ==========
attempt to swap Mg and Nb failed, dE=0.794eV, 
========== epoch=4669,  failed swap,  time cost=0.804s ==========
attempt to swap Nb and Mg failed, dE=0.352eV, 
========== epoch=4672,  failed swap,  time cost=0.719s ==========
attempt to swap Nb and Mg failed, dE=0.951eV, 
========== epoch=4675,  failed swap,  time cost=0.568s ==========
attempt to swap Nb and Mg failed, dE=0.957eV, 
========== epoch=4676,  failed swap,  time cost=0.552s ==========
attempt to swap Nb and Mg failed, dE=0.379eV, 
========== epoch=4677,  failed swap,  time cost=0.519s ==========
attempt to swap Mg and Nb failed, dE=0.240eV, 
========== epoch=4690,  failed swap,  time cost=0.586s ==========
attempt to swap Mg and Nb failed, dE=0.349eV, 
========== epoch=4691,  swap-235,  time cost=1.252s ==========
attempt to swap Mg and Nb succeeded, dE=-0.445eV, 
========== epoch=4694,  failed swap,  time cost=0.454s ==========
attempt to swap Nb and Mg failed, dE=0.226eV, 
========== epoch=4695,  failed swap,  time cost=0.436s ==========
attempt to swap Nb and Mg failed, dE=0.383eV, 
========== epoch=4697,  failed swap,  time cost=0.672s ==========
attempt to swap Nb and Mg failed, dE=0.974eV, 
========== epoch=4698,  swap-236,  time cost=0.984s ==========
attempt to swap Nb and Mg succeeded, dE=-0.073eV, 
========== epoch=4701,  failed swap,  time cost=1.108s ==========
attempt to swap Mg and Nb failed, dE=0.945eV, 
========== epoch=4708,  failed swap,  time cost=0.742s ==========
attempt to swap Nb and Mg failed, dE=1.152eV, 
========== epoch=4711,  failed swap,  time cost=0.565s ==========
attempt to swap Nb and Mg failed, dE=0.196eV, 
========== epoch=4717,  failed swap,  time cost=0.558s ==========
attempt to swap Mg and Nb failed, dE=1.472eV, 
========== epoch=4719,  failed swap,  time cost=0.734s ==========
attempt to swap Nb and Mg failed, dE=0.778eV, 
========== epoch=4720,  failed swap,  time cost=0.570s ==========
attempt to swap Mg and Nb failed, dE=0.531eV, 
========== epoch=4723,  failed swap,  time cost=0.516s ==========
attempt to swap Nb and Mg failed, dE=0.690eV, 
========== epoch=4726,  failed swap,  time cost=0.461s ==========
attempt to swap Nb and Mg failed, dE=0.807eV, 
========== epoch=4731,  failed swap,  time cost=0.418s ==========
attempt to swap Nb and Mg failed, dE=0.250eV, 
========== epoch=4739,  swap-237,  time cost=1.065s ==========
attempt to swap Nb and Mg succeeded, dE=-0.095eV, 
========== epoch=4745,  swap-238,  time cost=0.658s ==========
attempt to swap Mg and Mg succeeded, dE=0.000eV, 
========== epoch=4746,  failed swap,  time cost=0.475s ==========
attempt to swap Mg and Nb failed, dE=0.097eV, 
========== epoch=4754,  failed swap,  time cost=0.537s ==========
attempt to swap Nb and Mg failed, dE=0.087eV, 
========== epoch=4757,  failed swap,  time cost=0.509s ==========
attempt to swap Nb and Mg failed, dE=0.179eV, 
========== epoch=4760,  failed swap,  time cost=0.812s ==========
attempt to swap Mg and Nb failed, dE=1.252eV, 
========== epoch=4761,  failed swap,  time cost=0.561s ==========
attempt to swap Mg and Nb failed, dE=0.992eV, 
========== epoch=4762,  failed swap,  time cost=0.915s ==========
attempt to swap Mg and Nb failed, dE=1.005eV, 
========== epoch=4773,  failed swap,  time cost=0.524s ==========
attempt to swap Nb and Mg failed, dE=0.942eV, 
========== epoch=4776,  failed swap,  time cost=0.602s ==========
attempt to swap Nb and Mg failed, dE=1.173eV, 
========== epoch=4781,  failed swap,  time cost=0.780s ==========
attempt to swap Mg and Nb failed, dE=0.855eV, 
========== epoch=4785,  failed swap,  time cost=0.516s ==========
attempt to swap Nb and Mg failed, dE=0.267eV, 
========== epoch=4788,  failed swap,  time cost=0.399s ==========
attempt to swap Nb and Mg failed, dE=0.333eV, 
========== epoch=4791,  failed swap,  time cost=0.796s ==========
attempt to swap Nb and Mg failed, dE=1.117eV, 
========== epoch=4793,  failed swap,  time cost=0.571s ==========
attempt to swap Nb and Mg failed, dE=1.050eV, 
========== epoch=4798,  failed swap,  time cost=0.416s ==========
attempt to swap Mg and Nb failed, dE=0.113eV, 
========== epoch=4801,  failed swap,  time cost=0.449s ==========
attempt to swap Mg and Nb failed, dE=0.460eV, 
========== epoch=4802,  failed swap,  time cost=0.479s ==========
attempt to swap Nb and Mg failed, dE=0.508eV, 
========== epoch=4805,  failed swap,  time cost=0.586s ==========
attempt to swap Nb and Mg failed, dE=0.383eV, 
========== epoch=4808,  failed swap,  time cost=0.628s ==========
attempt to swap Nb and Mg failed, dE=0.156eV, 
========== epoch=4812,  failed swap,  time cost=0.560s ==========
attempt to swap Mg and Nb failed, dE=1.058eV, 
========== epoch=4814,  failed swap,  time cost=0.725s ==========
attempt to swap Mg and Nb failed, dE=1.101eV, 
========== epoch=4815,  failed swap,  time cost=0.444s ==========
attempt to swap Nb and Mg failed, dE=0.235eV, 
========== epoch=4817,  failed swap,  time cost=0.451s ==========
attempt to swap Mg and Nb failed, dE=0.333eV, 
========== epoch=4819,  failed swap,  time cost=0.535s ==========
attempt to swap Nb and Mg failed, dE=0.774eV, 
========== epoch=4824,  failed swap,  time cost=0.761s ==========
attempt to swap Mg and Nb failed, dE=0.984eV, 
========== epoch=4827,  failed swap,  time cost=0.454s ==========
attempt to swap Mg and Nb failed, dE=0.365eV, 
========== epoch=4831,  failed swap,  time cost=0.574s ==========
attempt to swap Mg and Nb failed, dE=0.850eV, 
========== epoch=4840,  failed swap,  time cost=0.474s ==========
attempt to swap Mg and Nb failed, dE=0.423eV, 
========== epoch=4851,  failed swap,  time cost=0.436s ==========
attempt to swap Mg and Nb failed, dE=0.763eV, 
========== epoch=4853,  failed swap,  time cost=0.483s ==========
attempt to swap Mg and Nb failed, dE=0.867eV, 
========== epoch=4855,  failed swap,  time cost=0.454s ==========
attempt to swap Nb and Mg failed, dE=1.090eV, 
========== epoch=4860,  failed swap,  time cost=0.384s ==========
attempt to swap Mg and Nb failed, dE=0.097eV, 
========== epoch=4862,  failed swap,  time cost=0.532s ==========
attempt to swap Mg and Nb failed, dE=1.314eV, 
========== epoch=4867,  failed swap,  time cost=0.480s ==========
attempt to swap Mg and Nb failed, dE=0.363eV, 
========== epoch=4868,  failed swap,  time cost=0.467s ==========
attempt to swap Mg and Nb failed, dE=0.966eV, 
========== epoch=4869,  swap-239,  time cost=1.684s ==========
attempt to swap Mg and Nb succeeded, dE=-0.017eV, 
========== epoch=4871,  failed swap,  time cost=0.522s ==========
attempt to swap Mg and Nb failed, dE=1.080eV, 
========== epoch=4876,  failed swap,  time cost=0.472s ==========
attempt to swap Nb and Mg failed, dE=0.448eV, 
========== epoch=4877,  failed swap,  time cost=0.362s ==========
attempt to swap Nb and Mg failed, dE=0.244eV, 
========== epoch=4878,  failed swap,  time cost=0.437s ==========
attempt to swap Mg and Nb failed, dE=0.661eV, 
========== epoch=4886,  swap-240,  time cost=1.025s ==========
attempt to swap Nb and Mg succeeded, dE=0.124eV, 
========== epoch=4894,  failed swap,  time cost=0.530s ==========
attempt to swap Mg and Nb failed, dE=0.953eV, 
========== epoch=4897,  failed swap,  time cost=0.379s ==========
attempt to swap Nb and Mg failed, dE=0.380eV, 
========== epoch=4904,  failed swap,  time cost=0.489s ==========
attempt to swap Nb and Mg failed, dE=0.850eV, 
========== epoch=4905,  failed swap,  time cost=0.412s ==========
attempt to swap Nb and Mg failed, dE=1.189eV, 
========== epoch=4906,  swap-241,  time cost=0.953s ==========
attempt to swap Nb and Mg succeeded, dE=0.029eV, 
========== epoch=4910,  failed swap,  time cost=0.493s ==========
attempt to swap Mg and Nb failed, dE=0.944eV, 
========== epoch=4915,  failed swap,  time cost=0.435s ==========
attempt to swap Mg and Nb failed, dE=1.070eV, 
========== epoch=4919,  failed swap,  time cost=0.581s ==========
attempt to swap Nb and Mg failed, dE=1.011eV, 
========== epoch=4920,  swap-242,  time cost=1.680s ==========
attempt to swap Mg and Nb succeeded, dE=0.073eV, 
========== epoch=4922,  failed swap,  time cost=0.470s ==========
attempt to swap Nb and Mg failed, dE=0.912eV, 
========== epoch=4923,  failed swap,  time cost=0.514s ==========
attempt to swap Nb and Mg failed, dE=0.622eV, 
========== epoch=4924,  failed swap,  time cost=0.520s ==========
attempt to swap Mg and Nb failed, dE=0.881eV, 
========== epoch=4927,  failed swap,  time cost=0.441s ==========
attempt to swap Nb and Mg failed, dE=0.391eV, 
========== epoch=4933,  failed swap,  time cost=1.048s ==========
attempt to swap Mg and Nb failed, dE=0.766eV, 
========== epoch=4935,  failed swap,  time cost=0.404s ==========
attempt to swap Mg and Nb failed, dE=0.291eV, 
========== epoch=4937,  failed swap,  time cost=0.439s ==========
attempt to swap Mg and Nb failed, dE=0.804eV, 
========== epoch=4940,  failed swap,  time cost=0.446s ==========
attempt to swap Mg and Nb failed, dE=0.625eV, 
========== epoch=4943,  failed swap,  time cost=0.528s ==========
attempt to swap Mg and Nb failed, dE=0.895eV, 
========== epoch=4944,  failed swap,  time cost=0.388s ==========
attempt to swap Nb and Mg failed, dE=0.336eV, 
========== epoch=4945,  failed swap,  time cost=0.581s ==========
attempt to swap Nb and Mg failed, dE=0.985eV, 
========== epoch=4949,  failed swap,  time cost=0.542s ==========
attempt to swap Nb and Mg failed, dE=0.747eV, 
========== epoch=4953,  swap-243,  time cost=1.008s ==========
attempt to swap Mg and Nb succeeded, dE=0.045eV, 
========== epoch=4959,  failed swap,  time cost=0.419s ==========
attempt to swap Mg and Nb failed, dE=0.624eV, 
========== epoch=4961,  failed swap,  time cost=0.760s ==========
attempt to swap Mg and Nb failed, dE=0.928eV, 
========== epoch=4962,  failed swap,  time cost=0.475s ==========
attempt to swap Nb and Mg failed, dE=0.439eV, 
========== epoch=4963,  failed swap,  time cost=0.722s ==========
attempt to swap Nb and Mg failed, dE=0.837eV, 
========== epoch=4964,  failed swap,  time cost=0.466s ==========
attempt to swap Mg and Nb failed, dE=0.195eV, 
========== epoch=4967,  failed swap,  time cost=0.498s ==========
attempt to swap Nb and Mg failed, dE=0.566eV, 
========== epoch=4974,  failed swap,  time cost=0.405s ==========
attempt to swap Nb and Mg failed, dE=0.118eV, 
========== epoch=4976,  failed swap,  time cost=0.476s ==========
attempt to swap Mg and Nb failed, dE=0.993eV, 
========== epoch=4977,  failed swap,  time cost=0.399s ==========
attempt to swap Mg and Nb failed, dE=1.062eV, 
========== epoch=4981,  failed swap,  time cost=0.762s ==========
attempt to swap Nb and Mg failed, dE=0.568eV, 
========== epoch=4982,  failed swap,  time cost=0.513s ==========
attempt to swap Mg and Nb failed, dE=0.410eV, 
========== epoch=4983,  failed swap,  time cost=0.448s ==========
attempt to swap Nb and Mg failed, dE=0.874eV, 
========== epoch=4984,  failed swap,  time cost=0.423s ==========
attempt to swap Mg and Nb failed, dE=0.357eV, 
========== epoch=4990,  failed swap,  time cost=0.373s ==========
attempt to swap Nb and Mg failed, dE=0.399eV, 
========== epoch=4991,  failed swap,  time cost=0.584s ==========
attempt to swap Nb and Mg failed, dE=0.898eV, 
========== epoch=4994,  failed swap,  time cost=0.411s ==========
attempt to swap Mg and Nb failed, dE=0.207eV, 
========== epoch=4999,  swap-244,  time cost=1.095s ==========
attempt to swap Nb and Mg succeeded, dE=-0.004eV, 
========== epoch=5002,  failed swap,  time cost=0.815s ==========
attempt to swap Mg and Nb failed, dE=1.075eV, 
========== epoch=5003,  failed swap,  time cost=0.708s ==========
attempt to swap Mg and Nb failed, dE=0.882eV, 
========== epoch=5004,  failed swap,  time cost=0.551s ==========
attempt to swap Nb and Mg failed, dE=0.999eV, 
========== epoch=5006,  failed swap,  time cost=0.410s ==========
attempt to swap Mg and Nb failed, dE=0.698eV, 
========== epoch=5011,  failed swap,  time cost=0.538s ==========
attempt to swap Nb and Mg failed, dE=0.418eV, 
========== epoch=5012,  failed swap,  time cost=0.561s ==========
attempt to swap Nb and Mg failed, dE=0.985eV, 
========== epoch=5013,  failed swap,  time cost=0.514s ==========
attempt to swap Nb and Mg failed, dE=0.817eV, 
========== epoch=5017,  swap-245,  time cost=1.242s ==========
attempt to swap Nb and Mg succeeded, dE=0.162eV, 
========== epoch=5024,  swap-246,  time cost=0.491s ==========
attempt to swap Nb and Nb succeeded, dE=0.000eV, 
========== epoch=5026,  failed swap,  time cost=0.514s ==========
attempt to swap Mg and Nb failed, dE=0.813eV, 
========== epoch=5027,  failed swap,  time cost=0.503s ==========
attempt to swap Nb and Mg failed, dE=0.935eV, 
========== epoch=5032,  failed swap,  time cost=0.653s ==========
attempt to swap Mg and Nb failed, dE=0.440eV, 
========== epoch=5033,  failed swap,  time cost=0.511s ==========
attempt to swap Mg and Nb failed, dE=1.049eV, 
========== epoch=5035,  failed swap,  time cost=0.382s ==========
attempt to swap Mg and Nb failed, dE=0.122eV, 
========== epoch=5038,  failed swap,  time cost=0.424s ==========
attempt to swap Nb and Mg failed, dE=0.180eV, 
========== epoch=5040,  failed swap,  time cost=0.722s ==========
attempt to swap Nb and Mg failed, dE=0.344eV, 
========== epoch=5041,  failed swap,  time cost=0.494s ==========
attempt to swap Mg and Nb failed, dE=0.180eV, 
========== epoch=5043,  swap-247,  time cost=0.845s ==========
attempt to swap Nb and Mg succeeded, dE=-0.170eV, 
========== epoch=5047,  swap-248,  time cost=1.265s ==========
attempt to swap Nb and Mg succeeded, dE=0.076eV, 
========== epoch=5054,  swap-249,  time cost=1.317s ==========
attempt to swap Mg and Nb succeeded, dE=-0.150eV, 
========== epoch=5063,  failed swap,  time cost=0.527s ==========
attempt to swap Mg and Nb failed, dE=1.073eV, 
========== epoch=5064,  failed swap,  time cost=0.476s ==========
attempt to swap Nb and Mg failed, dE=0.947eV, 
========== epoch=5068,  failed swap,  time cost=0.628s ==========
attempt to swap Nb and Mg failed, dE=0.685eV, 
========== epoch=5073,  failed swap,  time cost=0.716s ==========
attempt to swap Mg and Nb failed, dE=1.026eV, 
========== epoch=5074,  failed swap,  time cost=0.576s ==========
attempt to swap Mg and Nb failed, dE=0.848eV, 
========== epoch=5079,  failed swap,  time cost=0.591s ==========
attempt to swap Nb and Mg failed, dE=0.762eV, 
========== epoch=5080,  failed swap,  time cost=0.375s ==========
attempt to swap Mg and Nb failed, dE=0.142eV, 
========== epoch=5085,  failed swap,  time cost=0.499s ==========
attempt to swap Nb and Mg failed, dE=0.915eV, 
========== epoch=5086,  failed swap,  time cost=0.674s ==========
attempt to swap Mg and Nb failed, dE=1.298eV, 
========== epoch=5092,  swap-250,  time cost=1.047s ==========
attempt to swap Mg and Nb succeeded, dE=0.010eV, 
========== epoch=5094,  swap-251,  time cost=1.421s ==========
attempt to swap Mg and Nb succeeded, dE=-0.062eV, 
========== epoch=5098,  failed swap,  time cost=0.576s ==========
attempt to swap Mg and Nb failed, dE=0.812eV, 
========== epoch=5102,  failed swap,  time cost=0.645s ==========
attempt to swap Nb and Mg failed, dE=0.946eV, 
========== epoch=5103,  failed swap,  time cost=0.407s ==========
attempt to swap Mg and Nb failed, dE=0.401eV, 
========== epoch=5108,  failed swap,  time cost=0.572s ==========
attempt to swap Mg and Nb failed, dE=0.960eV, 
========== epoch=5110,  failed swap,  time cost=0.495s ==========
attempt to swap Nb and Mg failed, dE=1.080eV, 
========== epoch=5122,  failed swap,  time cost=0.444s ==========
attempt to swap Nb and Mg failed, dE=1.079eV, 
========== epoch=5125,  swap-252,  time cost=0.871s ==========
attempt to swap Nb and Mg succeeded, dE=0.021eV, 
========== epoch=5126,  failed swap,  time cost=0.587s ==========
attempt to swap Mg and Nb failed, dE=0.847eV, 
========== epoch=5128,  failed swap,  time cost=0.479s ==========
attempt to swap Nb and Mg failed, dE=1.143eV, 
========== epoch=5133,  failed swap,  time cost=0.644s ==========
attempt to swap Nb and Mg failed, dE=1.353eV, 
========== epoch=5134,  failed swap,  time cost=0.427s ==========
attempt to swap Mg and Nb failed, dE=0.079eV, 
========== epoch=5135,  failed swap,  time cost=0.482s ==========
attempt to swap Mg and Nb failed, dE=0.123eV, 
========== epoch=5136,  failed swap,  time cost=0.684s ==========
attempt to swap Mg and Nb failed, dE=0.777eV, 
========== epoch=5137,  failed swap,  time cost=0.419s ==========
attempt to swap Mg and Nb failed, dE=0.487eV, 
========== epoch=5138,  failed swap,  time cost=0.366s ==========
attempt to swap Nb and Mg failed, dE=0.079eV, 
========== epoch=5142,  failed swap,  time cost=0.516s ==========
attempt to swap Mg and Nb failed, dE=0.833eV, 
========== epoch=5143,  failed swap,  time cost=0.513s ==========
attempt to swap Nb and Mg failed, dE=0.545eV, 
========== epoch=5155,  failed swap,  time cost=0.680s ==========
attempt to swap Mg and Nb failed, dE=0.907eV, 
========== epoch=5156,  failed swap,  time cost=0.415s ==========
attempt to swap Nb and Mg failed, dE=1.234eV, 
========== epoch=5157,  failed swap,  time cost=0.504s ==========
attempt to swap Nb and Mg failed, dE=0.261eV, 
========== epoch=5162,  failed swap,  time cost=0.562s ==========
attempt to swap Nb and Mg failed, dE=0.875eV, 
========== epoch=5173,  failed swap,  time cost=0.350s ==========
attempt to swap Nb and Mg failed, dE=0.416eV, 
========== epoch=5174,  failed swap,  time cost=0.437s ==========
attempt to swap Mg and Nb failed, dE=0.994eV, 
========== epoch=5175,  failed swap,  time cost=0.542s ==========
attempt to swap Mg and Nb failed, dE=0.560eV, 
========== epoch=5182,  swap-253,  time cost=0.847s ==========
attempt to swap Nb and Mg succeeded, dE=-0.005eV, 
========== epoch=5187,  failed swap,  time cost=0.592s ==========
attempt to swap Mg and Nb failed, dE=1.115eV, 
========== epoch=5191,  failed swap,  time cost=0.379s ==========
attempt to swap Nb and Mg failed, dE=0.370eV, 
========== epoch=5194,  failed swap,  time cost=0.777s ==========
attempt to swap Mg and Nb failed, dE=0.706eV, 
========== epoch=5200,  failed swap,  time cost=0.518s ==========
attempt to swap Mg and Nb failed, dE=1.001eV, 
========== epoch=5202,  failed swap,  time cost=0.740s ==========
attempt to swap Nb and Mg failed, dE=0.662eV, 
========== epoch=5213,  failed swap,  time cost=0.370s ==========
attempt to swap Mg and Nb failed, dE=0.314eV, 
========== epoch=5218,  failed swap,  time cost=0.928s ==========
attempt to swap Mg and Nb failed, dE=0.921eV, 
========== epoch=5220,  failed swap,  time cost=0.842s ==========
attempt to swap Nb and Mg failed, dE=1.128eV, 
========== epoch=5221,  failed swap,  time cost=0.397s ==========
attempt to swap Mg and Nb failed, dE=0.445eV, 
========== epoch=5231,  failed swap,  time cost=0.460s ==========
attempt to swap Mg and Nb failed, dE=0.225eV, 
========== epoch=5234,  failed swap,  time cost=0.467s ==========
attempt to swap Mg and Nb failed, dE=1.116eV, 
========== epoch=5235,  failed swap,  time cost=0.338s ==========
attempt to swap Mg and Nb failed, dE=0.357eV, 
========== epoch=5238,  failed swap,  time cost=0.460s ==========
attempt to swap Mg and Nb failed, dE=0.081eV, 
========== epoch=5239,  failed swap,  time cost=0.629s ==========
attempt to swap Mg and Nb failed, dE=1.291eV, 
========== epoch=5243,  failed swap,  time cost=0.390s ==========
attempt to swap Nb and Mg failed, dE=0.113eV, 
========== epoch=5244,  failed swap,  time cost=1.100s ==========
attempt to swap Mg and Nb failed, dE=1.291eV, 
========== epoch=5249,  failed swap,  time cost=0.482s ==========
attempt to swap Mg and Nb failed, dE=0.284eV, 
========== epoch=5250,  failed swap,  time cost=0.515s ==========
attempt to swap Nb and Mg failed, dE=1.026eV, 
========== epoch=5253,  failed swap,  time cost=0.456s ==========
attempt to swap Mg and Nb failed, dE=0.839eV, 
========== epoch=5254,  failed swap,  time cost=0.474s ==========
attempt to swap Mg and Nb failed, dE=1.026eV, 
========== epoch=5257,  failed swap,  time cost=0.500s ==========
attempt to swap Nb and Mg failed, dE=0.860eV, 
========== epoch=5258,  failed swap,  time cost=0.572s ==========
attempt to swap Mg and Nb failed, dE=0.883eV, 
========== epoch=5259,  swap-254,  time cost=1.084s ==========
attempt to swap Nb and Mg succeeded, dE=0.091eV, 
========== epoch=5260,  failed swap,  time cost=0.414s ==========
attempt to swap Mg and Nb failed, dE=0.277eV, 
========== epoch=5261,  failed swap,  time cost=0.465s ==========
attempt to swap Mg and Nb failed, dE=0.236eV, 
========== epoch=5268,  failed swap,  time cost=0.522s ==========
attempt to swap Mg and Nb failed, dE=0.369eV, 
========== epoch=5269,  failed swap,  time cost=0.449s ==========
attempt to swap Mg and Nb failed, dE=0.987eV, 
========== epoch=5270,  failed swap,  time cost=0.473s ==========
attempt to swap Mg and Nb failed, dE=0.860eV, 
========== epoch=5272,  failed swap,  time cost=0.542s ==========
attempt to swap Nb and Mg failed, dE=0.964eV, 
========== epoch=5274,  failed swap,  time cost=0.567s ==========
attempt to swap Nb and Mg failed, dE=0.267eV, 
========== epoch=5276,  swap-255,  time cost=1.254s ==========
attempt to swap Mg and Nb succeeded, dE=-0.152eV, 
========== epoch=5279,  failed swap,  time cost=0.465s ==========
attempt to swap Nb and Mg failed, dE=1.128eV, 
========== epoch=5280,  failed swap,  time cost=0.429s ==========
attempt to swap Mg and Nb failed, dE=1.102eV, 
========== epoch=5283,  failed swap,  time cost=0.441s ==========
attempt to swap Mg and Nb failed, dE=0.376eV, 
========== epoch=5286,  failed swap,  time cost=0.404s ==========
attempt to swap Nb and Mg failed, dE=0.282eV, 
========== epoch=5289,  failed swap,  time cost=0.879s ==========
attempt to swap Nb and Mg failed, dE=1.347eV, 
========== epoch=5290,  failed swap,  time cost=0.494s ==========
attempt to swap Mg and Nb failed, dE=0.238eV, 
========== epoch=5294,  failed swap,  time cost=0.713s ==========
attempt to swap Mg and Nb failed, dE=1.209eV, 
========== epoch=5299,  failed swap,  time cost=0.345s ==========
attempt to swap Nb and Mg failed, dE=0.032eV, 
========== epoch=5300,  failed swap,  time cost=0.541s ==========
attempt to swap Mg and Nb failed, dE=1.098eV, 
========== epoch=5309,  failed swap,  time cost=0.447s ==========
attempt to swap Mg and Nb failed, dE=0.183eV, 
========== epoch=5311,  failed swap,  time cost=0.539s ==========
attempt to swap Mg and Nb failed, dE=0.986eV, 
========== epoch=5312,  failed swap,  time cost=0.534s ==========
attempt to swap Mg and Nb failed, dE=0.867eV, 
========== epoch=5315,  failed swap,  time cost=0.415s ==========
attempt to swap Mg and Nb failed, dE=0.643eV, 
========== epoch=5317,  failed swap,  time cost=0.501s ==========
attempt to swap Nb and Mg failed, dE=1.166eV, 
========== epoch=5320,  swap-256,  time cost=0.896s ==========
attempt to swap Nb and Mg succeeded, dE=0.256eV, 
========== epoch=5323,  failed swap,  time cost=0.422s ==========
attempt to swap Nb and Mg failed, dE=0.244eV, 
========== epoch=5325,  failed swap,  time cost=0.442s ==========
attempt to swap Mg and Nb failed, dE=1.071eV, 
========== epoch=5329,  failed swap,  time cost=0.476s ==========
attempt to swap Nb and Mg failed, dE=0.285eV, 
========== epoch=5331,  failed swap,  time cost=0.482s ==========
attempt to swap Mg and Nb failed, dE=1.025eV, 
========== epoch=5332,  failed swap,  time cost=0.449s ==========
attempt to swap Nb and Mg failed, dE=1.287eV, 
========== epoch=5335,  failed swap,  time cost=0.489s ==========
attempt to swap Mg and Nb failed, dE=1.151eV, 
========== epoch=5344,  failed swap,  time cost=0.710s ==========
attempt to swap Nb and Mg failed, dE=0.890eV, 
========== epoch=5350,  failed swap,  time cost=0.528s ==========
attempt to swap Nb and Mg failed, dE=1.466eV, 
========== epoch=5355,  failed swap,  time cost=0.492s ==========
attempt to swap Nb and Mg failed, dE=0.442eV, 
========== epoch=5360,  failed swap,  time cost=0.373s ==========
attempt to swap Nb and Mg failed, dE=0.051eV, 
========== epoch=5361,  failed swap,  time cost=0.457s ==========
attempt to swap Mg and Nb failed, dE=1.270eV, 
========== epoch=5363,  failed swap,  time cost=0.434s ==========
attempt to swap Mg and Nb failed, dE=0.275eV, 
========== epoch=5369,  failed swap,  time cost=0.496s ==========
attempt to swap Mg and Nb failed, dE=1.040eV, 
========== epoch=5374,  failed swap,  time cost=0.452s ==========
attempt to swap Nb and Mg failed, dE=0.480eV, 
========== epoch=5379,  failed swap,  time cost=0.443s ==========
attempt to swap Nb and Mg failed, dE=0.277eV, 
========== epoch=5380,  failed swap,  time cost=0.578s ==========
attempt to swap Mg and Nb failed, dE=0.867eV, 
========== epoch=5381,  failed swap,  time cost=0.456s ==========
attempt to swap Mg and Nb failed, dE=0.278eV, 
========== epoch=5383,  failed swap,  time cost=0.511s ==========
attempt to swap Mg and Nb failed, dE=0.408eV, 
========== epoch=5384,  failed swap,  time cost=0.754s ==========
attempt to swap Nb and Mg failed, dE=0.153eV, 
========== epoch=5386,  failed swap,  time cost=0.453s ==========
attempt to swap Nb and Mg failed, dE=0.156eV, 
========== epoch=5387,  failed swap,  time cost=0.459s ==========
attempt to swap Nb and Mg failed, dE=0.955eV, 
========== epoch=5388,  failed swap,  time cost=0.421s ==========
attempt to swap Nb and Mg failed, dE=0.624eV, 
========== epoch=5389,  failed swap,  time cost=0.487s ==========
attempt to swap Nb and Mg failed, dE=0.643eV, 
========== epoch=5391,  failed swap,  time cost=0.475s ==========
attempt to swap Nb and Mg failed, dE=0.700eV, 
========== epoch=5396,  swap-257,  time cost=0.922s ==========
attempt to swap Mg and Nb succeeded, dE=-0.193eV, 
========== epoch=5401,  failed swap,  time cost=0.506s ==========
attempt to swap Nb and Mg failed, dE=1.070eV, 
========== epoch=5404,  failed swap,  time cost=0.511s ==========
attempt to swap Nb and Mg failed, dE=0.802eV, 
========== epoch=5406,  failed swap,  time cost=0.521s ==========
attempt to swap Mg and Nb failed, dE=0.347eV, 
========== epoch=5407,  failed swap,  time cost=0.738s ==========
attempt to swap Mg and Nb failed, dE=0.805eV, 
========== epoch=5409,  failed swap,  time cost=0.479s ==========
attempt to swap Mg and Nb failed, dE=0.281eV, 
========== epoch=5415,  failed swap,  time cost=0.523s ==========
attempt to swap Mg and Nb failed, dE=0.783eV, 
========== epoch=5416,  swap-258,  time cost=0.911s ==========
attempt to swap Mg and Nb succeeded, dE=-0.022eV, 
========== epoch=5417,  failed swap,  time cost=0.451s ==========
attempt to swap Mg and Nb failed, dE=0.458eV, 
========== epoch=5418,  failed swap,  time cost=0.519s ==========
attempt to swap Nb and Mg failed, dE=0.921eV, 
========== epoch=5420,  failed swap,  time cost=0.425s ==========
attempt to swap Nb and Mg failed, dE=0.150eV, 
========== epoch=5424,  failed swap,  time cost=0.473s ==========
attempt to swap Mg and Nb failed, dE=0.805eV, 
========== epoch=5429,  failed swap,  time cost=0.640s ==========
attempt to swap Mg and Nb failed, dE=0.691eV, 
========== epoch=5430,  failed swap,  time cost=0.668s ==========
attempt to swap Mg and Nb failed, dE=1.155eV, 
========== epoch=5433,  failed swap,  time cost=0.755s ==========
attempt to swap Mg and Nb failed, dE=1.019eV, 
========== epoch=5436,  failed swap,  time cost=0.864s ==========
attempt to swap Mg and Nb failed, dE=0.935eV, 
========== epoch=5437,  swap-259,  time cost=1.234s ==========
attempt to swap Mg and Nb succeeded, dE=0.020eV, 
========== epoch=5439,  failed swap,  time cost=0.585s ==========
attempt to swap Mg and Nb failed, dE=0.950eV, 
========== epoch=5440,  failed swap,  time cost=0.433s ==========
attempt to swap Mg and Nb failed, dE=0.155eV, 
========== epoch=5444,  failed swap,  time cost=1.086s ==========
attempt to swap Mg and Nb failed, dE=0.959eV, 
========== epoch=5459,  failed swap,  time cost=0.511s ==========
attempt to swap Nb and Mg failed, dE=1.152eV, 
========== epoch=5461,  failed swap,  time cost=0.567s ==========
attempt to swap Nb and Mg failed, dE=0.682eV, 
========== epoch=5464,  failed swap,  time cost=0.679s ==========
attempt to swap Mg and Nb failed, dE=0.299eV, 
========== epoch=5465,  failed swap,  time cost=0.404s ==========
attempt to swap Nb and Mg failed, dE=0.434eV, 
========== epoch=5467,  failed swap,  time cost=0.418s ==========
attempt to swap Nb and Mg failed, dE=0.624eV, 
========== epoch=5470,  failed swap,  time cost=0.422s ==========
attempt to swap Nb and Mg failed, dE=1.428eV, 
========== epoch=5473,  failed swap,  time cost=0.435s ==========
attempt to swap Nb and Mg failed, dE=0.440eV, 
========== epoch=5479,  swap-260,  time cost=0.925s ==========
attempt to swap Nb and Mg succeeded, dE=0.019eV, 
========== epoch=5480,  failed swap,  time cost=0.449s ==========
attempt to swap Mg and Nb failed, dE=0.363eV, 
========== epoch=5484,  failed swap,  time cost=0.351s ==========
attempt to swap Mg and Nb failed, dE=0.196eV, 
========== epoch=5486,  failed swap,  time cost=0.475s ==========
attempt to swap Nb and Mg failed, dE=1.141eV, 
========== epoch=5487,  failed swap,  time cost=0.711s ==========
attempt to swap Mg and Nb failed, dE=0.825eV, 
========== epoch=5489,  failed swap,  time cost=0.463s ==========
attempt to swap Mg and Nb failed, dE=0.739eV, 
========== epoch=5496,  failed swap,  time cost=0.643s ==========
attempt to swap Nb and Mg failed, dE=1.040eV, 
========== epoch=5502,  failed swap,  time cost=0.702s ==========
attempt to swap Nb and Mg failed, dE=0.835eV, 
========== epoch=5509,  failed swap,  time cost=0.753s ==========
attempt to swap Mg and Nb failed, dE=1.118eV, 
========== epoch=5511,  failed swap,  time cost=0.454s ==========
attempt to swap Mg and Nb failed, dE=0.230eV, 
========== epoch=5516,  failed swap,  time cost=0.597s ==========
attempt to swap Mg and Nb failed, dE=0.858eV, 
========== epoch=5521,  failed swap,  time cost=0.582s ==========
attempt to swap Nb and Mg failed, dE=0.980eV, 
========== epoch=5522,  failed swap,  time cost=0.466s ==========
attempt to swap Nb and Mg failed, dE=0.785eV, 
========== epoch=5523,  failed swap,  time cost=0.446s ==========
attempt to swap Mg and Nb failed, dE=0.812eV, 
========== epoch=5527,  failed swap,  time cost=0.681s ==========
attempt to swap Nb and Mg failed, dE=1.101eV, 
========== epoch=5528,  failed swap,  time cost=0.515s ==========
attempt to swap Nb and Mg failed, dE=0.813eV, 
========== epoch=5529,  failed swap,  time cost=0.772s ==========
attempt to swap Mg and Nb failed, dE=0.760eV, 
========== epoch=5535,  failed swap,  time cost=0.524s ==========
attempt to swap Mg and Nb failed, dE=0.737eV, 
========== epoch=5537,  failed swap,  time cost=0.498s ==========
attempt to swap Mg and Nb failed, dE=1.087eV, 
========== epoch=5544,  failed swap,  time cost=0.525s ==========
attempt to swap Mg and Nb failed, dE=0.997eV, 
========== epoch=5554,  failed swap,  time cost=0.463s ==========
attempt to swap Nb and Mg failed, dE=0.575eV, 
========== epoch=5555,  failed swap,  time cost=0.483s ==========
attempt to swap Mg and Nb failed, dE=0.292eV, 
========== epoch=5556,  failed swap,  time cost=0.453s ==========
attempt to swap Mg and Nb failed, dE=0.157eV, 
========== epoch=5559,  failed swap,  time cost=0.813s ==========
attempt to swap Nb and Mg failed, dE=0.194eV, 
========== epoch=5560,  failed swap,  time cost=0.713s ==========
attempt to swap Nb and Mg failed, dE=1.145eV, 
========== epoch=5561,  failed swap,  time cost=0.469s ==========
attempt to swap Nb and Mg failed, dE=0.188eV, 
========== epoch=5565,  failed swap,  time cost=0.537s ==========
attempt to swap Nb and Mg failed, dE=0.359eV, 
========== epoch=5570,  failed swap,  time cost=0.469s ==========
attempt to swap Mg and Nb failed, dE=1.067eV, 
========== epoch=5572,  failed swap,  time cost=0.603s ==========
attempt to swap Nb and Mg failed, dE=1.055eV, 
========== epoch=5573,  failed swap,  time cost=0.427s ==========
attempt to swap Mg and Nb failed, dE=0.255eV, 
========== epoch=5575,  failed swap,  time cost=0.539s ==========
attempt to swap Mg and Nb failed, dE=0.995eV, 
========== epoch=5576,  failed swap,  time cost=0.709s ==========
attempt to swap Nb and Mg failed, dE=0.784eV, 
========== epoch=5577,  failed swap,  time cost=0.534s ==========
attempt to swap Mg and Nb failed, dE=0.479eV, 
========== epoch=5580,  failed swap,  time cost=0.529s ==========
attempt to swap Nb and Mg failed, dE=1.446eV, 
========== epoch=5584,  failed swap,  time cost=0.921s ==========
attempt to swap Nb and Mg failed, dE=0.090eV, 
========== epoch=5586,  failed swap,  time cost=0.600s ==========
attempt to swap Nb and Mg failed, dE=0.774eV, 
========== epoch=5590,  failed swap,  time cost=0.544s ==========
attempt to swap Mg and Nb failed, dE=0.427eV, 
========== epoch=5591,  failed swap,  time cost=0.411s ==========
attempt to swap Mg and Nb failed, dE=0.921eV, 
========== epoch=5592,  failed swap,  time cost=0.418s ==========
attempt to swap Mg and Nb failed, dE=0.836eV, 
========== epoch=5593,  failed swap,  time cost=0.536s ==========
attempt to swap Nb and Mg failed, dE=1.380eV, 
========== epoch=5594,  failed swap,  time cost=0.498s ==========
attempt to swap Nb and Mg failed, dE=0.404eV, 
========== epoch=5600,  failed swap,  time cost=0.466s ==========
attempt to swap Mg and Nb failed, dE=1.150eV, 
========== epoch=5603,  failed swap,  time cost=0.513s ==========
attempt to swap Nb and Mg failed, dE=0.623eV, 
========== epoch=5604,  failed swap,  time cost=0.434s ==========
attempt to swap Mg and Nb failed, dE=0.292eV, 
========== epoch=5606,  failed swap,  time cost=0.543s ==========
attempt to swap Mg and Nb failed, dE=0.823eV, 
========== epoch=5609,  failed swap,  time cost=0.748s ==========
attempt to swap Nb and Mg failed, dE=1.105eV, 
========== epoch=5610,  failed swap,  time cost=0.710s ==========
attempt to swap Nb and Mg failed, dE=0.280eV, 
========== epoch=5611,  failed swap,  time cost=0.504s ==========
attempt to swap Nb and Mg failed, dE=1.056eV, 
========== epoch=5614,  failed swap,  time cost=0.489s ==========
attempt to swap Mg and Nb failed, dE=0.763eV, 
========== epoch=5615,  failed swap,  time cost=0.445s ==========
attempt to swap Mg and Nb failed, dE=0.602eV, 
========== epoch=5616,  failed swap,  time cost=0.415s ==========
attempt to swap Nb and Mg failed, dE=1.354eV, 
========== epoch=5617,  failed swap,  time cost=0.612s ==========
attempt to swap Mg and Nb failed, dE=0.163eV, 
========== epoch=5620,  failed swap,  time cost=0.370s ==========
attempt to swap Nb and Mg failed, dE=0.239eV, 
========== epoch=5623,  failed swap,  time cost=0.465s ==========
attempt to swap Mg and Nb failed, dE=0.369eV, 
========== epoch=5625,  failed swap,  time cost=0.570s ==========
attempt to swap Mg and Nb failed, dE=0.817eV, 
========== epoch=5627,  failed swap,  time cost=0.523s ==========
attempt to swap Mg and Nb failed, dE=1.153eV, 
========== epoch=5630,  failed swap,  time cost=0.517s ==========
attempt to swap Mg and Nb failed, dE=1.006eV, 
========== epoch=5631,  failed swap,  time cost=0.476s ==========
attempt to swap Mg and Nb failed, dE=0.425eV, 
========== epoch=5633,  failed swap,  time cost=0.687s ==========
attempt to swap Mg and Nb failed, dE=0.941eV, 
========== epoch=5639,  failed swap,  time cost=0.458s ==========
attempt to swap Nb and Mg failed, dE=0.919eV, 
========== epoch=5640,  failed swap,  time cost=0.497s ==========
attempt to swap Nb and Mg failed, dE=0.243eV, 
========== epoch=5641,  failed swap,  time cost=0.435s ==========
attempt to swap Nb and Mg failed, dE=0.780eV, 
========== epoch=5643,  failed swap,  time cost=0.374s ==========
attempt to swap Mg and Nb failed, dE=0.063eV, 
========== epoch=5658,  failed swap,  time cost=0.390s ==========
attempt to swap Nb and Mg failed, dE=0.386eV, 
========== epoch=5661,  failed swap,  time cost=0.430s ==========
attempt to swap Mg and Nb failed, dE=0.344eV, 
========== epoch=5662,  failed swap,  time cost=0.494s ==========
attempt to swap Mg and Nb failed, dE=0.823eV, 
========== epoch=5664,  failed swap,  time cost=1.080s ==========
attempt to swap Mg and Nb failed, dE=0.687eV, 
========== epoch=5669,  failed swap,  time cost=0.533s ==========
attempt to swap Nb and Mg failed, dE=0.350eV, 
========== epoch=5676,  failed swap,  time cost=0.588s ==========
attempt to swap Nb and Mg failed, dE=0.289eV, 
========== epoch=5680,  failed swap,  time cost=0.436s ==========
attempt to swap Mg and Nb failed, dE=1.116eV, 
========== epoch=5681,  failed swap,  time cost=0.446s ==========
attempt to swap Mg and Nb failed, dE=0.862eV, 
========== epoch=5682,  failed swap,  time cost=0.554s ==========
attempt to swap Mg and Nb failed, dE=0.297eV, 
========== epoch=5683,  failed swap,  time cost=0.609s ==========
attempt to swap Nb and Mg failed, dE=0.210eV, 
========== epoch=5685,  swap-261,  time cost=0.953s ==========
attempt to swap Mg and Nb succeeded, dE=-0.046eV, 
========== epoch=5688,  failed swap,  time cost=0.469s ==========
attempt to swap Mg and Nb failed, dE=1.141eV, 
========== epoch=5693,  failed swap,  time cost=0.467s ==========
attempt to swap Nb and Mg failed, dE=0.708eV, 
========== epoch=5694,  failed swap,  time cost=0.488s ==========
attempt to swap Mg and Nb failed, dE=0.993eV, 
========== epoch=5695,  failed swap,  time cost=0.684s ==========
attempt to swap Mg and Nb failed, dE=1.015eV, 
========== epoch=5711,  failed swap,  time cost=0.368s ==========
attempt to swap Mg and Nb failed, dE=0.407eV, 
========== epoch=5718,  failed swap,  time cost=0.469s ==========
attempt to swap Nb and Mg failed, dE=1.287eV, 
========== epoch=5723,  failed swap,  time cost=0.427s ==========
attempt to swap Mg and Nb failed, dE=0.837eV, 
========== epoch=5724,  failed swap,  time cost=0.564s ==========
attempt to swap Nb and Mg failed, dE=0.972eV, 
========== epoch=5727,  failed swap,  time cost=0.449s ==========
attempt to swap Nb and Mg failed, dE=0.675eV, 
========== epoch=5728,  failed swap,  time cost=0.471s ==========
attempt to swap Mg and Nb failed, dE=1.121eV, 
========== epoch=5730,  failed swap,  time cost=0.766s ==========
attempt to swap Mg and Nb failed, dE=1.067eV, 
========== epoch=5736,  failed swap,  time cost=0.573s ==========
attempt to swap Nb and Mg failed, dE=0.384eV, 
========== epoch=5737,  failed swap,  time cost=0.503s ==========
attempt to swap Mg and Nb failed, dE=0.241eV, 
========== epoch=5742,  failed swap,  time cost=0.554s ==========
attempt to swap Mg and Nb failed, dE=0.882eV, 
========== epoch=5743,  failed swap,  time cost=0.436s ==========
attempt to swap Mg and Nb failed, dE=0.311eV, 
========== epoch=5745,  failed swap,  time cost=0.592s ==========
attempt to swap Nb and Mg failed, dE=0.767eV, 
========== epoch=5746,  failed swap,  time cost=0.450s ==========
attempt to swap Mg and Nb failed, dE=1.123eV, 
========== epoch=5747,  failed swap,  time cost=0.405s ==========
attempt to swap Mg and Nb failed, dE=0.400eV, 
========== epoch=5752,  failed swap,  time cost=0.800s ==========
attempt to swap Mg and Nb failed, dE=0.911eV, 
========== epoch=5753,  failed swap,  time cost=0.433s ==========
attempt to swap Nb and Mg failed, dE=0.328eV, 
========== epoch=5755,  failed swap,  time cost=1.014s ==========
attempt to swap Nb and Mg failed, dE=0.912eV, 
========== epoch=5757,  failed swap,  time cost=0.571s ==========
attempt to swap Nb and Mg failed, dE=0.882eV, 
========== epoch=5758,  failed swap,  time cost=0.454s ==========
attempt to swap Mg and Nb failed, dE=0.400eV, 
========== epoch=5759,  failed swap,  time cost=0.848s ==========
attempt to swap Mg and Nb failed, dE=0.649eV, 
========== epoch=5761,  failed swap,  time cost=0.464s ==========
attempt to swap Nb and Mg failed, dE=1.146eV, 
========== epoch=5765,  failed swap,  time cost=0.708s ==========
attempt to swap Mg and Nb failed, dE=1.083eV, 
========== epoch=5767,  failed swap,  time cost=0.530s ==========
attempt to swap Mg and Nb failed, dE=1.137eV, 
========== epoch=5775,  failed swap,  time cost=0.435s ==========
attempt to swap Nb and Mg failed, dE=0.372eV, 
========== epoch=5778,  failed swap,  time cost=0.763s ==========
attempt to swap Nb and Mg failed, dE=0.178eV, 
========== epoch=5781,  failed swap,  time cost=0.671s ==========
attempt to swap Mg and Nb failed, dE=0.874eV, 
========== epoch=5787,  failed swap,  time cost=0.442s ==========
attempt to swap Nb and Mg failed, dE=1.049eV, 
========== epoch=5792,  failed swap,  time cost=0.482s ==========
attempt to swap Nb and Mg failed, dE=1.174eV, 
========== epoch=5796,  failed swap,  time cost=0.502s ==========
attempt to swap Nb and Mg failed, dE=0.747eV, 
========== epoch=5798,  failed swap,  time cost=0.520s ==========
attempt to swap Nb and Mg failed, dE=0.853eV, 
========== epoch=5807,  failed swap,  time cost=0.486s ==========
attempt to swap Mg and Nb failed, dE=0.993eV, 
========== epoch=5808,  swap-262,  time cost=1.078s ==========
attempt to swap Mg and Nb succeeded, dE=0.076eV, 
========== epoch=5809,  failed swap,  time cost=0.937s ==========
attempt to swap Nb and Mg failed, dE=0.322eV, 
========== epoch=5810,  failed swap,  time cost=0.882s ==========
attempt to swap Nb and Mg failed, dE=0.135eV, 
========== epoch=5817,  failed swap,  time cost=1.134s ==========
attempt to swap Mg and Nb failed, dE=1.289eV, 
========== epoch=5819,  swap-263,  time cost=0.933s ==========
attempt to swap Mg and Nb succeeded, dE=-0.111eV, 
========== epoch=5826,  failed swap,  time cost=0.539s ==========
attempt to swap Mg and Nb failed, dE=0.403eV, 
========== epoch=5830,  failed swap,  time cost=0.963s ==========
attempt to swap Mg and Nb failed, dE=1.276eV, 
========== epoch=5835,  failed swap,  time cost=0.601s ==========
attempt to swap Nb and Mg failed, dE=1.035eV, 
========== epoch=5837,  failed swap,  time cost=0.807s ==========
attempt to swap Nb and Mg failed, dE=0.954eV, 
========== epoch=5838,  failed swap,  time cost=0.363s ==========
attempt to swap Mg and Nb failed, dE=0.208eV, 
========== epoch=5839,  failed swap,  time cost=0.482s ==========
attempt to swap Mg and Nb failed, dE=0.916eV, 
========== epoch=5840,  failed swap,  time cost=0.563s ==========
attempt to swap Nb and Mg failed, dE=1.081eV, 
========== epoch=5847,  failed swap,  time cost=0.855s ==========
attempt to swap Nb and Mg failed, dE=0.909eV, 
========== epoch=5848,  failed swap,  time cost=0.464s ==========
attempt to swap Mg and Nb failed, dE=0.915eV, 
========== epoch=5849,  failed swap,  time cost=0.644s ==========
attempt to swap Mg and Nb failed, dE=1.131eV, 
========== epoch=5856,  failed swap,  time cost=0.542s ==========
attempt to swap Mg and Nb failed, dE=0.181eV, 
========== epoch=5859,  failed swap,  time cost=1.067s ==========
attempt to swap Nb and Mg failed, dE=0.846eV, 
========== epoch=5862,  failed swap,  time cost=0.441s ==========
attempt to swap Nb and Mg failed, dE=0.044eV, 
========== epoch=5866,  failed swap,  time cost=0.442s ==========
attempt to swap Mg and Nb failed, dE=0.292eV, 
========== epoch=5873,  swap-264,  time cost=1.125s ==========
attempt to swap Nb and Mg succeeded, dE=-0.099eV, 
========== epoch=5874,  failed swap,  time cost=0.612s ==========
attempt to swap Nb and Mg failed, dE=0.828eV, 
========== epoch=5875,  failed swap,  time cost=0.460s ==========
attempt to swap Mg and Nb failed, dE=0.243eV, 
========== epoch=5876,  failed swap,  time cost=0.716s ==========
attempt to swap Nb and Mg failed, dE=0.756eV, 
========== epoch=5879,  failed swap,  time cost=0.600s ==========
attempt to swap Mg and Nb failed, dE=0.873eV, 
========== epoch=5881,  failed swap,  time cost=0.796s ==========
attempt to swap Nb and Mg failed, dE=1.040eV, 
========== epoch=5884,  failed swap,  time cost=0.554s ==========
attempt to swap Mg and Nb failed, dE=0.718eV, 
========== epoch=5887,  failed swap,  time cost=0.636s ==========
attempt to swap Nb and Mg failed, dE=0.123eV, 
========== epoch=5889,  failed swap,  time cost=0.487s ==========
attempt to swap Nb and Mg failed, dE=1.098eV, 
========== epoch=5893,  failed swap,  time cost=0.488s ==========
attempt to swap Nb and Mg failed, dE=0.904eV, 
========== epoch=5894,  failed swap,  time cost=0.564s ==========
attempt to swap Mg and Nb failed, dE=0.089eV, 
========== epoch=5895,  failed swap,  time cost=0.427s ==========
attempt to swap Mg and Nb failed, dE=0.083eV, 
========== epoch=5897,  failed swap,  time cost=0.486s ==========
attempt to swap Nb and Mg failed, dE=0.663eV, 
========== epoch=5899,  failed swap,  time cost=0.413s ==========
attempt to swap Nb and Mg failed, dE=0.794eV, 
========== epoch=5903,  failed swap,  time cost=0.383s ==========
attempt to swap Mg and Nb failed, dE=0.092eV, 
========== epoch=5905,  swap-265,  time cost=0.923s ==========
attempt to swap Nb and Mg succeeded, dE=-0.107eV, 
========== epoch=5906,  failed swap,  time cost=0.505s ==========
attempt to swap Mg and Nb failed, dE=0.271eV, 
========== epoch=5910,  failed swap,  time cost=0.545s ==========
attempt to swap Nb and Mg failed, dE=0.948eV, 
========== epoch=5913,  failed swap,  time cost=0.457s ==========
attempt to swap Nb and Mg failed, dE=0.767eV, 
========== epoch=5921,  failed swap,  time cost=0.442s ==========
attempt to swap Mg and Nb failed, dE=0.317eV, 
========== epoch=5922,  failed swap,  time cost=0.465s ==========
attempt to swap Nb and Mg failed, dE=1.087eV, 
========== epoch=5923,  failed swap,  time cost=0.489s ==========
attempt to swap Nb and Mg failed, dE=1.013eV, 
========== epoch=5924,  failed swap,  time cost=0.764s ==========
attempt to swap Mg and Nb failed, dE=1.120eV, 
========== epoch=5930,  failed swap,  time cost=0.454s ==========
attempt to swap Mg and Nb failed, dE=1.274eV, 
========== epoch=5934,  failed swap,  time cost=0.458s ==========
attempt to swap Nb and Mg failed, dE=0.741eV, 
========== epoch=5938,  failed swap,  time cost=0.489s ==========
attempt to swap Mg and Nb failed, dE=0.314eV, 
========== epoch=5940,  failed swap,  time cost=0.445s ==========
attempt to swap Nb and Mg failed, dE=0.387eV, 
========== epoch=5941,  failed swap,  time cost=0.656s ==========
attempt to swap Mg and Nb failed, dE=1.306eV, 
========== epoch=5942,  failed swap,  time cost=0.497s ==========
attempt to swap Mg and Nb failed, dE=1.044eV, 
========== epoch=5945,  failed swap,  time cost=0.467s ==========
attempt to swap Nb and Mg failed, dE=0.168eV, 
========== epoch=5954,  failed swap,  time cost=0.720s ==========
attempt to swap Nb and Mg failed, dE=0.628eV, 
========== epoch=5958,  failed swap,  time cost=0.464s ==========
attempt to swap Mg and Nb failed, dE=1.112eV, 
========== epoch=5959,  failed swap,  time cost=0.545s ==========
attempt to swap Nb and Mg failed, dE=0.791eV, 
========== epoch=5965,  failed swap,  time cost=0.802s ==========
attempt to swap Nb and Mg failed, dE=1.130eV, 
========== epoch=5966,  failed swap,  time cost=0.421s ==========
attempt to swap Mg and Nb failed, dE=0.296eV, 
========== epoch=5969,  failed swap,  time cost=0.779s ==========
attempt to swap Mg and Nb failed, dE=0.716eV, 
========== epoch=5976,  failed swap,  time cost=0.669s ==========
attempt to swap Nb and Mg failed, dE=0.877eV, 
========== epoch=5979,  failed swap,  time cost=0.441s ==========
attempt to swap Mg and Nb failed, dE=0.437eV, 
========== epoch=5985,  failed swap,  time cost=0.376s ==========
attempt to swap Nb and Mg failed, dE=0.177eV, 
========== epoch=5986,  failed swap,  time cost=0.494s ==========
attempt to swap Nb and Mg failed, dE=0.826eV, 
========== epoch=5988,  failed swap,  time cost=0.625s ==========
attempt to swap Nb and Mg failed, dE=1.267eV, 
========== epoch=5991,  failed swap,  time cost=0.471s ==========
attempt to swap Nb and Mg failed, dE=1.108eV, 
========== epoch=5993,  failed swap,  time cost=0.779s ==========
attempt to swap Mg and Nb failed, dE=0.304eV, 
========== epoch=5995,  swap-266,  time cost=1.133s ==========
attempt to swap Nb and Mg succeeded, dE=-0.037eV, 
========== epoch=6000,  failed swap,  time cost=0.447s ==========
attempt to swap Mg and Nb failed, dE=0.309eV, 
========== epoch=6002,  swap-267,  time cost=1.072s ==========
attempt to swap Mg and Nb succeeded, dE=-0.299eV, 
========== epoch=6004,  failed swap,  time cost=0.572s ==========
attempt to swap Nb and Mg failed, dE=0.860eV, 
========== epoch=6005,  failed swap,  time cost=0.455s ==========
attempt to swap Nb and Mg failed, dE=1.040eV, 
========== epoch=6006,  failed swap,  time cost=0.460s ==========
attempt to swap Mg and Nb failed, dE=0.369eV, 
========== epoch=6009,  failed swap,  time cost=0.557s ==========
attempt to swap Nb and Mg failed, dE=1.375eV, 
========== epoch=6011,  failed swap,  time cost=0.434s ==========
attempt to swap Nb and Mg failed, dE=0.768eV, 
========== epoch=6014,  failed swap,  time cost=0.591s ==========
attempt to swap Nb and Mg failed, dE=0.780eV, 
========== epoch=6015,  failed swap,  time cost=0.769s ==========
attempt to swap Mg and Nb failed, dE=0.896eV, 
========== epoch=6017,  failed swap,  time cost=0.557s ==========
attempt to swap Mg and Nb failed, dE=0.788eV, 
========== epoch=6019,  failed swap,  time cost=0.503s ==========
attempt to swap Nb and Mg failed, dE=0.381eV, 
========== epoch=6020,  failed swap,  time cost=0.497s ==========
attempt to swap Mg and Nb failed, dE=0.792eV, 
========== epoch=6025,  failed swap,  time cost=0.510s ==========
attempt to swap Mg and Nb failed, dE=0.087eV, 
========== epoch=6026,  failed swap,  time cost=0.456s ==========
attempt to swap Mg and Nb failed, dE=0.329eV, 
========== epoch=6029,  failed swap,  time cost=0.518s ==========
attempt to swap Nb and Mg failed, dE=0.963eV, 
========== epoch=6031,  failed swap,  time cost=0.623s ==========
attempt to swap Nb and Mg failed, dE=0.777eV, 
========== epoch=6034,  failed swap,  time cost=0.702s ==========
attempt to swap Mg and Nb failed, dE=1.188eV, 
========== epoch=6035,  failed swap,  time cost=0.558s ==========
attempt to swap Nb and Mg failed, dE=1.008eV, 
========== epoch=6038,  swap-268,  time cost=1.885s ==========
attempt to swap Nb and Mg succeeded, dE=0.077eV, 
========== epoch=6045,  failed swap,  time cost=0.518s ==========
attempt to swap Nb and Mg failed, dE=1.325eV, 
========== epoch=6046,  swap-269,  time cost=0.918s ==========
attempt to swap Mg and Nb succeeded, dE=0.069eV, 
========== epoch=6049,  failed swap,  time cost=0.519s ==========
attempt to swap Nb and Mg failed, dE=0.405eV, 
========== epoch=6050,  failed swap,  time cost=0.437s ==========
attempt to swap Mg and Nb failed, dE=0.401eV, 
========== epoch=6051,  failed swap,  time cost=0.423s ==========
attempt to swap Nb and Mg failed, dE=0.420eV, 
========== epoch=6053,  failed swap,  time cost=0.459s ==========
attempt to swap Nb and Mg failed, dE=0.432eV, 
========== epoch=6059,  failed swap,  time cost=0.686s ==========
attempt to swap Mg and Nb failed, dE=1.173eV, 
========== epoch=6060,  failed swap,  time cost=0.469s ==========
attempt to swap Nb and Mg failed, dE=0.674eV, 
========== epoch=6061,  failed swap,  time cost=0.543s ==========
attempt to swap Nb and Mg failed, dE=0.724eV, 
========== epoch=6065,  failed swap,  time cost=0.783s ==========
attempt to swap Nb and Mg failed, dE=1.147eV, 
========== epoch=6067,  failed swap,  time cost=0.599s ==========
attempt to swap Mg and Nb failed, dE=0.974eV, 
========== epoch=6068,  failed swap,  time cost=0.452s ==========
attempt to swap Nb and Mg failed, dE=0.405eV, 
========== epoch=6069,  failed swap,  time cost=0.582s ==========
attempt to swap Nb and Mg failed, dE=1.061eV, 
========== epoch=6070,  failed swap,  time cost=0.594s ==========
attempt to swap Nb and Mg failed, dE=0.405eV, 
========== epoch=6078,  failed swap,  time cost=0.704s ==========
attempt to swap Nb and Mg failed, dE=0.933eV, 
========== epoch=6080,  failed swap,  time cost=0.487s ==========
attempt to swap Mg and Nb failed, dE=1.085eV, 
========== epoch=6083,  failed swap,  time cost=0.692s ==========
attempt to swap Mg and Nb failed, dE=0.921eV, 
========== epoch=6086,  failed swap,  time cost=1.182s ==========
attempt to swap Nb and Mg failed, dE=1.182eV, 
========== epoch=6087,  failed swap,  time cost=1.007s ==========
attempt to swap Mg and Nb failed, dE=0.096eV, 
========== epoch=6088,  failed swap,  time cost=0.744s ==========
attempt to swap Mg and Nb failed, dE=1.201eV, 
========== epoch=6107,  failed swap,  time cost=0.453s ==========
attempt to swap Mg and Nb failed, dE=1.035eV, 
========== epoch=6109,  failed swap,  time cost=0.531s ==========
attempt to swap Mg and Nb failed, dE=0.424eV, 
========== epoch=6110,  failed swap,  time cost=0.404s ==========
attempt to swap Nb and Mg failed, dE=0.317eV, 
========== epoch=6111,  failed swap,  time cost=0.444s ==========
attempt to swap Mg and Nb failed, dE=0.405eV, 
========== epoch=6114,  failed swap,  time cost=0.654s ==========
attempt to swap Nb and Mg failed, dE=0.286eV, 
========== epoch=6115,  failed swap,  time cost=0.561s ==========
attempt to swap Nb and Mg failed, dE=0.838eV, 
========== epoch=6118,  failed swap,  time cost=0.699s ==========
attempt to swap Nb and Mg failed, dE=0.462eV, 
========== epoch=6120,  failed swap,  time cost=0.809s ==========
attempt to swap Mg and Nb failed, dE=0.872eV, 
========== epoch=6131,  failed swap,  time cost=0.508s ==========
attempt to swap Mg and Nb failed, dE=0.416eV, 
========== epoch=6132,  failed swap,  time cost=0.516s ==========
attempt to swap Nb and Mg failed, dE=0.238eV, 
========== epoch=6134,  failed swap,  time cost=0.438s ==========
attempt to swap Nb and Mg failed, dE=1.060eV, 
========== epoch=6136,  failed swap,  time cost=0.492s ==========
attempt to swap Nb and Mg failed, dE=0.026eV, 
========== epoch=6137,  failed swap,  time cost=0.466s ==========
attempt to swap Nb and Mg failed, dE=1.085eV, 
========== epoch=6139,  failed swap,  time cost=0.532s ==========
attempt to swap Mg and Nb failed, dE=1.375eV, 
========== epoch=6141,  failed swap,  time cost=0.453s ==========
attempt to swap Mg and Nb failed, dE=0.962eV, 
========== epoch=6143,  failed swap,  time cost=0.612s ==========
attempt to swap Mg and Nb failed, dE=0.923eV, 
========== epoch=6144,  failed swap,  time cost=0.477s ==========
attempt to swap Mg and Nb failed, dE=1.062eV, 
========== epoch=6153,  failed swap,  time cost=0.854s ==========
attempt to swap Mg and Nb failed, dE=1.075eV, 
========== epoch=6154,  failed swap,  time cost=0.434s ==========
attempt to swap Mg and Nb failed, dE=0.367eV, 
========== epoch=6156,  failed swap,  time cost=0.690s ==========
attempt to swap Mg and Nb failed, dE=0.795eV, 
========== epoch=6159,  failed swap,  time cost=0.446s ==========
attempt to swap Mg and Nb failed, dE=0.737eV, 
========== epoch=6160,  failed swap,  time cost=0.383s ==========
attempt to swap Nb and Mg failed, dE=0.403eV, 
========== epoch=6162,  failed swap,  time cost=0.438s ==========
attempt to swap Mg and Nb failed, dE=1.085eV, 
========== epoch=6163,  failed swap,  time cost=0.495s ==========
attempt to swap Nb and Mg failed, dE=1.011eV, 
========== epoch=6164,  failed swap,  time cost=0.536s ==========
attempt to swap Mg and Nb failed, dE=1.140eV, 
========== epoch=6170,  failed swap,  time cost=0.372s ==========
attempt to swap Mg and Nb failed, dE=0.731eV, 
========== epoch=6172,  failed swap,  time cost=0.662s ==========
attempt to swap Mg and Nb failed, dE=1.173eV, 
========== epoch=6174,  failed swap,  time cost=0.451s ==========
attempt to swap Nb and Mg failed, dE=0.706eV, 
========== epoch=6178,  failed swap,  time cost=0.533s ==========
attempt to swap Mg and Nb failed, dE=1.123eV, 
========== epoch=6181,  failed swap,  time cost=0.377s ==========
attempt to swap Nb and Mg failed, dE=0.370eV, 
========== epoch=6187,  failed swap,  time cost=0.403s ==========
attempt to swap Nb and Mg failed, dE=0.293eV, 
========== epoch=6194,  failed swap,  time cost=0.517s ==========
attempt to swap Nb and Mg failed, dE=0.253eV, 
========== epoch=6195,  failed swap,  time cost=0.447s ==========
attempt to swap Nb and Mg failed, dE=1.050eV, 
========== epoch=6199,  failed swap,  time cost=1.121s ==========
attempt to swap Nb and Mg failed, dE=1.309eV, 
========== epoch=6205,  failed swap,  time cost=0.640s ==========
attempt to swap Mg and Nb failed, dE=0.880eV, 
========== epoch=6212,  failed swap,  time cost=0.457s ==========
attempt to swap Mg and Nb failed, dE=0.354eV, 
========== epoch=6215,  failed swap,  time cost=0.433s ==========
attempt to swap Mg and Nb failed, dE=0.589eV, 
========== epoch=6216,  failed swap,  time cost=0.472s ==========
attempt to swap Nb and Mg failed, dE=0.690eV, 
========== epoch=6220,  swap-270,  time cost=1.238s ==========
attempt to swap Nb and Mg succeeded, dE=-0.004eV, 
========== epoch=6221,  failed swap,  time cost=0.450s ==========
attempt to swap Mg and Nb failed, dE=0.356eV, 
========== epoch=6224,  failed swap,  time cost=0.476s ==========
attempt to swap Nb and Mg failed, dE=0.781eV, 
========== epoch=6228,  failed swap,  time cost=0.431s ==========
attempt to swap Nb and Mg failed, dE=1.382eV, 
========== epoch=6233,  failed swap,  time cost=0.414s ==========
attempt to swap Mg and Nb failed, dE=1.095eV, 
========== epoch=6244,  swap-271,  time cost=2.199s ==========
attempt to swap Mg and Nb succeeded, dE=-0.039eV, 
========== epoch=6247,  failed swap,  time cost=0.586s ==========
attempt to swap Nb and Mg failed, dE=1.092eV, 
========== epoch=6252,  failed swap,  time cost=0.431s ==========
attempt to swap Nb and Mg failed, dE=0.014eV, 
========== epoch=6253,  failed swap,  time cost=0.496s ==========
attempt to swap Nb and Mg failed, dE=1.182eV, 
========== epoch=6254,  failed swap,  time cost=0.862s ==========
attempt to swap Nb and Mg failed, dE=1.017eV, 
========== epoch=6255,  failed swap,  time cost=0.480s ==========
attempt to swap Mg and Nb failed, dE=1.037eV, 
========== epoch=6256,  failed swap,  time cost=0.513s ==========
attempt to swap Mg and Nb failed, dE=0.897eV, 
========== epoch=6258,  failed swap,  time cost=0.451s ==========
attempt to swap Nb and Mg failed, dE=1.071eV, 
========== epoch=6262,  swap-272,  time cost=1.443s ==========
attempt to swap Mg and Nb succeeded, dE=0.004eV, 
========== epoch=6265,  failed swap,  time cost=0.427s ==========
attempt to swap Mg and Nb failed, dE=1.122eV, 
========== epoch=6266,  failed swap,  time cost=0.756s ==========
attempt to swap Nb and Mg failed, dE=0.830eV, 
========== epoch=6269,  failed swap,  time cost=0.351s ==========
attempt to swap Mg and Nb failed, dE=0.444eV, 
========== epoch=6270,  failed swap,  time cost=0.614s ==========
attempt to swap Nb and Mg failed, dE=0.073eV, 
========== epoch=6272,  failed swap,  time cost=0.459s ==========
attempt to swap Mg and Nb failed, dE=0.186eV, 
========== epoch=6275,  failed swap,  time cost=0.463s ==========
attempt to swap Mg and Nb failed, dE=1.115eV, 
========== epoch=6279,  failed swap,  time cost=0.444s ==========
attempt to swap Nb and Mg failed, dE=0.798eV, 
========== epoch=6285,  failed swap,  time cost=0.426s ==========
attempt to swap Mg and Nb failed, dE=0.546eV, 
========== epoch=6290,  failed swap,  time cost=0.667s ==========
attempt to swap Nb and Mg failed, dE=0.829eV, 
========== epoch=6293,  failed swap,  time cost=0.529s ==========
attempt to swap Nb and Mg failed, dE=0.951eV, 
========== epoch=6294,  failed swap,  time cost=0.478s ==========
attempt to swap Mg and Nb failed, dE=1.244eV, 
========== epoch=6298,  failed swap,  time cost=0.524s ==========
attempt to swap Nb and Mg failed, dE=0.827eV, 
========== epoch=6299,  failed swap,  time cost=0.406s ==========
attempt to swap Mg and Nb failed, dE=0.242eV, 
========== epoch=6301,  failed swap,  time cost=0.526s ==========
attempt to swap Mg and Nb failed, dE=0.745eV, 
========== epoch=6303,  failed swap,  time cost=0.470s ==========
attempt to swap Nb and Mg failed, dE=1.096eV, 
========== epoch=6304,  failed swap,  time cost=0.473s ==========
attempt to swap Nb and Mg failed, dE=0.966eV, 
========== epoch=6306,  failed swap,  time cost=0.437s ==========
attempt to swap Nb and Mg failed, dE=1.244eV, 
========== epoch=6307,  failed swap,  time cost=0.507s ==========
attempt to swap Mg and Nb failed, dE=0.382eV, 
========== epoch=6315,  failed swap,  time cost=0.601s ==========
attempt to swap Nb and Mg failed, dE=0.736eV, 
========== epoch=6316,  failed swap,  time cost=0.586s ==========
attempt to swap Mg and Nb failed, dE=1.199eV, 
========== epoch=6324,  failed swap,  time cost=0.430s ==========
attempt to swap Mg and Nb failed, dE=0.400eV, 
========== epoch=6329,  failed swap,  time cost=0.434s ==========
attempt to swap Nb and Mg failed, dE=0.178eV, 
========== epoch=6332,  failed swap,  time cost=0.826s ==========
attempt to swap Mg and Nb failed, dE=1.023eV, 
========== epoch=6334,  failed swap,  time cost=0.606s ==========
attempt to swap Nb and Mg failed, dE=0.801eV, 
========== epoch=6337,  failed swap,  time cost=0.491s ==========
attempt to swap Nb and Mg failed, dE=1.009eV, 
========== epoch=6338,  failed swap,  time cost=0.442s ==========
attempt to swap Mg and Nb failed, dE=0.610eV, 
========== epoch=6348,  failed swap,  time cost=0.480s ==========
attempt to swap Mg and Nb failed, dE=0.187eV, 
========== epoch=6349,  failed swap,  time cost=0.707s ==========
attempt to swap Nb and Mg failed, dE=1.042eV, 
========== epoch=6353,  failed swap,  time cost=0.693s ==========
attempt to swap Nb and Mg failed, dE=1.273eV, 
========== epoch=6354,  failed swap,  time cost=0.489s ==========
attempt to swap Nb and Mg failed, dE=1.326eV, 
========== epoch=6356,  failed swap,  time cost=0.445s ==========
attempt to swap Mg and Nb failed, dE=0.372eV, 
========== epoch=6357,  failed swap,  time cost=0.407s ==========
attempt to swap Mg and Nb failed, dE=0.616eV, 
========== epoch=6359,  failed swap,  time cost=0.432s ==========
attempt to swap Nb and Mg failed, dE=0.897eV, 
========== epoch=6362,  failed swap,  time cost=0.464s ==========
attempt to swap Mg and Nb failed, dE=0.326eV, 
========== epoch=6363,  swap-273,  time cost=1.091s ==========
attempt to swap Mg and Nb succeeded, dE=-0.047eV, 
========== epoch=6366,  failed swap,  time cost=0.539s ==========
attempt to swap Mg and Nb failed, dE=0.876eV, 
========== epoch=6370,  failed swap,  time cost=0.738s ==========
attempt to swap Nb and Mg failed, dE=1.021eV, 
========== epoch=6371,  failed swap,  time cost=0.514s ==========
attempt to swap Mg and Nb failed, dE=0.309eV, 
========== epoch=6372,  failed swap,  time cost=0.457s ==========
attempt to swap Mg and Nb failed, dE=0.284eV, 
========== epoch=6373,  failed swap,  time cost=0.429s ==========
attempt to swap Nb and Mg failed, dE=1.117eV, 
========== epoch=6381,  swap-274,  time cost=1.087s ==========
attempt to swap Mg and Nb succeeded, dE=-0.027eV, 
========== epoch=6384,  failed swap,  time cost=0.616s ==========
attempt to swap Nb and Mg failed, dE=0.455eV, 
========== epoch=6386,  failed swap,  time cost=0.433s ==========
attempt to swap Nb and Mg failed, dE=0.368eV, 
========== epoch=6388,  failed swap,  time cost=0.629s ==========
attempt to swap Nb and Mg failed, dE=0.920eV, 
========== epoch=6390,  failed swap,  time cost=0.956s ==========
attempt to swap Mg and Nb failed, dE=1.041eV, 
========== epoch=6394,  failed swap,  time cost=0.424s ==========
attempt to swap Mg and Nb failed, dE=0.263eV, 
========== epoch=6395,  failed swap,  time cost=0.497s ==========
attempt to swap Mg and Nb failed, dE=1.044eV, 
========== epoch=6398,  failed swap,  time cost=0.857s ==========
attempt to swap Mg and Nb failed, dE=1.081eV, 
========== epoch=6400,  failed swap,  time cost=1.073s ==========
attempt to swap Mg and Nb failed, dE=0.335eV, 
========== epoch=6403,  failed swap,  time cost=0.774s ==========
attempt to swap Nb and Mg failed, dE=0.076eV, 
========== epoch=6404,  failed swap,  time cost=1.138s ==========
attempt to swap Mg and Nb failed, dE=1.086eV, 
========== epoch=6411,  failed swap,  time cost=0.486s ==========
attempt to swap Nb and Mg failed, dE=0.285eV, 
========== epoch=6412,  failed swap,  time cost=0.624s ==========
attempt to swap Mg and Nb failed, dE=0.826eV, 
========== epoch=6413,  failed swap,  time cost=0.449s ==========
attempt to swap Nb and Mg failed, dE=0.320eV, 
========== epoch=6415,  failed swap,  time cost=0.465s ==========
attempt to swap Mg and Nb failed, dE=0.634eV, 
========== epoch=6417,  failed swap,  time cost=0.618s ==========
attempt to swap Mg and Nb failed, dE=0.898eV, 
========== epoch=6421,  failed swap,  time cost=0.435s ==========
attempt to swap Nb and Mg failed, dE=0.468eV, 
========== epoch=6423,  failed swap,  time cost=0.531s ==========
attempt to swap Nb and Mg failed, dE=1.194eV, 
========== epoch=6424,  failed swap,  time cost=1.002s ==========
attempt to swap Mg and Nb failed, dE=1.358eV, 
========== epoch=6426,  failed swap,  time cost=0.440s ==========
attempt to swap Mg and Nb failed, dE=0.945eV, 
========== epoch=6428,  swap-275,  time cost=1.563s ==========
attempt to swap Mg and Nb succeeded, dE=-0.137eV, 
========== epoch=6429,  failed swap,  time cost=0.850s ==========
attempt to swap Nb and Mg failed, dE=1.167eV, 
========== epoch=6432,  failed swap,  time cost=0.478s ==========
attempt to swap Nb and Mg failed, dE=1.111eV, 
========== epoch=6437,  failed swap,  time cost=0.516s ==========
attempt to swap Mg and Nb failed, dE=1.001eV, 
========== epoch=6438,  failed swap,  time cost=0.817s ==========
attempt to swap Mg and Nb failed, dE=1.006eV, 
========== epoch=6440,  failed swap,  time cost=0.526s ==========
attempt to swap Mg and Nb failed, dE=0.831eV, 
========== epoch=6445,  failed swap,  time cost=0.504s ==========
attempt to swap Nb and Mg failed, dE=1.072eV, 
========== epoch=6452,  failed swap,  time cost=0.496s ==========
attempt to swap Mg and Nb failed, dE=0.123eV, 
========== epoch=6461,  failed swap,  time cost=0.485s ==========
attempt to swap Nb and Mg failed, dE=1.294eV, 
========== epoch=6463,  failed swap,  time cost=0.387s ==========
attempt to swap Mg and Nb failed, dE=0.211eV, 
========== epoch=6464,  failed swap,  time cost=0.464s ==========
attempt to swap Nb and Mg failed, dE=0.783eV, 
========== epoch=6467,  failed swap,  time cost=0.410s ==========
attempt to swap Mg and Nb failed, dE=0.280eV, 
========== epoch=6469,  failed swap,  time cost=0.558s ==========
attempt to swap Nb and Mg failed, dE=0.901eV, 
========== epoch=6471,  failed swap,  time cost=0.455s ==========
attempt to swap Nb and Mg failed, dE=1.016eV, 
========== epoch=6473,  failed swap,  time cost=0.667s ==========
attempt to swap Mg and Nb failed, dE=1.141eV, 
========== epoch=6476,  failed swap,  time cost=0.660s ==========
attempt to swap Nb and Mg failed, dE=1.062eV, 
========== epoch=6477,  failed swap,  time cost=0.464s ==========
attempt to swap Nb and Mg failed, dE=0.132eV, 
========== epoch=6480,  failed swap,  time cost=0.442s ==========
attempt to swap Nb and Mg failed, dE=1.178eV, 
========== epoch=6481,  failed swap,  time cost=0.515s ==========
attempt to swap Nb and Mg failed, dE=0.408eV, 
========== epoch=6485,  failed swap,  time cost=0.479s ==========
attempt to swap Nb and Mg failed, dE=0.119eV, 
========== epoch=6488,  failed swap,  time cost=0.634s ==========
attempt to swap Nb and Mg failed, dE=0.926eV, 
========== epoch=6493,  failed swap,  time cost=0.370s ==========
attempt to swap Mg and Nb failed, dE=0.408eV, 
========== epoch=6494,  failed swap,  time cost=0.417s ==========
attempt to swap Nb and Mg failed, dE=0.687eV, 
========== epoch=6497,  failed swap,  time cost=0.471s ==========
attempt to swap Nb and Mg failed, dE=0.309eV, 
========== epoch=6503,  failed swap,  time cost=0.572s ==========
attempt to swap Nb and Mg failed, dE=0.408eV, 
========== epoch=6505,  failed swap,  time cost=0.601s ==========
attempt to swap Mg and Nb failed, dE=0.899eV, 
========== epoch=6507,  failed swap,  time cost=0.519s ==========
attempt to swap Nb and Mg failed, dE=0.748eV, 
========== epoch=6509,  failed swap,  time cost=0.498s ==========
attempt to swap Nb and Mg failed, dE=1.099eV, 
========== epoch=6510,  failed swap,  time cost=0.523s ==========
attempt to swap Nb and Mg failed, dE=0.955eV, 
========== epoch=6511,  failed swap,  time cost=0.414s ==========
attempt to swap Mg and Nb failed, dE=0.381eV, 
========== epoch=6512,  failed swap,  time cost=0.411s ==========
attempt to swap Nb and Mg failed, dE=0.687eV, 
========== epoch=6513,  failed swap,  time cost=0.988s ==========
attempt to swap Mg and Nb failed, dE=1.054eV, 
========== epoch=6515,  failed swap,  time cost=0.654s ==========
attempt to swap Nb and Mg failed, dE=0.829eV, 
========== epoch=6516,  failed swap,  time cost=0.471s ==========
attempt to swap Mg and Nb failed, dE=0.958eV, 
========== epoch=6517,  failed swap,  time cost=0.452s ==========
attempt to swap Mg and Nb failed, dE=1.080eV, 
========== epoch=6518,  failed swap,  time cost=0.757s ==========
attempt to swap Mg and Nb failed, dE=0.661eV, 
========== epoch=6520,  failed swap,  time cost=0.490s ==========
attempt to swap Nb and Mg failed, dE=0.339eV, 
========== epoch=6523,  failed swap,  time cost=0.418s ==========
attempt to swap Mg and Nb failed, dE=0.856eV, 
========== epoch=6530,  failed swap,  time cost=0.612s ==========
attempt to swap Mg and Nb failed, dE=0.922eV, 
========== epoch=6531,  failed swap,  time cost=0.439s ==========
attempt to swap Nb and Mg failed, dE=0.406eV, 
========== epoch=6534,  failed swap,  time cost=0.456s ==========
attempt to swap Nb and Mg failed, dE=0.337eV, 
========== epoch=6538,  failed swap,  time cost=0.492s ==========
attempt to swap Nb and Mg failed, dE=0.887eV, 
========== epoch=6540,  failed swap,  time cost=0.408s ==========
attempt to swap Nb and Mg failed, dE=0.468eV, 
========== epoch=6541,  failed swap,  time cost=0.494s ==========
attempt to swap Nb and Mg failed, dE=0.406eV, 
========== epoch=6542,  failed swap,  time cost=0.448s ==========
attempt to swap Mg and Nb failed, dE=0.151eV, 
========== epoch=6546,  failed swap,  time cost=0.428s ==========
attempt to swap Mg and Nb failed, dE=1.124eV, 
========== epoch=6547,  failed swap,  time cost=0.514s ==========
attempt to swap Mg and Nb failed, dE=0.831eV, 
========== epoch=6554,  failed swap,  time cost=0.472s ==========
attempt to swap Mg and Nb failed, dE=1.157eV, 
========== epoch=6555,  failed swap,  time cost=0.634s ==========
attempt to swap Nb and Mg failed, dE=1.038eV, 
========== epoch=6556,  failed swap,  time cost=0.718s ==========
attempt to swap Mg and Nb failed, dE=0.832eV, 
========== epoch=6560,  failed swap,  time cost=0.661s ==========
attempt to swap Nb and Mg failed, dE=0.881eV, 
========== epoch=6566,  failed swap,  time cost=0.562s ==========
attempt to swap Mg and Nb failed, dE=0.873eV, 
========== epoch=6569,  failed swap,  time cost=0.479s ==========
attempt to swap Mg and Nb failed, dE=0.591eV, 
========== epoch=6570,  failed swap,  time cost=0.919s ==========
attempt to swap Mg and Nb failed, dE=1.125eV, 
========== epoch=6571,  failed swap,  time cost=0.491s ==========
attempt to swap Mg and Nb failed, dE=0.961eV, 
========== epoch=6574,  failed swap,  time cost=0.585s ==========
attempt to swap Nb and Mg failed, dE=1.072eV, 
========== epoch=6584,  failed swap,  time cost=0.638s ==========
attempt to swap Mg and Nb failed, dE=0.733eV, 
========== epoch=6586,  failed swap,  time cost=0.565s ==========
attempt to swap Nb and Mg failed, dE=0.545eV, 
========== epoch=6590,  failed swap,  time cost=0.550s ==========
attempt to swap Mg and Nb failed, dE=1.027eV, 
========== epoch=6595,  failed swap,  time cost=0.669s ==========
attempt to swap Nb and Mg failed, dE=0.912eV, 
========== epoch=6598,  failed swap,  time cost=0.554s ==========
attempt to swap Nb and Mg failed, dE=1.017eV, 
========== epoch=6599,  failed swap,  time cost=0.453s ==========
attempt to swap Nb and Mg failed, dE=0.357eV, 
========== epoch=6604,  failed swap,  time cost=0.735s ==========
attempt to swap Nb and Mg failed, dE=0.206eV, 
========== epoch=6609,  failed swap,  time cost=0.752s ==========
attempt to swap Nb and Mg failed, dE=0.881eV, 
========== epoch=6614,  failed swap,  time cost=0.859s ==========
attempt to swap Nb and Mg failed, dE=0.577eV, 
========== epoch=6621,  failed swap,  time cost=1.956s ==========
attempt to swap Mg and Nb failed, dE=0.299eV, 
========== epoch=6622,  failed swap,  time cost=0.947s ==========
attempt to swap Mg and Nb failed, dE=1.273eV, 
========== epoch=6625,  failed swap,  time cost=1.046s ==========
attempt to swap Nb and Mg failed, dE=1.023eV, 
========== epoch=6626,  failed swap,  time cost=0.715s ==========
attempt to swap Nb and Mg failed, dE=1.025eV, 
========== epoch=6627,  failed swap,  time cost=0.773s ==========
attempt to swap Nb and Mg failed, dE=1.221eV, 
========== epoch=6628,  failed swap,  time cost=0.453s ==========
attempt to swap Nb and Mg failed, dE=1.054eV, 
========== epoch=6631,  failed swap,  time cost=0.405s ==========
attempt to swap Nb and Mg failed, dE=0.373eV, 
========== epoch=6634,  failed swap,  time cost=0.436s ==========
attempt to swap Mg and Nb failed, dE=0.264eV, 
========== epoch=6648,  failed swap,  time cost=0.905s ==========
attempt to swap Mg and Nb failed, dE=1.517eV, 
========== epoch=6649,  failed swap,  time cost=0.387s ==========
attempt to swap Mg and Nb failed, dE=0.284eV, 
========== epoch=6651,  failed swap,  time cost=0.651s ==========
attempt to swap Mg and Nb failed, dE=0.378eV, 
========== epoch=6656,  failed swap,  time cost=0.514s ==========
attempt to swap Nb and Mg failed, dE=1.054eV, 
========== epoch=6661,  failed swap,  time cost=0.695s ==========
attempt to swap Mg and Nb failed, dE=1.197eV, 
========== epoch=6663,  failed swap,  time cost=0.486s ==========
attempt to swap Mg and Nb failed, dE=1.072eV, 
========== epoch=6667,  failed swap,  time cost=0.481s ==========
attempt to swap Mg and Nb failed, dE=1.017eV, 
========== epoch=6669,  failed swap,  time cost=0.659s ==========
attempt to swap Nb and Mg failed, dE=0.260eV, 
========== epoch=6671,  failed swap,  time cost=0.411s ==========
attempt to swap Nb and Mg failed, dE=0.320eV, 
========== epoch=6678,  failed swap,  time cost=0.586s ==========
attempt to swap Mg and Nb failed, dE=1.069eV, 
========== epoch=6679,  failed swap,  time cost=0.422s ==========
attempt to swap Mg and Nb failed, dE=0.297eV, 
========== epoch=6682,  failed swap,  time cost=1.714s ==========
attempt to swap Mg and Nb failed, dE=1.010eV, 
========== epoch=6686,  failed swap,  time cost=0.507s ==========
attempt to swap Nb and Mg failed, dE=1.064eV, 
========== epoch=6692,  failed swap,  time cost=0.794s ==========
attempt to swap Nb and Mg failed, dE=0.367eV, 
========== epoch=6696,  failed swap,  time cost=1.257s ==========
attempt to swap Mg and Nb failed, dE=1.221eV, 
========== epoch=6698,  failed swap,  time cost=0.527s ==========
attempt to swap Mg and Nb failed, dE=0.353eV, 
========== epoch=6715,  swap-276,  time cost=0.930s ==========
attempt to swap Nb and Mg succeeded, dE=0.041eV, 
========== epoch=6723,  failed swap,  time cost=0.749s ==========
attempt to swap Mg and Nb failed, dE=0.351eV, 
========== epoch=6725,  failed swap,  time cost=0.431s ==========
attempt to swap Mg and Nb failed, dE=0.268eV, 
========== epoch=6727,  failed swap,  time cost=0.431s ==========
attempt to swap Mg and Nb failed, dE=0.226eV, 
========== epoch=6730,  failed swap,  time cost=0.476s ==========
attempt to swap Nb and Mg failed, dE=0.150eV, 
========== epoch=6731,  failed swap,  time cost=0.518s ==========
attempt to swap Nb and Mg failed, dE=0.186eV, 
========== epoch=6732,  failed swap,  time cost=0.664s ==========
attempt to swap Mg and Nb failed, dE=0.397eV, 
========== epoch=6734,  failed swap,  time cost=0.783s ==========
attempt to swap Mg and Nb failed, dE=0.826eV, 
========== epoch=6736,  failed swap,  time cost=0.416s ==========
attempt to swap Mg and Nb failed, dE=0.218eV, 
========== epoch=6738,  failed swap,  time cost=0.667s ==========
attempt to swap Nb and Mg failed, dE=0.895eV, 
========== epoch=6741,  failed swap,  time cost=0.599s ==========
attempt to swap Nb and Mg failed, dE=0.884eV, 
========== epoch=6745,  failed swap,  time cost=0.760s ==========
attempt to swap Mg and Nb failed, dE=1.092eV, 
========== epoch=6752,  failed swap,  time cost=0.415s ==========
attempt to swap Nb and Mg failed, dE=0.213eV, 
========== epoch=6753,  failed swap,  time cost=0.441s ==========
attempt to swap Mg and Nb failed, dE=0.257eV, 
========== epoch=6756,  failed swap,  time cost=0.496s ==========
attempt to swap Mg and Nb failed, dE=0.322eV, 
========== epoch=6758,  failed swap,  time cost=0.465s ==========
attempt to swap Mg and Nb failed, dE=0.175eV, 
========== epoch=6760,  failed swap,  time cost=0.379s ==========
attempt to swap Mg and Nb failed, dE=0.134eV, 
========== epoch=6761,  failed swap,  time cost=0.417s ==========
attempt to swap Nb and Mg failed, dE=0.337eV, 
========== epoch=6768,  failed swap,  time cost=0.706s ==========
attempt to swap Mg and Nb failed, dE=0.887eV, 
========== epoch=6770,  failed swap,  time cost=0.549s ==========
attempt to swap Mg and Nb failed, dE=1.126eV, 
========== epoch=6771,  failed swap,  time cost=0.534s ==========
attempt to swap Mg and Nb failed, dE=0.345eV, 
========== epoch=6775,  failed swap,  time cost=0.541s ==========
attempt to swap Nb and Mg failed, dE=0.972eV, 
========== epoch=6776,  failed swap,  time cost=1.055s ==========
attempt to swap Mg and Nb failed, dE=1.202eV, 
========== epoch=6778,  failed swap,  time cost=0.576s ==========
attempt to swap Mg and Nb failed, dE=0.815eV, 
========== epoch=6783,  failed swap,  time cost=0.390s ==========
attempt to swap Mg and Nb failed, dE=1.084eV, 
========== epoch=6787,  failed swap,  time cost=0.645s ==========
attempt to swap Nb and Mg failed, dE=0.849eV, 
========== epoch=6789,  failed swap,  time cost=0.535s ==========
attempt to swap Nb and Mg failed, dE=1.094eV, 
========== epoch=6790,  failed swap,  time cost=0.421s ==========
attempt to swap Nb and Mg failed, dE=0.037eV, 
========== epoch=6792,  failed swap,  time cost=0.564s ==========
attempt to swap Mg and Nb failed, dE=1.147eV, 
========== epoch=6793,  failed swap,  time cost=0.633s ==========
attempt to swap Mg and Nb failed, dE=0.858eV, 
========== epoch=6794,  failed swap,  time cost=0.471s ==========
attempt to swap Nb and Mg failed, dE=0.240eV, 
========== epoch=6796,  failed swap,  time cost=0.436s ==========
attempt to swap Mg and Nb failed, dE=1.090eV, 
========== epoch=6799,  failed swap,  time cost=0.639s ==========
attempt to swap Mg and Nb failed, dE=0.891eV, 
========== epoch=6800,  failed swap,  time cost=0.940s ==========
attempt to swap Nb and Mg failed, dE=1.152eV, 
========== epoch=6801,  failed swap,  time cost=0.439s ==========
attempt to swap Mg and Nb failed, dE=0.303eV, 
========== epoch=6802,  failed swap,  time cost=0.646s ==========
attempt to swap Mg and Nb failed, dE=0.841eV, 
========== epoch=6804,  failed swap,  time cost=0.549s ==========
attempt to swap Mg and Nb failed, dE=1.021eV, 
========== epoch=6806,  failed swap,  time cost=0.603s ==========
attempt to swap Nb and Mg failed, dE=0.815eV, 
========== epoch=6807,  failed swap,  time cost=0.375s ==========
attempt to swap Mg and Nb failed, dE=0.293eV, 
========== epoch=6814,  swap-277,  time cost=0.999s ==========
attempt to swap Mg and Nb succeeded, dE=-0.015eV, 
========== epoch=6815,  failed swap,  time cost=0.851s ==========
attempt to swap Mg and Nb failed, dE=1.076eV, 
========== epoch=6820,  failed swap,  time cost=0.929s ==========
attempt to swap Nb and Mg failed, dE=1.262eV, 
========== epoch=6824,  failed swap,  time cost=0.334s ==========
attempt to swap Mg and Nb failed, dE=0.305eV, 
========== epoch=6826,  failed swap,  time cost=0.413s ==========
attempt to swap Nb and Mg failed, dE=0.914eV, 
========== epoch=6839,  failed swap,  time cost=0.420s ==========
attempt to swap Nb and Mg failed, dE=0.388eV, 
========== epoch=6842,  failed swap,  time cost=0.544s ==========
attempt to swap Nb and Mg failed, dE=0.242eV, 
========== epoch=6843,  failed swap,  time cost=0.472s ==========
attempt to swap Mg and Nb failed, dE=1.062eV, 
========== epoch=6844,  failed swap,  time cost=0.410s ==========
attempt to swap Mg and Nb failed, dE=0.779eV, 
========== epoch=6846,  failed swap,  time cost=0.576s ==========
attempt to swap Mg and Nb failed, dE=0.875eV, 
========== epoch=6851,  failed swap,  time cost=0.454s ==========
attempt to swap Nb and Mg failed, dE=0.011eV, 
========== epoch=6854,  failed swap,  time cost=0.721s ==========
attempt to swap Mg and Nb failed, dE=1.033eV, 
========== epoch=6857,  failed swap,  time cost=0.600s ==========
attempt to swap Mg and Nb failed, dE=1.151eV, 
========== epoch=6861,  failed swap,  time cost=0.410s ==========
attempt to swap Mg and Nb failed, dE=0.324eV, 
========== epoch=6862,  failed swap,  time cost=0.883s ==========
attempt to swap Mg and Nb failed, dE=1.007eV, 
========== epoch=6868,  failed swap,  time cost=0.755s ==========
attempt to swap Nb and Mg failed, dE=0.887eV, 
========== epoch=6870,  failed swap,  time cost=0.889s ==========
attempt to swap Nb and Mg failed, dE=1.061eV, 
========== epoch=6871,  failed swap,  time cost=0.498s ==========
attempt to swap Nb and Mg failed, dE=1.344eV, 
========== epoch=6872,  failed swap,  time cost=0.673s ==========
attempt to swap Mg and Nb failed, dE=0.580eV, 
========== epoch=6878,  failed swap,  time cost=0.505s ==========
attempt to swap Nb and Mg failed, dE=1.014eV, 
========== epoch=6879,  failed swap,  time cost=0.410s ==========
attempt to swap Mg and Nb failed, dE=1.088eV, 
========== epoch=6886,  swap-278,  time cost=0.838s ==========
attempt to swap Mg and Nb succeeded, dE=0.018eV, 
========== epoch=6888,  failed swap,  time cost=0.775s ==========
attempt to swap Nb and Mg failed, dE=1.025eV, 
========== epoch=6891,  failed swap,  time cost=0.399s ==========
attempt to swap Nb and Mg failed, dE=0.311eV, 
========== epoch=6892,  failed swap,  time cost=0.472s ==========
attempt to swap Mg and Nb failed, dE=0.312eV, 
========== epoch=6893,  failed swap,  time cost=0.416s ==========
attempt to swap Mg and Nb failed, dE=0.752eV, 
========== epoch=6899,  failed swap,  time cost=0.539s ==========
attempt to swap Mg and Nb failed, dE=1.057eV, 
========== epoch=6901,  failed swap,  time cost=0.498s ==========
attempt to swap Nb and Mg failed, dE=1.162eV, 
========== epoch=6902,  failed swap,  time cost=0.665s ==========
attempt to swap Mg and Nb failed, dE=0.884eV, 
========== epoch=6903,  failed swap,  time cost=0.350s ==========
attempt to swap Nb and Mg failed, dE=0.466eV, 
========== epoch=6906,  swap-279,  time cost=1.091s ==========
attempt to swap Mg and Nb succeeded, dE=-0.031eV, 
========== epoch=6907,  failed swap,  time cost=0.485s ==========
attempt to swap Mg and Nb failed, dE=0.963eV, 
========== epoch=6912,  failed swap,  time cost=0.455s ==========
attempt to swap Mg and Nb failed, dE=0.473eV, 
========== epoch=6924,  failed swap,  time cost=0.490s ==========
attempt to swap Mg and Nb failed, dE=1.261eV, 
========== epoch=6927,  failed swap,  time cost=0.454s ==========
attempt to swap Nb and Mg failed, dE=0.332eV, 
========== epoch=6931,  failed swap,  time cost=0.349s ==========
attempt to swap Mg and Nb failed, dE=0.341eV, 
========== epoch=6935,  failed swap,  time cost=0.446s ==========
attempt to swap Mg and Nb failed, dE=0.193eV, 
========== epoch=6937,  failed swap,  time cost=0.440s ==========
attempt to swap Nb and Mg failed, dE=0.338eV, 
========== epoch=6941,  failed swap,  time cost=0.406s ==========
attempt to swap Nb and Mg failed, dE=1.233eV, 
========== epoch=6942,  swap-280,  time cost=0.899s ==========
attempt to swap Nb and Mg succeeded, dE=0.045eV, 
========== epoch=6944,  failed swap,  time cost=0.774s ==========
attempt to swap Mg and Nb failed, dE=1.195eV, 
========== epoch=6954,  failed swap,  time cost=0.471s ==========
attempt to swap Mg and Nb failed, dE=0.707eV, 
========== epoch=6955,  failed swap,  time cost=0.671s ==========
attempt to swap Nb and Mg failed, dE=1.157eV, 
========== epoch=6957,  failed swap,  time cost=0.742s ==========
attempt to swap Mg and Nb failed, dE=1.049eV, 
========== epoch=6961,  failed swap,  time cost=0.675s ==========
attempt to swap Nb and Mg failed, dE=0.880eV, 
========== epoch=6962,  failed swap,  time cost=0.454s ==========
attempt to swap Mg and Nb failed, dE=1.089eV, 
========== epoch=6970,  failed swap,  time cost=0.447s ==========
attempt to swap Mg and Nb failed, dE=0.938eV, 
========== epoch=6975,  failed swap,  time cost=0.463s ==========
attempt to swap Nb and Mg failed, dE=0.467eV, 
========== epoch=6978,  failed swap,  time cost=0.527s ==========
attempt to swap Nb and Mg failed, dE=1.207eV, 
========== epoch=6979,  failed swap,  time cost=0.432s ==========
attempt to swap Nb and Mg failed, dE=1.019eV, 
========== epoch=6981,  failed swap,  time cost=0.490s ==========
attempt to swap Nb and Mg failed, dE=1.160eV, 
========== epoch=6985,  failed swap,  time cost=0.483s ==========
attempt to swap Mg and Nb failed, dE=0.675eV, 
========== epoch=6986,  failed swap,  time cost=0.497s ==========
attempt to swap Mg and Nb failed, dE=0.719eV, 
========== epoch=6987,  failed swap,  time cost=0.416s ==========
attempt to swap Nb and Mg failed, dE=0.692eV, 
========== epoch=6988,  failed swap,  time cost=0.397s ==========
attempt to swap Nb and Mg failed, dE=0.354eV, 
========== epoch=6989,  failed swap,  time cost=0.374s ==========
attempt to swap Mg and Nb failed, dE=0.324eV, 
========== epoch=6991,  failed swap,  time cost=0.570s ==========
attempt to swap Nb and Mg failed, dE=1.145eV, 
========== epoch=6993,  failed swap,  time cost=0.490s ==========
attempt to swap Mg and Nb failed, dE=1.089eV, 
========== epoch=6996,  failed swap,  time cost=0.360s ==========
attempt to swap Mg and Nb failed, dE=0.823eV, 
========== epoch=6997,  failed swap,  time cost=0.434s ==========
attempt to swap Nb and Mg failed, dE=0.343eV, 
========== epoch=7000,  failed swap,  time cost=0.486s ==========
attempt to swap Nb and Mg failed, dE=0.637eV, 
========== epoch=7004,  failed swap,  time cost=0.694s ==========
attempt to swap Mg and Nb failed, dE=0.801eV, 
========== epoch=7006,  failed swap,  time cost=0.468s ==========
attempt to swap Mg and Nb failed, dE=0.882eV, 
========== epoch=7008,  failed swap,  time cost=0.453s ==========
attempt to swap Nb and Mg failed, dE=0.699eV, 
========== epoch=7010,  failed swap,  time cost=0.474s ==========
attempt to swap Mg and Nb failed, dE=1.019eV, 
========== epoch=7011,  failed swap,  time cost=0.444s ==========
attempt to swap Mg and Nb failed, dE=0.310eV, 
========== epoch=7015,  failed swap,  time cost=0.410s ==========
attempt to swap Mg and Nb failed, dE=1.266eV, 
========== epoch=7016,  failed swap,  time cost=0.446s ==========
attempt to swap Mg and Nb failed, dE=1.038eV, 
========== epoch=7034,  failed swap,  time cost=0.513s ==========
attempt to swap Nb and Mg failed, dE=0.314eV, 
========== epoch=7036,  swap-281,  time cost=1.153s ==========
attempt to swap Mg and Nb succeeded, dE=-0.110eV, 
========== epoch=7039,  failed swap,  time cost=0.681s ==========
attempt to swap Mg and Nb failed, dE=0.909eV, 
========== epoch=7051,  failed swap,  time cost=0.457s ==========
attempt to swap Mg and Nb failed, dE=0.219eV, 
========== epoch=7053,  failed swap,  time cost=0.436s ==========
attempt to swap Mg and Nb failed, dE=0.230eV, 
========== epoch=7056,  failed swap,  time cost=0.427s ==========
attempt to swap Mg and Nb failed, dE=0.461eV, 
========== epoch=7060,  failed swap,  time cost=0.394s ==========
attempt to swap Nb and Mg failed, dE=0.326eV, 
========== epoch=7064,  failed swap,  time cost=0.477s ==========
attempt to swap Mg and Nb failed, dE=1.102eV, 
========== epoch=7068,  failed swap,  time cost=0.596s ==========
attempt to swap Mg and Nb failed, dE=1.392eV, 
========== epoch=7075,  failed swap,  time cost=0.770s ==========
attempt to swap Nb and Mg failed, dE=1.104eV, 
========== epoch=7077,  failed swap,  time cost=0.453s ==========
attempt to swap Nb and Mg failed, dE=0.282eV, 
========== epoch=7078,  failed swap,  time cost=0.437s ==========
attempt to swap Nb and Mg failed, dE=1.162eV, 
========== epoch=7081,  failed swap,  time cost=0.499s ==========
attempt to swap Nb and Mg failed, dE=0.566eV, 
========== epoch=7084,  failed swap,  time cost=0.455s ==========
attempt to swap Mg and Nb failed, dE=0.873eV, 
========== epoch=7097,  failed swap,  time cost=0.530s ==========
attempt to swap Mg and Nb failed, dE=0.473eV, 
========== epoch=7102,  failed swap,  time cost=0.359s ==========
attempt to swap Mg and Nb failed, dE=0.317eV, 
========== epoch=7103,  failed swap,  time cost=0.736s ==========
attempt to swap Nb and Mg failed, dE=1.428eV, 
========== epoch=7109,  failed swap,  time cost=0.446s ==========
attempt to swap Mg and Nb failed, dE=0.414eV, 
========== epoch=7110,  failed swap,  time cost=0.642s ==========
attempt to swap Nb and Mg failed, dE=0.893eV, 
========== epoch=7113,  failed swap,  time cost=0.596s ==========
attempt to swap Nb and Mg failed, dE=0.898eV, 
========== epoch=7114,  failed swap,  time cost=0.493s ==========
attempt to swap Nb and Mg failed, dE=0.147eV, 
========== epoch=7115,  failed swap,  time cost=0.478s ==========
attempt to swap Mg and Nb failed, dE=1.124eV, 
========== epoch=7116,  failed swap,  time cost=0.632s ==========
attempt to swap Nb and Mg failed, dE=0.926eV, 
========== epoch=7118,  failed swap,  time cost=0.360s ==========
attempt to swap Nb and Mg failed, dE=0.307eV, 
========== epoch=7123,  failed swap,  time cost=0.593s ==========
attempt to swap Mg and Nb failed, dE=0.748eV, 
========== epoch=7126,  failed swap,  time cost=0.535s ==========
attempt to swap Nb and Mg failed, dE=1.266eV, 
========== epoch=7127,  failed swap,  time cost=0.988s ==========
attempt to swap Mg and Nb failed, dE=1.135eV, 
========== epoch=7128,  failed swap,  time cost=0.361s ==========
attempt to swap Nb and Mg failed, dE=0.378eV, 
========== epoch=7129,  failed swap,  time cost=0.460s ==========
attempt to swap Mg and Nb failed, dE=1.249eV, 
========== epoch=7131,  failed swap,  time cost=0.710s ==========
attempt to swap Mg and Nb failed, dE=0.897eV, 
========== epoch=7132,  failed swap,  time cost=0.613s ==========
attempt to swap Mg and Nb failed, dE=1.106eV, 
========== epoch=7133,  failed swap,  time cost=0.432s ==========
attempt to swap Mg and Nb failed, dE=0.375eV, 
========== epoch=7134,  failed swap,  time cost=0.420s ==========
attempt to swap Nb and Mg failed, dE=0.508eV, 
========== epoch=7136,  failed swap,  time cost=0.506s ==========
attempt to swap Mg and Nb failed, dE=0.876eV, 
========== epoch=7139,  failed swap,  time cost=0.350s ==========
attempt to swap Mg and Nb failed, dE=0.131eV, 
========== epoch=7140,  failed swap,  time cost=0.585s ==========
attempt to swap Mg and Nb failed, dE=1.229eV, 
========== epoch=7146,  failed swap,  time cost=0.471s ==========
attempt to swap Mg and Nb failed, dE=1.004eV, 
========== epoch=7149,  failed swap,  time cost=0.671s ==========
attempt to swap Mg and Nb failed, dE=0.846eV, 
========== epoch=7153,  swap-282,  time cost=1.751s ==========
attempt to swap Mg and Nb succeeded, dE=-0.166eV, 
========== epoch=7154,  failed swap,  time cost=0.498s ==========
attempt to swap Nb and Mg failed, dE=0.285eV, 
========== epoch=7156,  failed swap,  time cost=0.806s ==========
attempt to swap Nb and Mg failed, dE=0.884eV, 
========== epoch=7158,  failed swap,  time cost=0.482s ==========
attempt to swap Mg and Nb failed, dE=1.055eV, 
========== epoch=7164,  failed swap,  time cost=0.660s ==========
attempt to swap Mg and Nb failed, dE=0.887eV, 
========== epoch=7166,  failed swap,  time cost=0.447s ==========
attempt to swap Mg and Nb failed, dE=0.262eV, 
========== epoch=7179,  failed swap,  time cost=0.767s ==========
attempt to swap Nb and Mg failed, dE=0.332eV, 
========== epoch=7183,  failed swap,  time cost=0.447s ==========
attempt to swap Mg and Nb failed, dE=1.144eV, 
========== epoch=7188,  failed swap,  time cost=0.495s ==========
attempt to swap Mg and Nb failed, dE=0.736eV, 
========== epoch=7194,  failed swap,  time cost=0.561s ==========
attempt to swap Mg and Nb failed, dE=0.905eV, 
========== epoch=7195,  failed swap,  time cost=0.536s ==========
attempt to swap Mg and Nb failed, dE=0.788eV, 
========== epoch=7198,  failed swap,  time cost=0.463s ==========
attempt to swap Nb and Mg failed, dE=1.152eV, 
========== epoch=7203,  failed swap,  time cost=0.488s ==========
attempt to swap Mg and Nb failed, dE=0.091eV, 
========== epoch=7206,  failed swap,  time cost=0.658s ==========
attempt to swap Mg and Nb failed, dE=0.857eV, 
========== epoch=7210,  failed swap,  time cost=0.440s ==========
attempt to swap Nb and Mg failed, dE=0.522eV, 
========== epoch=7217,  failed swap,  time cost=0.415s ==========
attempt to swap Nb and Mg failed, dE=0.708eV, 
========== epoch=7218,  failed swap,  time cost=0.499s ==========
attempt to swap Mg and Nb failed, dE=0.143eV, 
========== epoch=7221,  failed swap,  time cost=0.425s ==========
attempt to swap Mg and Nb failed, dE=1.168eV, 
========== epoch=7225,  failed swap,  time cost=0.486s ==========
attempt to swap Nb and Mg failed, dE=0.378eV, 
========== epoch=7228,  failed swap,  time cost=0.435s ==========
attempt to swap Mg and Nb failed, dE=1.145eV, 
========== epoch=7230,  failed swap,  time cost=0.415s ==========
attempt to swap Nb and Mg failed, dE=0.641eV, 
========== epoch=7238,  failed swap,  time cost=0.566s ==========
attempt to swap Mg and Nb failed, dE=1.188eV, 
========== epoch=7245,  failed swap,  time cost=0.406s ==========
attempt to swap Mg and Nb failed, dE=0.624eV, 
========== epoch=7246,  failed swap,  time cost=0.422s ==========
attempt to swap Nb and Mg failed, dE=0.238eV, 
========== epoch=7256,  failed swap,  time cost=0.468s ==========
attempt to swap Nb and Mg failed, dE=0.393eV, 
========== epoch=7260,  failed swap,  time cost=0.588s ==========
attempt to swap Nb and Mg failed, dE=1.317eV, 
========== epoch=7262,  failed swap,  time cost=0.479s ==========
attempt to swap Nb and Mg failed, dE=0.845eV, 
========== epoch=7270,  failed swap,  time cost=0.417s ==========
attempt to swap Mg and Nb failed, dE=0.315eV, 
========== epoch=7272,  failed swap,  time cost=0.450s ==========
attempt to swap Mg and Nb failed, dE=1.401eV, 
========== epoch=7277,  failed swap,  time cost=0.403s ==========
attempt to swap Nb and Mg failed, dE=1.001eV, 
========== epoch=7280,  failed swap,  time cost=0.495s ==========
attempt to swap Nb and Mg failed, dE=1.189eV, 
========== epoch=7281,  failed swap,  time cost=0.481s ==========
attempt to swap Nb and Mg failed, dE=0.169eV, 
========== epoch=7285,  failed swap,  time cost=0.645s ==========
attempt to swap Nb and Mg failed, dE=0.990eV, 
========== epoch=7287,  failed swap,  time cost=0.593s ==========
attempt to swap Mg and Nb failed, dE=1.237eV, 
========== epoch=7292,  failed swap,  time cost=0.461s ==========
attempt to swap Nb and Mg failed, dE=0.195eV, 
========== epoch=7293,  failed swap,  time cost=0.543s ==========
attempt to swap Mg and Nb failed, dE=0.905eV, 
========== epoch=7297,  failed swap,  time cost=0.438s ==========
attempt to swap Nb and Mg failed, dE=1.194eV, 
========== epoch=7301,  failed swap,  time cost=0.594s ==========
attempt to swap Nb and Mg failed, dE=1.110eV, 
========== epoch=7308,  failed swap,  time cost=0.434s ==========
attempt to swap Nb and Mg failed, dE=0.918eV, 
========== epoch=7310,  failed swap,  time cost=0.442s ==========
attempt to swap Nb and Mg failed, dE=1.028eV, 
========== epoch=7311,  failed swap,  time cost=0.409s ==========
attempt to swap Mg and Nb failed, dE=1.208eV, 
========== epoch=7327,  failed swap,  time cost=0.399s ==========
attempt to swap Mg and Nb failed, dE=0.286eV, 
========== epoch=7328,  failed swap,  time cost=0.442s ==========
attempt to swap Mg and Nb failed, dE=0.875eV, 
========== epoch=7338,  failed swap,  time cost=0.383s ==========
attempt to swap Mg and Nb failed, dE=0.115eV, 
========== epoch=7345,  failed swap,  time cost=0.353s ==========
attempt to swap Nb and Mg failed, dE=0.215eV, 
========== epoch=7347,  failed swap,  time cost=0.397s ==========
attempt to swap Mg and Nb failed, dE=0.674eV, 
========== epoch=7348,  failed swap,  time cost=0.327s ==========
attempt to swap Nb and Mg failed, dE=0.333eV, 
========== epoch=7355,  failed swap,  time cost=0.388s ==========
attempt to swap Nb and Mg failed, dE=0.355eV, 
========== epoch=7359,  failed swap,  time cost=0.392s ==========
attempt to swap Mg and Nb failed, dE=0.368eV, 
========== epoch=7361,  failed swap,  time cost=0.372s ==========
attempt to swap Mg and Nb failed, dE=0.522eV, 
========== epoch=7362,  failed swap,  time cost=0.381s ==========
attempt to swap Mg and Nb failed, dE=0.285eV, 
========== epoch=7364,  failed swap,  time cost=0.751s ==========
attempt to swap Nb and Mg failed, dE=1.014eV, 
========== epoch=7366,  failed swap,  time cost=0.511s ==========
attempt to swap Nb and Mg failed, dE=0.458eV, 
========== epoch=7375,  failed swap,  time cost=0.526s ==========
attempt to swap Mg and Nb failed, dE=0.934eV, 
========== epoch=7383,  failed swap,  time cost=0.443s ==========
attempt to swap Mg and Nb failed, dE=0.143eV, 
========== epoch=7390,  failed swap,  time cost=0.424s ==========
attempt to swap Nb and Mg failed, dE=0.869eV, 
========== epoch=7399,  failed swap,  time cost=0.553s ==========
attempt to swap Nb and Mg failed, dE=1.228eV, 
========== epoch=7406,  swap-283,  time cost=2.087s ==========
attempt to swap Nb and Mg succeeded, dE=-0.042eV, 
========== epoch=7409,  failed swap,  time cost=0.422s ==========
attempt to swap Nb and Mg failed, dE=0.879eV, 
========== epoch=7410,  failed swap,  time cost=0.424s ==========
attempt to swap Nb and Mg failed, dE=0.927eV, 
========== epoch=7412,  failed swap,  time cost=0.464s ==========
attempt to swap Mg and Nb failed, dE=1.086eV, 
========== epoch=7414,  failed swap,  time cost=0.501s ==========
attempt to swap Nb and Mg failed, dE=1.221eV, 
========== epoch=7416,  failed swap,  time cost=0.490s ==========
attempt to swap Mg and Nb failed, dE=0.329eV, 
========== epoch=7420,  failed swap,  time cost=0.829s ==========
attempt to swap Nb and Mg failed, dE=1.117eV, 
========== epoch=7422,  failed swap,  time cost=0.525s ==========
attempt to swap Nb and Mg failed, dE=0.832eV, 
========== epoch=7426,  swap-284,  time cost=1.055s ==========
attempt to swap Mg and Nb succeeded, dE=0.028eV, 
========== epoch=7429,  failed swap,  time cost=0.879s ==========
attempt to swap Nb and Mg failed, dE=1.055eV, 
========== epoch=7432,  failed swap,  time cost=0.485s ==========
attempt to swap Nb and Mg failed, dE=0.397eV, 
========== epoch=7436,  failed swap,  time cost=0.464s ==========
attempt to swap Nb and Mg failed, dE=1.142eV, 
========== epoch=7437,  failed swap,  time cost=0.502s ==========
attempt to swap Nb and Mg failed, dE=1.080eV, 
========== epoch=7439,  failed swap,  time cost=0.486s ==========
attempt to swap Nb and Mg failed, dE=0.871eV, 
========== epoch=7446,  failed swap,  time cost=0.487s ==========
attempt to swap Nb and Mg failed, dE=0.099eV, 
========== epoch=7448,  failed swap,  time cost=0.488s ==========
attempt to swap Nb and Mg failed, dE=0.894eV, 
========== epoch=7455,  failed swap,  time cost=0.535s ==========
attempt to swap Nb and Mg failed, dE=0.846eV, 
========== epoch=7456,  failed swap,  time cost=0.774s ==========
attempt to swap Nb and Mg failed, dE=1.183eV, 
========== epoch=7458,  failed swap,  time cost=0.507s ==========
attempt to swap Mg and Nb failed, dE=0.950eV, 
========== epoch=7460,  failed swap,  time cost=0.549s ==========
attempt to swap Nb and Mg failed, dE=1.146eV, 
========== epoch=7467,  failed swap,  time cost=0.569s ==========
attempt to swap Nb and Mg failed, dE=0.874eV, 
========== epoch=7472,  failed swap,  time cost=0.434s ==========
attempt to swap Nb and Mg failed, dE=1.160eV, 
========== epoch=7479,  failed swap,  time cost=0.496s ==========
attempt to swap Nb and Mg failed, dE=1.187eV, 
========== epoch=7480,  failed swap,  time cost=0.445s ==========
attempt to swap Mg and Nb failed, dE=1.352eV, 
========== epoch=7481,  failed swap,  time cost=0.491s ==========
attempt to swap Mg and Nb failed, dE=0.326eV, 
========== epoch=7484,  failed swap,  time cost=0.762s ==========
attempt to swap Nb and Mg failed, dE=1.189eV, 
========== epoch=7486,  failed swap,  time cost=0.414s ==========
attempt to swap Mg and Nb failed, dE=0.589eV, 
========== epoch=7491,  failed swap,  time cost=0.382s ==========
attempt to swap Mg and Nb failed, dE=0.385eV, 
========== epoch=7493,  failed swap,  time cost=0.508s ==========
attempt to swap Nb and Mg failed, dE=1.171eV, 
========== epoch=7497,  swap-285,  time cost=2.251s ==========
attempt to swap Mg and Nb succeeded, dE=-0.006eV, 
========== epoch=7498,  failed swap,  time cost=0.448s ==========
attempt to swap Mg and Nb failed, dE=0.311eV, 
========== epoch=7499,  failed swap,  time cost=0.723s ==========
attempt to swap Mg and Nb failed, dE=1.436eV, 
========== epoch=7500,  failed swap,  time cost=0.343s ==========
attempt to swap Nb and Mg failed, dE=0.354eV, 
========== epoch=7509,  failed swap,  time cost=0.435s ==========
attempt to swap Mg and Nb failed, dE=0.388eV, 
========== epoch=7510,  failed swap,  time cost=0.512s ==========
attempt to swap Nb and Mg failed, dE=0.482eV, 
========== epoch=7512,  failed swap,  time cost=0.445s ==========
attempt to swap Nb and Mg failed, dE=1.245eV, 
========== epoch=7521,  failed swap,  time cost=0.350s ==========
attempt to swap Mg and Nb failed, dE=0.250eV, 
========== epoch=7522,  failed swap,  time cost=0.369s ==========
attempt to swap Nb and Mg failed, dE=0.760eV, 
========== epoch=7529,  failed swap,  time cost=0.452s ==========
attempt to swap Mg and Nb failed, dE=0.985eV, 
========== epoch=7531,  failed swap,  time cost=0.826s ==========
attempt to swap Nb and Mg failed, dE=1.142eV, 
========== epoch=7535,  swap-286,  time cost=0.953s ==========
attempt to swap Nb and Mg succeeded, dE=0.079eV, 
========== epoch=7537,  failed swap,  time cost=0.494s ==========
attempt to swap Mg and Nb failed, dE=0.987eV, 
========== epoch=7539,  failed swap,  time cost=0.847s ==========
attempt to swap Mg and Nb failed, dE=1.042eV, 
========== epoch=7540,  failed swap,  time cost=0.553s ==========
attempt to swap Nb and Mg failed, dE=0.858eV, 
========== epoch=7543,  failed swap,  time cost=0.481s ==========
attempt to swap Mg and Nb failed, dE=0.120eV, 
========== epoch=7545,  failed swap,  time cost=0.648s ==========
attempt to swap Nb and Mg failed, dE=0.886eV, 
========== epoch=7548,  failed swap,  time cost=0.824s ==========
attempt to swap Nb and Mg failed, dE=1.135eV, 
========== epoch=7553,  failed swap,  time cost=0.540s ==========
attempt to swap Nb and Mg failed, dE=1.147eV, 
========== epoch=7556,  failed swap,  time cost=0.401s ==========
attempt to swap Nb and Mg failed, dE=0.275eV, 
========== epoch=7558,  failed swap,  time cost=0.715s ==========
attempt to swap Mg and Nb failed, dE=0.830eV, 
========== epoch=7560,  failed swap,  time cost=0.454s ==========
attempt to swap Nb and Mg failed, dE=0.232eV, 
========== epoch=7561,  failed swap,  time cost=0.403s ==========
attempt to swap Nb and Mg failed, dE=0.152eV, 
========== epoch=7572,  failed swap,  time cost=0.438s ==========
attempt to swap Nb and Mg failed, dE=1.486eV, 
========== epoch=7580,  failed swap,  time cost=0.498s ==========
attempt to swap Mg and Nb failed, dE=0.845eV, 
========== epoch=7584,  failed swap,  time cost=0.792s ==========
attempt to swap Mg and Nb failed, dE=1.154eV, 
========== epoch=7595,  failed swap,  time cost=0.358s ==========
attempt to swap Nb and Mg failed, dE=0.706eV, 
========== epoch=7596,  failed swap,  time cost=0.475s ==========
attempt to swap Mg and Nb failed, dE=0.234eV, 
========== epoch=7602,  failed swap,  time cost=0.516s ==========
attempt to swap Mg and Nb failed, dE=1.381eV, 
========== epoch=7606,  failed swap,  time cost=0.587s ==========
attempt to swap Nb and Mg failed, dE=0.744eV, 
========== epoch=7607,  failed swap,  time cost=0.782s ==========
attempt to swap Nb and Mg failed, dE=1.096eV, 
========== epoch=7608,  failed swap,  time cost=0.549s ==========
attempt to swap Mg and Nb failed, dE=0.386eV, 
========== epoch=7613,  failed swap,  time cost=0.449s ==========
attempt to swap Mg and Nb failed, dE=1.319eV, 
========== epoch=7617,  failed swap,  time cost=0.594s ==========
attempt to swap Mg and Nb failed, dE=0.883eV, 
========== epoch=7618,  failed swap,  time cost=0.534s ==========
attempt to swap Mg and Nb failed, dE=0.822eV, 
========== epoch=7619,  swap-287,  time cost=1.327s ==========
attempt to swap Nb and Mg succeeded, dE=0.188eV, 
========== epoch=7620,  failed swap,  time cost=0.534s ==========
attempt to swap Mg and Nb failed, dE=1.197eV, 
========== epoch=7621,  failed swap,  time cost=0.539s ==========
attempt to swap Mg and Nb failed, dE=1.010eV, 
========== epoch=7627,  failed swap,  time cost=0.443s ==========
attempt to swap Nb and Mg failed, dE=0.564eV, 
========== epoch=7628,  failed swap,  time cost=0.481s ==========
attempt to swap Mg and Nb failed, dE=1.313eV, 
========== epoch=7637,  failed swap,  time cost=0.947s ==========
attempt to swap Mg and Nb failed, dE=1.093eV, 
========== epoch=7638,  failed swap,  time cost=0.595s ==========
attempt to swap Nb and Mg failed, dE=1.072eV, 
========== epoch=7640,  failed swap,  time cost=0.428s ==========
attempt to swap Mg and Nb failed, dE=0.343eV, 
========== epoch=7642,  failed swap,  time cost=0.604s ==========
attempt to swap Nb and Mg failed, dE=0.964eV, 
========== epoch=7643,  failed swap,  time cost=0.594s ==========
attempt to swap Mg and Nb failed, dE=0.857eV, 
========== epoch=7651,  failed swap,  time cost=0.578s ==========
attempt to swap Nb and Mg failed, dE=1.082eV, 
========== epoch=7653,  failed swap,  time cost=0.378s ==========
attempt to swap Nb and Mg failed, dE=0.241eV, 
========== epoch=7657,  failed swap,  time cost=0.588s ==========
attempt to swap Mg and Nb failed, dE=1.289eV, 
========== epoch=7664,  failed swap,  time cost=0.418s ==========
attempt to swap Nb and Mg failed, dE=1.125eV, 
========== epoch=7670,  failed swap,  time cost=0.928s ==========
attempt to swap Mg and Nb failed, dE=1.086eV, 
========== epoch=7674,  failed swap,  time cost=0.486s ==========
attempt to swap Nb and Mg failed, dE=0.606eV, 
========== epoch=7679,  failed swap,  time cost=0.928s ==========
attempt to swap Nb and Mg failed, dE=1.315eV, 
========== epoch=7682,  failed swap,  time cost=0.529s ==========
attempt to swap Mg and Nb failed, dE=1.361eV, 
========== epoch=7683,  failed swap,  time cost=0.513s ==========
attempt to swap Mg and Nb failed, dE=1.127eV, 
========== epoch=7685,  failed swap,  time cost=0.587s ==========
attempt to swap Nb and Mg failed, dE=0.271eV, 
========== epoch=7689,  failed swap,  time cost=0.678s ==========
attempt to swap Nb and Mg failed, dE=0.887eV, 
========== epoch=7691,  failed swap,  time cost=0.480s ==========
attempt to swap Mg and Nb failed, dE=0.770eV, 
========== epoch=7692,  failed swap,  time cost=0.643s ==========
attempt to swap Nb and Mg failed, dE=0.854eV, 
========== epoch=7693,  failed swap,  time cost=0.477s ==========
attempt to swap Nb and Mg failed, dE=0.950eV, 
========== epoch=7696,  failed swap,  time cost=0.563s ==========
attempt to swap Mg and Nb failed, dE=0.249eV, 
========== epoch=7697,  failed swap,  time cost=0.465s ==========
attempt to swap Nb and Mg failed, dE=1.008eV, 
========== epoch=7699,  failed swap,  time cost=0.440s ==========
attempt to swap Nb and Mg failed, dE=1.065eV, 
========== epoch=7700,  failed swap,  time cost=0.380s ==========
attempt to swap Nb and Mg failed, dE=0.344eV, 
========== epoch=7701,  failed swap,  time cost=0.586s ==========
attempt to swap Nb and Mg failed, dE=0.951eV, 
========== epoch=7704,  failed swap,  time cost=0.539s ==========
attempt to swap Mg and Nb failed, dE=1.160eV, 
========== epoch=7710,  failed swap,  time cost=0.518s ==========
attempt to swap Mg and Nb failed, dE=0.808eV, 
========== epoch=7712,  failed swap,  time cost=0.399s ==========
attempt to swap Mg and Nb failed, dE=0.320eV, 
========== epoch=7716,  failed swap,  time cost=0.430s ==========
attempt to swap Mg and Nb failed, dE=0.198eV, 
========== epoch=7717,  failed swap,  time cost=0.798s ==========
attempt to swap Mg and Nb failed, dE=0.753eV, 
========== epoch=7723,  failed swap,  time cost=0.592s ==========
attempt to swap Mg and Nb failed, dE=0.866eV, 
========== epoch=7729,  failed swap,  time cost=0.457s ==========
attempt to swap Nb and Mg failed, dE=1.082eV, 
========== epoch=7737,  failed swap,  time cost=0.595s ==========
attempt to swap Mg and Nb failed, dE=0.572eV, 
========== epoch=7743,  failed swap,  time cost=0.806s ==========
attempt to swap Mg and Nb failed, dE=1.191eV, 
========== epoch=7744,  failed swap,  time cost=0.573s ==========
attempt to swap Mg and Nb failed, dE=0.360eV, 
========== epoch=7747,  failed swap,  time cost=0.608s ==========
attempt to swap Nb and Mg failed, dE=0.866eV, 
========== epoch=7749,  failed swap,  time cost=0.447s ==========
attempt to swap Nb and Mg failed, dE=1.181eV, 
========== epoch=7760,  failed swap,  time cost=0.472s ==========
attempt to swap Mg and Nb failed, dE=0.391eV, 
========== epoch=7761,  failed swap,  time cost=0.466s ==========
attempt to swap Nb and Mg failed, dE=1.313eV, 
========== epoch=7762,  failed swap,  time cost=0.534s ==========
attempt to swap Nb and Mg failed, dE=0.942eV, 
========== epoch=7765,  failed swap,  time cost=0.483s ==========
attempt to swap Mg and Nb failed, dE=1.112eV, 
========== epoch=7770,  failed swap,  time cost=0.525s ==========
attempt to swap Mg and Nb failed, dE=0.905eV, 
========== epoch=7771,  failed swap,  time cost=0.543s ==========
attempt to swap Mg and Nb failed, dE=0.855eV, 
========== epoch=7773,  failed swap,  time cost=0.450s ==========
attempt to swap Mg and Nb failed, dE=1.101eV, 
========== epoch=7783,  failed swap,  time cost=0.751s ==========
attempt to swap Nb and Mg failed, dE=0.432eV, 
========== epoch=7786,  swap-288,  time cost=0.971s ==========
attempt to swap Nb and Mg succeeded, dE=-0.283eV, 
========== epoch=7788,  failed swap,  time cost=0.919s ==========
attempt to swap Mg and Nb failed, dE=1.205eV, 
========== epoch=7793,  failed swap,  time cost=0.703s ==========
attempt to swap Mg and Nb failed, dE=0.861eV, 
========== epoch=7794,  failed swap,  time cost=0.459s ==========
attempt to swap Mg and Nb failed, dE=1.027eV, 
========== epoch=7796,  failed swap,  time cost=0.489s ==========
attempt to swap Mg and Nb failed, dE=0.938eV, 
========== epoch=7800,  failed swap,  time cost=0.566s ==========
attempt to swap Mg and Nb failed, dE=0.992eV, 
========== epoch=7801,  failed swap,  time cost=0.556s ==========
attempt to swap Mg and Nb failed, dE=1.026eV, 
========== epoch=7805,  failed swap,  time cost=0.410s ==========
attempt to swap Nb and Mg failed, dE=0.672eV, 
========== epoch=7813,  failed swap,  time cost=0.570s ==========
attempt to swap Nb and Mg failed, dE=0.315eV, 
========== epoch=7814,  failed swap,  time cost=0.394s ==========
attempt to swap Mg and Nb failed, dE=0.232eV, 
========== epoch=7815,  failed swap,  time cost=0.412s ==========
attempt to swap Nb and Mg failed, dE=0.431eV, 
========== epoch=7819,  failed swap,  time cost=0.427s ==========
attempt to swap Nb and Mg failed, dE=0.893eV, 
========== epoch=7820,  failed swap,  time cost=0.431s ==========
attempt to swap Mg and Nb failed, dE=1.124eV, 
========== epoch=7822,  failed swap,  time cost=0.730s ==========
attempt to swap Mg and Nb failed, dE=0.915eV, 
========== epoch=7824,  swap-289,  time cost=0.932s ==========
attempt to swap Nb and Mg succeeded, dE=0.255eV, 
========== epoch=7827,  failed swap,  time cost=0.490s ==========
attempt to swap Nb and Mg failed, dE=0.824eV, 
========== epoch=7831,  failed swap,  time cost=0.465s ==========
attempt to swap Nb and Mg failed, dE=0.871eV, 
========== epoch=7833,  failed swap,  time cost=0.498s ==========
attempt to swap Mg and Nb failed, dE=1.172eV, 
========== epoch=7834,  failed swap,  time cost=0.459s ==========
attempt to swap Nb and Mg failed, dE=0.031eV, 
========== epoch=7839,  failed swap,  time cost=0.459s ==========
attempt to swap Mg and Nb failed, dE=0.173eV, 
========== epoch=7840,  failed swap,  time cost=0.533s ==========
attempt to swap Mg and Nb failed, dE=1.030eV, 
========== epoch=7843,  failed swap,  time cost=0.400s ==========
attempt to swap Nb and Mg failed, dE=0.518eV, 
========== epoch=7845,  failed swap,  time cost=0.457s ==========
attempt to swap Nb and Mg failed, dE=0.854eV, 
========== epoch=7847,  failed swap,  time cost=0.684s ==========
attempt to swap Nb and Mg failed, dE=0.340eV, 
========== epoch=7848,  failed swap,  time cost=0.493s ==========
attempt to swap Mg and Nb failed, dE=1.291eV, 
========== epoch=7849,  failed swap,  time cost=0.521s ==========
attempt to swap Mg and Nb failed, dE=0.824eV, 
========== epoch=7861,  failed swap,  time cost=0.702s ==========
attempt to swap Nb and Mg failed, dE=1.069eV, 
========== epoch=7864,  failed swap,  time cost=0.414s ==========
attempt to swap Nb and Mg failed, dE=0.594eV, 
========== epoch=7871,  failed swap,  time cost=0.397s ==========
attempt to swap Mg and Nb failed, dE=0.293eV, 
========== epoch=7884,  failed swap,  time cost=0.582s ==========
attempt to swap Nb and Mg failed, dE=0.257eV, 
========== epoch=7885,  failed swap,  time cost=0.406s ==========
attempt to swap Mg and Nb failed, dE=0.892eV, 
========== epoch=7888,  failed swap,  time cost=0.484s ==========
attempt to swap Nb and Mg failed, dE=0.179eV, 
========== epoch=7890,  failed swap,  time cost=0.452s ==========
attempt to swap Mg and Nb failed, dE=1.249eV, 
========== epoch=7892,  failed swap,  time cost=0.475s ==========
attempt to swap Nb and Mg failed, dE=0.884eV, 
========== epoch=7893,  failed swap,  time cost=0.418s ==========
attempt to swap Nb and Mg failed, dE=0.536eV, 
========== epoch=7894,  failed swap,  time cost=0.538s ==========
attempt to swap Mg and Nb failed, dE=1.056eV, 
========== epoch=7897,  failed swap,  time cost=0.443s ==========
attempt to swap Nb and Mg failed, dE=0.897eV, 
========== epoch=7899,  failed swap,  time cost=0.464s ==========
attempt to swap Mg and Nb failed, dE=1.444eV, 
========== epoch=7900,  failed swap,  time cost=0.482s ==========
attempt to swap Nb and Mg failed, dE=0.847eV, 
========== epoch=7902,  failed swap,  time cost=0.446s ==========
attempt to swap Nb and Mg failed, dE=1.130eV, 
========== epoch=7906,  failed swap,  time cost=0.650s ==========
attempt to swap Nb and Mg failed, dE=0.152eV, 
========== epoch=7907,  failed swap,  time cost=0.362s ==========
attempt to swap Mg and Nb failed, dE=0.339eV, 
========== epoch=7909,  failed swap,  time cost=0.439s ==========
attempt to swap Nb and Mg failed, dE=0.169eV, 
========== epoch=7911,  failed swap,  time cost=0.715s ==========
attempt to swap Nb and Mg failed, dE=1.147eV, 
========== epoch=7914,  failed swap,  time cost=0.427s ==========
attempt to swap Mg and Nb failed, dE=0.854eV, 
========== epoch=7915,  failed swap,  time cost=0.493s ==========
attempt to swap Nb and Mg failed, dE=1.138eV, 
========== epoch=7917,  failed swap,  time cost=0.339s ==========
attempt to swap Mg and Nb failed, dE=0.428eV, 
========== epoch=7919,  failed swap,  time cost=0.395s ==========
attempt to swap Mg and Nb failed, dE=0.385eV, 
========== epoch=7920,  failed swap,  time cost=0.929s ==========
attempt to swap Nb and Mg failed, dE=0.911eV, 
========== epoch=7921,  failed swap,  time cost=0.435s ==========
attempt to swap Nb and Mg failed, dE=0.395eV, 
========== epoch=7922,  failed swap,  time cost=0.324s ==========
attempt to swap Mg and Nb failed, dE=0.149eV, 
========== epoch=7925,  failed swap,  time cost=0.600s ==========
attempt to swap Mg and Nb failed, dE=1.036eV, 
========== epoch=7926,  failed swap,  time cost=0.375s ==========
attempt to swap Mg and Nb failed, dE=0.196eV, 
========== epoch=7927,  failed swap,  time cost=0.407s ==========
attempt to swap Mg and Nb failed, dE=1.101eV, 
========== epoch=7929,  failed swap,  time cost=0.322s ==========
attempt to swap Nb and Mg failed, dE=0.323eV, 
========== epoch=7930,  failed swap,  time cost=0.424s ==========
attempt to swap Nb and Mg failed, dE=0.679eV, 
========== epoch=7936,  failed swap,  time cost=0.484s ==========
attempt to swap Nb and Mg failed, dE=0.956eV, 
========== epoch=7940,  failed swap,  time cost=0.661s ==========
attempt to swap Mg and Nb failed, dE=0.904eV, 
========== epoch=7942,  failed swap,  time cost=0.472s ==========
attempt to swap Mg and Nb failed, dE=1.156eV, 
========== epoch=7943,  failed swap,  time cost=0.443s ==========
attempt to swap Nb and Mg failed, dE=0.488eV, 
========== epoch=7945,  failed swap,  time cost=0.512s ==========
attempt to swap Nb and Mg failed, dE=0.357eV, 
========== epoch=7946,  failed swap,  time cost=0.406s ==========
attempt to swap Mg and Nb failed, dE=0.156eV, 
========== epoch=7949,  failed swap,  time cost=0.528s ==========
attempt to swap Mg and Nb failed, dE=0.846eV, 
========== epoch=7950,  failed swap,  time cost=0.362s ==========
attempt to swap Mg and Nb failed, dE=0.854eV, 
========== epoch=7952,  failed swap,  time cost=0.469s ==========
attempt to swap Nb and Mg failed, dE=0.775eV, 
========== epoch=7960,  failed swap,  time cost=0.453s ==========
attempt to swap Nb and Mg failed, dE=0.603eV, 
========== epoch=7962,  failed swap,  time cost=0.372s ==========
attempt to swap Mg and Nb failed, dE=0.284eV, 
========== epoch=7963,  failed swap,  time cost=0.443s ==========
attempt to swap Mg and Nb failed, dE=0.185eV, 
========== epoch=7965,  failed swap,  time cost=0.473s ==========
attempt to swap Nb and Mg failed, dE=0.602eV, 
========== epoch=7967,  failed swap,  time cost=0.367s ==========
attempt to swap Nb and Mg failed, dE=0.189eV, 
========== epoch=7968,  failed swap,  time cost=0.438s ==========
attempt to swap Nb and Mg failed, dE=1.026eV, 
========== epoch=7970,  failed swap,  time cost=0.432s ==========
attempt to swap Mg and Nb failed, dE=1.118eV, 
========== epoch=7974,  failed swap,  time cost=0.411s ==========
attempt to swap Nb and Mg failed, dE=1.065eV, 
========== epoch=7978,  failed swap,  time cost=0.667s ==========
attempt to swap Nb and Mg failed, dE=0.608eV, 
========== epoch=7980,  failed swap,  time cost=0.463s ==========
attempt to swap Nb and Mg failed, dE=1.208eV, 
========== epoch=7985,  failed swap,  time cost=0.425s ==========
attempt to swap Mg and Nb failed, dE=0.250eV, 
========== epoch=7986,  failed swap,  time cost=0.506s ==========
attempt to swap Mg and Nb failed, dE=0.344eV, 
========== epoch=7989,  failed swap,  time cost=0.865s ==========
attempt to swap Nb and Mg failed, dE=1.180eV, 
========== epoch=7991,  failed swap,  time cost=0.498s ==========
attempt to swap Mg and Nb failed, dE=0.401eV, 
========== epoch=7993,  failed swap,  time cost=0.571s ==========
attempt to swap Nb and Mg failed, dE=1.112eV, 
========== epoch=8000,  failed swap,  time cost=0.436s ==========
attempt to swap Mg and Nb failed, dE=0.386eV, 
========== epoch=8001,  failed swap,  time cost=0.505s ==========
attempt to swap Mg and Nb failed, dE=0.985eV, 
========== epoch=8006,  failed swap,  time cost=0.477s ==========
attempt to swap Mg and Nb failed, dE=1.121eV, 
========== epoch=8009,  failed swap,  time cost=0.339s ==========
attempt to swap Mg and Nb failed, dE=0.196eV, 
========== epoch=8015,  failed swap,  time cost=0.484s ==========
attempt to swap Mg and Nb failed, dE=1.121eV, 
========== epoch=8020,  failed swap,  time cost=0.515s ==========
attempt to swap Nb and Mg failed, dE=0.985eV, 
========== epoch=8023,  failed swap,  time cost=0.770s ==========
attempt to swap Nb and Mg failed, dE=1.183eV, 
========== epoch=8025,  failed swap,  time cost=0.403s ==========
attempt to swap Nb and Mg failed, dE=1.433eV, 
========== epoch=8030,  swap-290,  time cost=1.107s ==========
attempt to swap Nb and Mg succeeded, dE=-0.022eV, 
========== epoch=8034,  failed swap,  time cost=0.402s ==========
attempt to swap Mg and Nb failed, dE=0.150eV, 
========== epoch=8038,  failed swap,  time cost=0.363s ==========
attempt to swap Nb and Mg failed, dE=0.383eV, 
========== epoch=8039,  failed swap,  time cost=0.505s ==========
attempt to swap Mg and Nb failed, dE=0.739eV, 
========== epoch=8048,  failed swap,  time cost=0.509s ==========
attempt to swap Mg and Nb failed, dE=1.281eV, 
========== epoch=8050,  failed swap,  time cost=0.460s ==========
attempt to swap Nb and Mg failed, dE=0.382eV, 
========== epoch=8051,  failed swap,  time cost=0.412s ==========
attempt to swap Nb and Mg failed, dE=0.357eV, 
========== epoch=8052,  failed swap,  time cost=0.496s ==========
attempt to swap Mg and Nb failed, dE=0.849eV, 
========== epoch=8054,  failed swap,  time cost=0.362s ==========
attempt to swap Mg and Nb failed, dE=0.388eV, 
========== epoch=8059,  failed swap,  time cost=0.645s ==========
attempt to swap Mg and Nb failed, dE=1.032eV, 
========== epoch=8060,  swap-291,  time cost=1.032s ==========
attempt to swap Mg and Nb succeeded, dE=0.099eV, 
========== epoch=8061,  failed swap,  time cost=0.485s ==========
attempt to swap Mg and Nb failed, dE=0.243eV, 
========== epoch=8064,  failed swap,  time cost=0.484s ==========
attempt to swap Mg and Nb failed, dE=0.810eV, 
========== epoch=8065,  failed swap,  time cost=0.557s ==========
attempt to swap Nb and Mg failed, dE=0.902eV, 
========== epoch=8069,  failed swap,  time cost=0.508s ==========
attempt to swap Nb and Mg failed, dE=0.554eV, 
========== epoch=8071,  failed swap,  time cost=0.494s ==========
attempt to swap Mg and Nb failed, dE=1.179eV, 
========== epoch=8075,  failed swap,  time cost=0.454s ==========
attempt to swap Nb and Mg failed, dE=1.259eV, 
========== epoch=8078,  failed swap,  time cost=0.485s ==========
attempt to swap Mg and Nb failed, dE=1.460eV, 
========== epoch=8085,  failed swap,  time cost=0.626s ==========
attempt to swap Nb and Mg failed, dE=0.917eV, 
========== epoch=8090,  failed swap,  time cost=0.588s ==========
attempt to swap Nb and Mg failed, dE=0.861eV, 
========== epoch=8093,  failed swap,  time cost=0.486s ==========
attempt to swap Mg and Nb failed, dE=0.894eV, 
========== epoch=8094,  failed swap,  time cost=0.512s ==========
attempt to swap Mg and Nb failed, dE=1.155eV, 
========== epoch=8100,  failed swap,  time cost=0.377s ==========
attempt to swap Nb and Mg failed, dE=0.343eV, 
========== epoch=8101,  failed swap,  time cost=0.408s ==========
attempt to swap Mg and Nb failed, dE=0.341eV, 
========== epoch=8114,  failed swap,  time cost=0.339s ==========
attempt to swap Nb and Mg failed, dE=0.378eV, 
========== epoch=8119,  failed swap,  time cost=0.596s ==========
attempt to swap Mg and Nb failed, dE=0.912eV, 
========== epoch=8121,  failed swap,  time cost=0.589s ==========
attempt to swap Nb and Mg failed, dE=0.874eV, 
========== epoch=8123,  failed swap,  time cost=0.482s ==========
attempt to swap Nb and Mg failed, dE=0.711eV, 
========== epoch=8125,  failed swap,  time cost=0.530s ==========
attempt to swap Mg and Nb failed, dE=0.874eV, 
========== epoch=8127,  failed swap,  time cost=0.428s ==========
attempt to swap Nb and Mg failed, dE=0.436eV, 
========== epoch=8129,  failed swap,  time cost=0.476s ==========
attempt to swap Mg and Nb failed, dE=1.133eV, 
========== epoch=8130,  failed swap,  time cost=0.436s ==========
attempt to swap Mg and Nb failed, dE=1.167eV, 
========== epoch=8131,  failed swap,  time cost=0.468s ==========
attempt to swap Nb and Mg failed, dE=0.810eV, 
========== epoch=8132,  failed swap,  time cost=0.466s ==========
attempt to swap Mg and Nb failed, dE=0.946eV, 
========== epoch=8135,  failed swap,  time cost=0.596s ==========
attempt to swap Mg and Nb failed, dE=0.912eV, 
========== epoch=8137,  failed swap,  time cost=0.400s ==========
attempt to swap Nb and Mg failed, dE=0.780eV, 
========== epoch=8139,  failed swap,  time cost=0.551s ==========
attempt to swap Nb and Mg failed, dE=1.190eV, 
========== epoch=8145,  failed swap,  time cost=0.574s ==========
attempt to swap Nb and Mg failed, dE=0.329eV, 
========== epoch=8149,  failed swap,  time cost=0.681s ==========
attempt to swap Mg and Nb failed, dE=1.181eV, 
========== epoch=8150,  failed swap,  time cost=0.360s ==========
attempt to swap Mg and Nb failed, dE=0.356eV, 
========== epoch=8156,  failed swap,  time cost=0.425s ==========
attempt to swap Mg and Nb failed, dE=0.436eV, 
========== epoch=8159,  failed swap,  time cost=0.441s ==========
attempt to swap Nb and Mg failed, dE=0.642eV, 
========== epoch=8160,  failed swap,  time cost=0.529s ==========
attempt to swap Mg and Nb failed, dE=0.784eV, 
========== epoch=8165,  failed swap,  time cost=0.653s ==========
attempt to swap Nb and Mg failed, dE=0.374eV, 
========== epoch=8166,  failed swap,  time cost=0.433s ==========
attempt to swap Mg and Nb failed, dE=1.428eV, 
========== epoch=8173,  failed swap,  time cost=0.755s ==========
attempt to swap Nb and Mg failed, dE=0.847eV, 
========== epoch=8183,  failed swap,  time cost=0.631s ==========
attempt to swap Nb and Mg failed, dE=1.100eV, 
========== epoch=8186,  failed swap,  time cost=0.565s ==========
attempt to swap Nb and Mg failed, dE=0.202eV, 
========== epoch=8188,  swap-292,  time cost=1.279s ==========
attempt to swap Nb and Mg succeeded, dE=-0.041eV, 
========== epoch=8189,  failed swap,  time cost=0.577s ==========
attempt to swap Mg and Nb failed, dE=1.049eV, 
========== epoch=8191,  failed swap,  time cost=0.511s ==========
attempt to swap Nb and Mg failed, dE=0.915eV, 
========== epoch=8193,  failed swap,  time cost=0.634s ==========
attempt to swap Nb and Mg failed, dE=1.155eV, 
========== epoch=8194,  failed swap,  time cost=1.136s ==========
attempt to swap Mg and Nb failed, dE=1.119eV, 
========== epoch=8195,  failed swap,  time cost=0.454s ==========
attempt to swap Nb and Mg failed, dE=1.386eV, 
========== epoch=8200,  failed swap,  time cost=0.441s ==========
attempt to swap Nb and Mg failed, dE=0.777eV, 
========== epoch=8209,  failed swap,  time cost=0.530s ==========
attempt to swap Nb and Mg failed, dE=1.361eV, 
========== epoch=8211,  failed swap,  time cost=0.515s ==========
attempt to swap Nb and Mg failed, dE=0.399eV, 
========== epoch=8212,  failed swap,  time cost=0.445s ==========
attempt to swap Nb and Mg failed, dE=1.386eV, 
========== epoch=8213,  failed swap,  time cost=0.671s ==========
attempt to swap Mg and Nb failed, dE=1.149eV, 
========== epoch=8215,  failed swap,  time cost=0.542s ==========
attempt to swap Nb and Mg failed, dE=1.160eV, 
========== epoch=8222,  failed swap,  time cost=1.213s ==========
attempt to swap Mg and Nb failed, dE=1.175eV, 
========== epoch=8228,  failed swap,  time cost=0.475s ==========
attempt to swap Mg and Nb failed, dE=0.328eV, 
========== epoch=8231,  failed swap,  time cost=0.373s ==========
attempt to swap Mg and Nb failed, dE=0.276eV, 
========== epoch=8233,  failed swap,  time cost=0.910s ==========
attempt to swap Mg and Nb failed, dE=1.037eV, 
========== epoch=8234,  failed swap,  time cost=0.424s ==========
attempt to swap Nb and Mg failed, dE=1.072eV, 
========== epoch=8236,  swap-293,  time cost=0.940s ==========
attempt to swap Nb and Mg succeeded, dE=-0.330eV, 
========== epoch=8247,  failed swap,  time cost=0.533s ==========
attempt to swap Nb and Mg failed, dE=0.432eV, 
========== epoch=8248,  failed swap,  time cost=0.498s ==========
attempt to swap Nb and Mg failed, dE=1.383eV, 
========== epoch=8250,  failed swap,  time cost=0.417s ==========
attempt to swap Nb and Mg failed, dE=0.199eV, 
========== epoch=8251,  failed swap,  time cost=0.470s ==========
attempt to swap Mg and Nb failed, dE=0.851eV, 
========== epoch=8256,  failed swap,  time cost=0.442s ==========
attempt to swap Nb and Mg failed, dE=0.218eV, 
========== epoch=8257,  failed swap,  time cost=0.520s ==========
attempt to swap Nb and Mg failed, dE=1.110eV, 
========== epoch=8262,  failed swap,  time cost=0.481s ==========
attempt to swap Mg and Nb failed, dE=1.007eV, 
========== epoch=8264,  failed swap,  time cost=0.498s ==========
attempt to swap Nb and Mg failed, dE=0.943eV, 
========== epoch=8265,  failed swap,  time cost=0.367s ==========
attempt to swap Nb and Mg failed, dE=0.266eV, 
========== epoch=8266,  failed swap,  time cost=0.578s ==========
attempt to swap Mg and Nb failed, dE=0.962eV, 
========== epoch=8269,  failed swap,  time cost=0.414s ==========
attempt to swap Nb and Mg failed, dE=0.196eV, 
========== epoch=8271,  failed swap,  time cost=0.473s ==========
attempt to swap Mg and Nb failed, dE=0.413eV, 
========== epoch=8276,  failed swap,  time cost=0.442s ==========
attempt to swap Mg and Nb failed, dE=1.057eV, 
========== epoch=8281,  failed swap,  time cost=0.432s ==========
attempt to swap Mg and Nb failed, dE=0.344eV, 
========== epoch=8291,  failed swap,  time cost=0.447s ==========
attempt to swap Mg and Nb failed, dE=1.104eV, 
========== epoch=8293,  failed swap,  time cost=0.398s ==========
attempt to swap Mg and Nb failed, dE=1.110eV, 
========== epoch=8294,  failed swap,  time cost=0.378s ==========
attempt to swap Mg and Nb failed, dE=0.414eV, 
========== epoch=8297,  failed swap,  time cost=0.440s ==========
attempt to swap Nb and Mg failed, dE=0.324eV, 
========== epoch=8298,  failed swap,  time cost=0.488s ==========
attempt to swap Nb and Mg failed, dE=0.263eV, 
========== epoch=8300,  failed swap,  time cost=0.458s ==========
attempt to swap Mg and Nb failed, dE=0.427eV, 
========== epoch=8302,  failed swap,  time cost=0.475s ==========
attempt to swap Nb and Mg failed, dE=1.026eV, 
========== epoch=8304,  failed swap,  time cost=0.449s ==========
attempt to swap Mg and Nb failed, dE=0.132eV, 
========== epoch=8305,  failed swap,  time cost=0.422s ==========
attempt to swap Mg and Nb failed, dE=0.242eV, 
========== epoch=8308,  failed swap,  time cost=0.513s ==========
attempt to swap Nb and Mg failed, dE=1.445eV, 
========== epoch=8310,  failed swap,  time cost=0.513s ==========
attempt to swap Mg and Nb failed, dE=0.329eV, 
========== epoch=8311,  failed swap,  time cost=0.378s ==========
attempt to swap Nb and Mg failed, dE=0.473eV, 
========== epoch=8312,  failed swap,  time cost=0.909s ==========
attempt to swap Mg and Nb failed, dE=1.130eV, 
========== epoch=8313,  failed swap,  time cost=0.511s ==========
attempt to swap Nb and Mg failed, dE=0.675eV, 
========== epoch=8315,  failed swap,  time cost=0.442s ==========
attempt to swap Mg and Nb failed, dE=0.565eV, 
========== epoch=8322,  failed swap,  time cost=0.365s ==========
attempt to swap Mg and Nb failed, dE=0.197eV, 
========== epoch=8323,  failed swap,  time cost=0.513s ==========
attempt to swap Mg and Nb failed, dE=0.899eV, 
========== epoch=8324,  failed swap,  time cost=0.472s ==========
attempt to swap Mg and Nb failed, dE=0.375eV, 
========== epoch=8326,  failed swap,  time cost=0.665s ==========
attempt to swap Nb and Mg failed, dE=1.135eV, 
========== epoch=8327,  failed swap,  time cost=0.409s ==========
attempt to swap Mg and Nb failed, dE=0.332eV, 
========== epoch=8331,  failed swap,  time cost=1.028s ==========
attempt to swap Nb and Mg failed, dE=1.243eV, 
========== epoch=8336,  failed swap,  time cost=0.396s ==========
attempt to swap Nb and Mg failed, dE=0.253eV, 
========== epoch=8338,  failed swap,  time cost=0.421s ==========
attempt to swap Mg and Nb failed, dE=0.820eV, 
========== epoch=8340,  failed swap,  time cost=0.401s ==========
attempt to swap Nb and Mg failed, dE=0.187eV, 
========== epoch=8342,  failed swap,  time cost=0.450s ==========
attempt to swap Nb and Mg failed, dE=0.880eV, 
========== epoch=8345,  failed swap,  time cost=0.349s ==========
attempt to swap Nb and Mg failed, dE=0.267eV, 
========== epoch=8346,  failed swap,  time cost=0.731s ==========
attempt to swap Nb and Mg failed, dE=1.349eV, 
========== epoch=8347,  failed swap,  time cost=0.483s ==========
attempt to swap Nb and Mg failed, dE=1.263eV, 
========== epoch=8348,  failed swap,  time cost=0.445s ==========
attempt to swap Nb and Mg failed, dE=0.210eV, 
========== epoch=8349,  failed swap,  time cost=0.521s ==========
attempt to swap Nb and Mg failed, dE=0.167eV, 
========== epoch=8352,  failed swap,  time cost=0.393s ==========
attempt to swap Mg and Nb failed, dE=1.203eV, 
========== epoch=8357,  failed swap,  time cost=0.482s ==========
attempt to swap Mg and Nb failed, dE=1.213eV, 
========== epoch=8358,  failed swap,  time cost=0.828s ==========
attempt to swap Nb and Mg failed, dE=0.235eV, 
========== epoch=8362,  swap-294,  time cost=0.904s ==========
attempt to swap Nb and Mg succeeded, dE=0.022eV, 
========== epoch=8377,  failed swap,  time cost=0.638s ==========
attempt to swap Nb and Mg failed, dE=1.105eV, 
========== epoch=8385,  failed swap,  time cost=0.517s ==========
attempt to swap Nb and Mg failed, dE=1.003eV, 
========== epoch=8386,  failed swap,  time cost=0.458s ==========
attempt to swap Mg and Nb failed, dE=0.261eV, 
========== epoch=8388,  failed swap,  time cost=0.384s ==========
attempt to swap Nb and Mg failed, dE=0.280eV, 
========== epoch=8390,  failed swap,  time cost=1.433s ==========
attempt to swap Mg and Nb failed, dE=0.848eV, 
========== epoch=8392,  failed swap,  time cost=0.492s ==========
attempt to swap Mg and Nb failed, dE=0.914eV, 
========== epoch=8396,  failed swap,  time cost=0.983s ==========
attempt to swap Nb and Mg failed, dE=1.319eV, 
========== epoch=8398,  failed swap,  time cost=0.501s ==========
attempt to swap Nb and Mg failed, dE=0.901eV, 
========== epoch=8400,  failed swap,  time cost=0.853s ==========
attempt to swap Nb and Mg failed, dE=1.260eV, 
========== epoch=8406,  failed swap,  time cost=0.522s ==========
attempt to swap Mg and Nb failed, dE=0.432eV, 
========== epoch=8407,  failed swap,  time cost=0.541s ==========
attempt to swap Nb and Mg failed, dE=1.395eV, 
========== epoch=8408,  failed swap,  time cost=0.465s ==========
attempt to swap Nb and Mg failed, dE=0.387eV, 
========== epoch=8414,  failed swap,  time cost=0.723s ==========
attempt to swap Mg and Nb failed, dE=0.960eV, 
========== epoch=8415,  failed swap,  time cost=0.536s ==========
attempt to swap Mg and Nb failed, dE=1.104eV, 
========== epoch=8416,  failed swap,  time cost=0.438s ==========
attempt to swap Mg and Nb failed, dE=1.498eV, 
========== epoch=8417,  failed swap,  time cost=0.462s ==========
attempt to swap Mg and Nb failed, dE=1.082eV, 
========== epoch=8418,  failed swap,  time cost=0.940s ==========
attempt to swap Nb and Mg failed, dE=1.188eV, 
========== epoch=8423,  failed swap,  time cost=0.716s ==========
attempt to swap Mg and Nb failed, dE=0.824eV, 
========== epoch=8424,  failed swap,  time cost=0.872s ==========
attempt to swap Mg and Nb failed, dE=0.260eV, 
========== epoch=8427,  failed swap,  time cost=0.495s ==========
attempt to swap Nb and Mg failed, dE=1.498eV, 
========== epoch=8430,  failed swap,  time cost=0.736s ==========
attempt to swap Nb and Mg failed, dE=1.110eV, 
========== epoch=8431,  failed swap,  time cost=0.492s ==========
attempt to swap Nb and Mg failed, dE=0.640eV, 
========== epoch=8432,  failed swap,  time cost=0.483s ==========
attempt to swap Mg and Nb failed, dE=1.016eV, 
========== epoch=8434,  failed swap,  time cost=0.414s ==========
attempt to swap Mg and Nb failed, dE=1.140eV, 
========== epoch=8440,  failed swap,  time cost=0.375s ==========
attempt to swap Mg and Nb failed, dE=0.416eV, 
========== epoch=8441,  failed swap,  time cost=0.490s ==========
attempt to swap Nb and Mg failed, dE=1.353eV, 
========== epoch=8444,  failed swap,  time cost=0.529s ==========
attempt to swap Mg and Nb failed, dE=0.351eV, 
========== epoch=8448,  failed swap,  time cost=0.520s ==========
attempt to swap Nb and Mg failed, dE=1.161eV, 
========== epoch=8451,  failed swap,  time cost=0.405s ==========
attempt to swap Mg and Nb failed, dE=0.119eV, 
========== epoch=8456,  failed swap,  time cost=0.478s ==========
attempt to swap Nb and Mg failed, dE=0.901eV, 
========== epoch=8457,  failed swap,  time cost=0.459s ==========
attempt to swap Nb and Mg failed, dE=0.277eV, 
========== epoch=8458,  failed swap,  time cost=0.410s ==========
attempt to swap Mg and Nb failed, dE=0.715eV, 
========== epoch=8459,  failed swap,  time cost=0.484s ==========
attempt to swap Mg and Nb failed, dE=0.976eV, 
========== epoch=8470,  failed swap,  time cost=0.422s ==========
attempt to swap Mg and Nb failed, dE=1.264eV, 
========== epoch=8472,  failed swap,  time cost=0.419s ==========
attempt to swap Nb and Mg failed, dE=1.171eV, 
========== epoch=8474,  failed swap,  time cost=0.487s ==========
attempt to swap Mg and Nb failed, dE=1.029eV, 
========== epoch=8476,  failed swap,  time cost=0.758s ==========
attempt to swap Nb and Mg failed, dE=1.275eV, 
========== epoch=8478,  failed swap,  time cost=0.393s ==========
attempt to swap Mg and Nb failed, dE=0.263eV, 
========== epoch=8480,  failed swap,  time cost=0.488s ==========
attempt to swap Mg and Nb failed, dE=0.298eV, 
========== epoch=8489,  failed swap,  time cost=0.584s ==========
attempt to swap Nb and Mg failed, dE=0.387eV, 
========== epoch=8492,  failed swap,  time cost=0.486s ==========
attempt to swap Mg and Nb failed, dE=0.546eV, 
========== epoch=8493,  failed swap,  time cost=0.395s ==========
attempt to swap Mg and Nb failed, dE=1.107eV, 
========== epoch=8494,  failed swap,  time cost=0.396s ==========
attempt to swap Nb and Mg failed, dE=0.200eV, 
========== epoch=8495,  failed swap,  time cost=0.444s ==========
attempt to swap Nb and Mg failed, dE=1.088eV, 
========== epoch=8497,  failed swap,  time cost=0.825s ==========
attempt to swap Nb and Mg failed, dE=1.210eV, 
========== epoch=8498,  failed swap,  time cost=0.625s ==========
attempt to swap Mg and Nb failed, dE=0.884eV, 
========== epoch=8499,  failed swap,  time cost=0.453s ==========
attempt to swap Mg and Nb failed, dE=1.168eV, 
========== epoch=8501,  failed swap,  time cost=0.420s ==========
attempt to swap Mg and Nb failed, dE=0.767eV, 
========== epoch=8504,  failed swap,  time cost=0.880s ==========
attempt to swap Nb and Mg failed, dE=1.246eV, 
========== epoch=8506,  failed swap,  time cost=0.637s ==========
attempt to swap Nb and Mg failed, dE=0.856eV, 
========== epoch=8507,  failed swap,  time cost=0.646s ==========
attempt to swap Nb and Mg failed, dE=0.924eV, 
========== epoch=8511,  failed swap,  time cost=0.719s ==========
attempt to swap Nb and Mg failed, dE=0.967eV, 
========== epoch=8515,  failed swap,  time cost=0.476s ==========
attempt to swap Mg and Nb failed, dE=1.359eV, 
========== epoch=8522,  failed swap,  time cost=0.458s ==========
attempt to swap Nb and Mg failed, dE=0.815eV, 
========== epoch=8525,  failed swap,  time cost=0.465s ==========
attempt to swap Mg and Nb failed, dE=0.477eV, 
========== epoch=8530,  failed swap,  time cost=0.607s ==========
attempt to swap Mg and Nb failed, dE=0.311eV, 
========== epoch=8538,  failed swap,  time cost=0.470s ==========
attempt to swap Mg and Nb failed, dE=1.099eV, 
========== epoch=8540,  failed swap,  time cost=0.462s ==========
attempt to swap Mg and Nb failed, dE=1.137eV, 
========== epoch=8542,  failed swap,  time cost=0.552s ==========
attempt to swap Mg and Nb failed, dE=1.057eV, 
========== epoch=8543,  failed swap,  time cost=0.361s ==========
attempt to swap Nb and Mg failed, dE=0.254eV, 
========== epoch=8544,  failed swap,  time cost=0.462s ==========
attempt to swap Nb and Mg failed, dE=0.729eV, 
========== epoch=8551,  failed swap,  time cost=0.460s ==========
attempt to swap Nb and Mg failed, dE=0.355eV, 
========== epoch=8552,  failed swap,  time cost=1.070s ==========
attempt to swap Mg and Nb failed, dE=1.049eV, 
========== epoch=8553,  failed swap,  time cost=0.468s ==========
attempt to swap Nb and Mg failed, dE=1.057eV, 
========== epoch=8555,  failed swap,  time cost=0.472s ==========
attempt to swap Nb and Mg failed, dE=0.475eV, 
========== epoch=8556,  failed swap,  time cost=0.477s ==========
attempt to swap Nb and Mg failed, dE=0.164eV, 
========== epoch=8558,  failed swap,  time cost=0.365s ==========
attempt to swap Mg and Nb failed, dE=0.124eV, 
========== epoch=8559,  failed swap,  time cost=0.460s ==========
attempt to swap Mg and Nb failed, dE=1.103eV, 
========== epoch=8560,  failed swap,  time cost=0.408s ==========
attempt to swap Nb and Mg failed, dE=0.377eV, 
========== epoch=8569,  failed swap,  time cost=0.476s ==========
attempt to swap Mg and Nb failed, dE=1.164eV, 
========== epoch=8571,  failed swap,  time cost=0.693s ==========
attempt to swap Mg and Nb failed, dE=1.017eV, 
========== epoch=8574,  failed swap,  time cost=0.473s ==========
attempt to swap Nb and Mg failed, dE=1.082eV, 
========== epoch=8575,  failed swap,  time cost=0.401s ==========
attempt to swap Nb and Mg failed, dE=0.522eV, 
========== epoch=8579,  failed swap,  time cost=0.761s ==========
attempt to swap Mg and Nb failed, dE=1.057eV, 
========== epoch=8583,  failed swap,  time cost=0.797s ==========
attempt to swap Nb and Mg failed, dE=1.062eV, 
========== epoch=8587,  failed swap,  time cost=0.603s ==========
attempt to swap Nb and Mg failed, dE=0.916eV, 
========== epoch=8589,  failed swap,  time cost=0.511s ==========
attempt to swap Mg and Nb failed, dE=0.421eV, 
========== epoch=8592,  failed swap,  time cost=0.498s ==========
attempt to swap Mg and Nb failed, dE=0.084eV, 
========== epoch=8593,  failed swap,  time cost=0.373s ==========
attempt to swap Mg and Nb failed, dE=0.432eV, 
========== epoch=8594,  failed swap,  time cost=0.724s ==========
attempt to swap Nb and Mg failed, dE=0.395eV, 
========== epoch=8596,  failed swap,  time cost=0.845s ==========
attempt to swap Mg and Nb failed, dE=0.840eV, 
========== epoch=8598,  failed swap,  time cost=0.492s ==========
attempt to swap Mg and Nb failed, dE=1.184eV, 
========== epoch=8603,  failed swap,  time cost=0.435s ==========
attempt to swap Mg and Nb failed, dE=0.341eV, 
========== epoch=8604,  failed swap,  time cost=0.458s ==========
attempt to swap Nb and Mg failed, dE=1.498eV, 
========== epoch=8608,  failed swap,  time cost=0.403s ==========
attempt to swap Nb and Mg failed, dE=0.156eV, 
========== epoch=8609,  failed swap,  time cost=0.464s ==========
attempt to swap Mg and Nb failed, dE=0.226eV, 
========== epoch=8617,  failed swap,  time cost=0.395s ==========
attempt to swap Mg and Nb failed, dE=0.078eV, 
========== epoch=8625,  failed swap,  time cost=0.740s ==========
attempt to swap Mg and Nb failed, dE=0.840eV, 
========== epoch=8627,  failed swap,  time cost=0.501s ==========
attempt to swap Mg and Nb failed, dE=0.961eV, 
========== epoch=8628,  failed swap,  time cost=0.448s ==========
attempt to swap Mg and Nb failed, dE=1.246eV, 
========== epoch=8630,  failed swap,  time cost=0.492s ==========
attempt to swap Nb and Mg failed, dE=1.142eV, 
========== epoch=8631,  failed swap,  time cost=0.525s ==========
attempt to swap Mg and Nb failed, dE=1.155eV, 
========== epoch=8637,  failed swap,  time cost=0.636s ==========
attempt to swap Nb and Mg failed, dE=0.917eV, 
========== epoch=8640,  failed swap,  time cost=0.385s ==========
attempt to swap Nb and Mg failed, dE=0.446eV, 
========== epoch=8643,  failed swap,  time cost=0.735s ==========
attempt to swap Mg and Nb failed, dE=1.062eV, 
========== epoch=8644,  failed swap,  time cost=0.706s ==========
attempt to swap Nb and Mg failed, dE=0.857eV, 
========== epoch=8648,  failed swap,  time cost=0.449s ==========
attempt to swap Nb and Mg failed, dE=0.154eV, 
========== epoch=8649,  failed swap,  time cost=0.406s ==========
attempt to swap Nb and Mg failed, dE=1.104eV, 
========== epoch=8652,  failed swap,  time cost=0.463s ==========
attempt to swap Nb and Mg failed, dE=0.619eV, 
========== epoch=8654,  failed swap,  time cost=0.467s ==========
attempt to swap Nb and Mg failed, dE=1.083eV, 
========== epoch=8659,  failed swap,  time cost=0.367s ==========
attempt to swap Mg and Nb failed, dE=0.078eV, 
========== epoch=8660,  failed swap,  time cost=0.705s ==========
attempt to swap Nb and Mg failed, dE=0.827eV, 
========== epoch=8661,  failed swap,  time cost=0.678s ==========
attempt to swap Mg and Nb failed, dE=0.875eV, 
========== epoch=8666,  failed swap,  time cost=0.434s ==========
attempt to swap Mg and Nb failed, dE=0.367eV, 
========== epoch=8670,  failed swap,  time cost=0.415s ==========
attempt to swap Nb and Mg failed, dE=0.847eV, 
========== epoch=8672,  failed swap,  time cost=0.433s ==========
attempt to swap Nb and Mg failed, dE=0.815eV, 
========== epoch=8673,  failed swap,  time cost=0.475s ==========
attempt to swap Mg and Nb failed, dE=1.099eV, 
========== epoch=8681,  failed swap,  time cost=1.025s ==========
attempt to swap Mg and Nb failed, dE=1.311eV, 
========== epoch=8684,  failed swap,  time cost=0.785s ==========
attempt to swap Mg and Nb failed, dE=1.059eV, 
========== epoch=8685,  failed swap,  time cost=0.621s ==========
attempt to swap Mg and Nb failed, dE=0.866eV, 
========== epoch=8689,  failed swap,  time cost=0.477s ==========
attempt to swap Nb and Mg failed, dE=1.104eV, 
========== epoch=8690,  failed swap,  time cost=0.386s ==========
attempt to swap Nb and Mg failed, dE=0.446eV, 
========== epoch=8692,  failed swap,  time cost=0.754s ==========
attempt to swap Mg and Nb failed, dE=1.062eV, 
========== epoch=8693,  failed swap,  time cost=0.508s ==========
attempt to swap Nb and Mg failed, dE=0.835eV, 
========== epoch=8694,  failed swap,  time cost=0.667s ==========
attempt to swap Mg and Nb failed, dE=0.896eV, 
========== epoch=8697,  failed swap,  time cost=0.658s ==========
attempt to swap Mg and Nb failed, dE=0.902eV, 
========== epoch=8700,  failed swap,  time cost=0.482s ==========
attempt to swap Mg and Nb failed, dE=1.140eV, 
========== epoch=8702,  failed swap,  time cost=0.515s ==========
attempt to swap Mg and Nb failed, dE=0.355eV, 
========== epoch=8705,  failed swap,  time cost=0.596s ==========
attempt to swap Mg and Nb failed, dE=0.755eV, 
========== epoch=8708,  failed swap,  time cost=0.407s ==========
attempt to swap Nb and Mg failed, dE=1.147eV, 
========== epoch=8709,  failed swap,  time cost=0.502s ==========
attempt to swap Mg and Nb failed, dE=1.222eV, 
========== epoch=8710,  failed swap,  time cost=0.438s ==========
attempt to swap Mg and Nb failed, dE=0.909eV, 
========== epoch=8714,  failed swap,  time cost=0.407s ==========
attempt to swap Nb and Mg failed, dE=0.640eV, 
========== epoch=8715,  failed swap,  time cost=0.674s ==========
attempt to swap Mg and Nb failed, dE=0.807eV, 
========== epoch=8730,  failed swap,  time cost=0.457s ==========
attempt to swap Mg and Nb failed, dE=1.104eV, 
========== epoch=8731,  failed swap,  time cost=0.432s ==========
attempt to swap Nb and Mg failed, dE=0.471eV, 
========== epoch=8732,  failed swap,  time cost=0.371s ==========
attempt to swap Nb and Mg failed, dE=0.236eV, 
========== epoch=8737,  failed swap,  time cost=0.499s ==========
attempt to swap Nb and Mg failed, dE=0.776eV, 
========== epoch=8738,  failed swap,  time cost=0.409s ==========
attempt to swap Mg and Nb failed, dE=0.207eV, 
========== epoch=8746,  failed swap,  time cost=0.770s ==========
attempt to swap Nb and Mg failed, dE=0.118eV, 
========== epoch=8750,  failed swap,  time cost=0.525s ==========
attempt to swap Nb and Mg failed, dE=1.147eV, 
========== epoch=8752,  failed swap,  time cost=0.822s ==========
attempt to swap Nb and Mg failed, dE=1.251eV, 
========== epoch=8759,  failed swap,  time cost=0.428s ==========
attempt to swap Mg and Nb failed, dE=0.416eV, 
========== epoch=8763,  failed swap,  time cost=0.487s ==========
attempt to swap Nb and Mg failed, dE=0.888eV, 
========== epoch=8766,  failed swap,  time cost=0.476s ==========
attempt to swap Mg and Nb failed, dE=0.902eV, 
========== epoch=8767,  failed swap,  time cost=0.409s ==========
attempt to swap Mg and Nb failed, dE=1.182eV, 
========== epoch=8770,  failed swap,  time cost=0.490s ==========
attempt to swap Mg and Nb failed, dE=0.176eV, 
========== epoch=8779,  failed swap,  time cost=0.950s ==========
attempt to swap Nb and Mg failed, dE=1.311eV, 
========== epoch=8787,  failed swap,  time cost=0.365s ==========
attempt to swap Mg and Nb failed, dE=0.236eV, 
========== epoch=8788,  failed swap,  time cost=0.474s ==========
attempt to swap Mg and Nb failed, dE=1.168eV, 
========== epoch=8789,  failed swap,  time cost=0.444s ==========
attempt to swap Nb and Mg failed, dE=0.293eV, 
========== epoch=8791,  swap-295,  time cost=1.480s ==========
attempt to swap Nb and Mg succeeded, dE=-0.003eV, 
========== epoch=8792,  failed swap,  time cost=0.483s ==========
attempt to swap Nb and Mg failed, dE=0.289eV, 
========== epoch=8793,  failed swap,  time cost=0.495s ==========
attempt to swap Nb and Mg failed, dE=0.941eV, 
========== epoch=8794,  failed swap,  time cost=0.443s ==========
attempt to swap Mg and Nb failed, dE=0.180eV, 
========== epoch=8800,  failed swap,  time cost=0.444s ==========
attempt to swap Nb and Mg failed, dE=1.055eV, 
========== epoch=8801,  failed swap,  time cost=0.355s ==========
attempt to swap Nb and Mg failed, dE=0.127eV, 
========== epoch=8802,  failed swap,  time cost=0.411s ==========
attempt to swap Nb and Mg failed, dE=0.894eV, 
========== epoch=8806,  failed swap,  time cost=0.400s ==========
attempt to swap Nb and Mg failed, dE=0.672eV, 
========== epoch=8816,  failed swap,  time cost=0.522s ==========
attempt to swap Mg and Nb failed, dE=1.178eV, 
========== epoch=8821,  failed swap,  time cost=0.623s ==========
attempt to swap Mg and Nb failed, dE=0.877eV, 
========== epoch=8827,  failed swap,  time cost=0.379s ==========
attempt to swap Mg and Nb failed, dE=0.296eV, 
========== epoch=8833,  failed swap,  time cost=0.625s ==========
attempt to swap Nb and Mg failed, dE=0.917eV, 
========== epoch=8842,  swap-296,  time cost=1.011s ==========
attempt to swap Mg and Nb succeeded, dE=-0.048eV, 
========== epoch=8844,  failed swap,  time cost=0.483s ==========
attempt to swap Mg and Nb failed, dE=0.510eV, 
========== epoch=8846,  failed swap,  time cost=0.562s ==========
attempt to swap Mg and Nb failed, dE=0.869eV, 
========== epoch=8847,  failed swap,  time cost=0.449s ==========
attempt to swap Nb and Mg failed, dE=0.203eV, 
========== epoch=8851,  failed swap,  time cost=0.373s ==========
attempt to swap Mg and Nb failed, dE=0.163eV, 
========== epoch=8856,  failed swap,  time cost=0.463s ==========
attempt to swap Nb and Mg failed, dE=1.155eV, 
========== epoch=8859,  failed swap,  time cost=0.485s ==========
attempt to swap Mg and Nb failed, dE=1.014eV, 
========== epoch=8865,  failed swap,  time cost=0.423s ==========
attempt to swap Nb and Mg failed, dE=1.120eV, 
========== epoch=8867,  failed swap,  time cost=0.565s ==========
attempt to swap Nb and Mg failed, dE=1.165eV, 
========== epoch=8869,  failed swap,  time cost=0.481s ==========
attempt to swap Nb and Mg failed, dE=1.151eV, 
========== epoch=8876,  failed swap,  time cost=0.359s ==========
attempt to swap Mg and Nb failed, dE=0.197eV, 
========== epoch=8883,  failed swap,  time cost=0.363s ==========
attempt to swap Nb and Mg failed, dE=0.247eV, 
========== epoch=8885,  failed swap,  time cost=0.396s ==========
attempt to swap Nb and Mg failed, dE=0.674eV, 
========== epoch=8886,  failed swap,  time cost=0.426s ==========
attempt to swap Nb and Mg failed, dE=0.055eV, 
========== epoch=8887,  failed swap,  time cost=0.485s ==========
attempt to swap Mg and Nb failed, dE=0.287eV, 
========== epoch=8890,  failed swap,  time cost=0.452s ==========
attempt to swap Mg and Nb failed, dE=0.590eV, 
========== epoch=8895,  failed swap,  time cost=0.377s ==========
attempt to swap Nb and Mg failed, dE=0.312eV, 
========== epoch=8897,  failed swap,  time cost=0.456s ==========
attempt to swap Mg and Nb failed, dE=1.127eV, 
========== epoch=8900,  failed swap,  time cost=0.790s ==========
attempt to swap Mg and Nb failed, dE=1.163eV, 
========== epoch=8902,  failed swap,  time cost=0.414s ==========
attempt to swap Mg and Nb failed, dE=0.447eV, 
========== epoch=8907,  failed swap,  time cost=0.467s ==========
attempt to swap Nb and Mg failed, dE=1.060eV, 
========== epoch=8908,  failed swap,  time cost=0.856s ==========
attempt to swap Mg and Nb failed, dE=1.325eV, 
========== epoch=8909,  failed swap,  time cost=0.437s ==========
attempt to swap Nb and Mg failed, dE=0.310eV, 
========== epoch=8912,  failed swap,  time cost=0.675s ==========
attempt to swap Mg and Nb failed, dE=0.960eV, 
========== epoch=8914,  failed swap,  time cost=0.515s ==========
attempt to swap Nb and Mg failed, dE=1.126eV, 
========== epoch=8919,  failed swap,  time cost=0.468s ==========
attempt to swap Nb and Mg failed, dE=0.811eV, 
========== epoch=8921,  failed swap,  time cost=0.537s ==========
attempt to swap Mg and Nb failed, dE=1.313eV, 
========== epoch=8924,  failed swap,  time cost=0.482s ==========
attempt to swap Mg and Nb failed, dE=1.141eV, 
========== epoch=8926,  failed swap,  time cost=0.471s ==========
attempt to swap Nb and Mg failed, dE=0.155eV, 
========== epoch=8927,  failed swap,  time cost=0.406s ==========
attempt to swap Mg and Nb failed, dE=0.350eV, 
========== epoch=8928,  failed swap,  time cost=0.565s ==========
attempt to swap Nb and Mg failed, dE=0.816eV, 
========== epoch=8932,  failed swap,  time cost=0.369s ==========
attempt to swap Nb and Mg failed, dE=0.262eV, 
========== epoch=8938,  failed swap,  time cost=0.517s ==========
attempt to swap Mg and Nb failed, dE=0.372eV, 
========== epoch=8943,  failed swap,  time cost=0.495s ==========
attempt to swap Mg and Nb failed, dE=1.245eV, 
========== epoch=8948,  failed swap,  time cost=0.526s ==========
attempt to swap Nb and Mg failed, dE=0.302eV, 
========== epoch=8950,  failed swap,  time cost=0.664s ==========
attempt to swap Nb and Mg failed, dE=0.816eV, 
========== epoch=8953,  failed swap,  time cost=0.440s ==========
attempt to swap Nb and Mg failed, dE=1.104eV, 
========== epoch=8954,  failed swap,  time cost=0.659s ==========
attempt to swap Mg and Nb failed, dE=0.882eV, 
========== epoch=8956,  failed swap,  time cost=0.396s ==========
attempt to swap Mg and Nb failed, dE=0.294eV, 
========== epoch=8957,  failed swap,  time cost=0.336s ==========
attempt to swap Nb and Mg failed, dE=0.453eV, 
========== epoch=8958,  failed swap,  time cost=0.374s ==========
attempt to swap Nb and Mg failed, dE=0.216eV, 
========== epoch=8959,  failed swap,  time cost=0.411s ==========
attempt to swap Mg and Nb failed, dE=0.214eV, 
========== epoch=8960,  failed swap,  time cost=0.488s ==========
attempt to swap Nb and Mg failed, dE=1.053eV, 
========== epoch=8967,  failed swap,  time cost=0.570s ==========
attempt to swap Mg and Nb failed, dE=0.754eV, 
========== epoch=8972,  failed swap,  time cost=0.427s ==========
attempt to swap Nb and Mg failed, dE=0.420eV, 
========== epoch=8973,  failed swap,  time cost=0.568s ==========
attempt to swap Nb and Mg failed, dE=1.061eV, 
========== epoch=8983,  failed swap,  time cost=0.507s ==========
attempt to swap Nb and Mg failed, dE=1.005eV, 
========== epoch=8988,  failed swap,  time cost=0.422s ==========
attempt to swap Mg and Nb failed, dE=1.263eV, 
========== epoch=8991,  failed swap,  time cost=0.434s ==========
attempt to swap Nb and Mg failed, dE=1.022eV, 
========== epoch=8999,  failed swap,  time cost=0.461s ==========
attempt to swap Mg and Nb failed, dE=1.109eV, 
========== epoch=9004,  failed swap,  time cost=0.639s ==========
attempt to swap Mg and Nb failed, dE=1.076eV, 
========== epoch=9005,  failed swap,  time cost=0.501s ==========
attempt to swap Nb and Mg failed, dE=0.860eV, 
========== epoch=9014,  failed swap,  time cost=0.782s ==========
attempt to swap Nb and Mg failed, dE=0.361eV, 
========== epoch=9016,  failed swap,  time cost=0.460s ==========
attempt to swap Mg and Nb failed, dE=0.109eV, 
========== epoch=9019,  failed swap,  time cost=0.528s ==========
attempt to swap Nb and Mg failed, dE=1.410eV, 
========== epoch=9021,  failed swap,  time cost=0.451s ==========
attempt to swap Mg and Nb failed, dE=1.461eV, 
========== epoch=9022,  failed swap,  time cost=0.665s ==========
attempt to swap Mg and Nb failed, dE=0.804eV, 
========== epoch=9026,  failed swap,  time cost=0.692s ==========
attempt to swap Nb and Mg failed, dE=0.960eV, 
========== epoch=9038,  failed swap,  time cost=0.546s ==========
attempt to swap Mg and Nb failed, dE=0.504eV, 
========== epoch=9043,  failed swap,  time cost=0.437s ==========
attempt to swap Mg and Nb failed, dE=1.155eV, 
========== epoch=9044,  failed swap,  time cost=0.470s ==========
attempt to swap Nb and Mg failed, dE=0.839eV, 
========== epoch=9046,  failed swap,  time cost=0.862s ==========
attempt to swap Nb and Mg failed, dE=1.268eV, 
========== epoch=9051,  failed swap,  time cost=0.996s ==========
attempt to swap Nb and Mg failed, dE=1.106eV, 
========== epoch=9053,  failed swap,  time cost=0.428s ==========
attempt to swap Nb and Mg failed, dE=0.466eV, 
========== epoch=9055,  failed swap,  time cost=0.470s ==========
attempt to swap Mg and Nb failed, dE=1.079eV, 
========== epoch=9056,  failed swap,  time cost=0.612s ==========
attempt to swap Nb and Mg failed, dE=1.138eV, 
========== epoch=9057,  failed swap,  time cost=0.948s ==========
attempt to swap Mg and Nb failed, dE=1.073eV, 
========== epoch=9060,  failed swap,  time cost=0.623s ==========
attempt to swap Nb and Mg failed, dE=0.865eV, 
========== epoch=9061,  failed swap,  time cost=0.489s ==========
attempt to swap Nb and Mg failed, dE=1.069eV, 
========== epoch=9069,  failed swap,  time cost=0.420s ==========
attempt to swap Nb and Mg failed, dE=0.158eV, 
========== epoch=9072,  failed swap,  time cost=0.494s ==========
attempt to swap Nb and Mg failed, dE=1.158eV, 
========== epoch=9079,  failed swap,  time cost=0.571s ==========
attempt to swap Mg and Nb failed, dE=0.089eV, 
========== epoch=9082,  failed swap,  time cost=0.652s ==========
attempt to swap Nb and Mg failed, dE=0.243eV, 
========== epoch=9083,  failed swap,  time cost=0.424s ==========
attempt to swap Nb and Mg failed, dE=0.069eV, 
========== epoch=9089,  failed swap,  time cost=0.510s ==========
attempt to swap Nb and Mg failed, dE=1.040eV, 
========== epoch=9093,  failed swap,  time cost=0.365s ==========
attempt to swap Mg and Nb failed, dE=0.247eV, 
========== epoch=9095,  failed swap,  time cost=0.533s ==========
attempt to swap Nb and Mg failed, dE=0.335eV, 
========== epoch=9096,  failed swap,  time cost=0.479s ==========
attempt to swap Nb and Mg failed, dE=0.380eV, 
========== epoch=9100,  failed swap,  time cost=0.414s ==========
attempt to swap Nb and Mg failed, dE=0.975eV, 
========== epoch=9106,  failed swap,  time cost=0.426s ==========
attempt to swap Nb and Mg failed, dE=1.101eV, 
========== epoch=9111,  failed swap,  time cost=0.338s ==========
attempt to swap Nb and Mg failed, dE=0.726eV, 
========== epoch=9116,  failed swap,  time cost=0.364s ==========
attempt to swap Nb and Mg failed, dE=0.408eV, 
========== epoch=9119,  failed swap,  time cost=0.481s ==========
attempt to swap Mg and Nb failed, dE=0.420eV, 
========== epoch=9120,  failed swap,  time cost=0.551s ==========
attempt to swap Nb and Mg failed, dE=1.365eV, 
========== epoch=9121,  failed swap,  time cost=0.375s ==========
attempt to swap Mg and Nb failed, dE=0.423eV, 
========== epoch=9122,  failed swap,  time cost=0.679s ==========
attempt to swap Nb and Mg failed, dE=0.316eV, 
========== epoch=9124,  failed swap,  time cost=0.602s ==========
attempt to swap Nb and Mg failed, dE=0.542eV, 
========== epoch=9126,  failed swap,  time cost=0.678s ==========
attempt to swap Nb and Mg failed, dE=0.879eV, 
========== epoch=9127,  swap-297,  time cost=0.926s ==========
attempt to swap Mg and Nb succeeded, dE=0.028eV, 
========== epoch=9128,  failed swap,  time cost=0.467s ==========
attempt to swap Mg and Nb failed, dE=0.653eV, 
========== epoch=9129,  failed swap,  time cost=0.516s ==========
attempt to swap Nb and Mg failed, dE=1.242eV, 
========== epoch=9132,  failed swap,  time cost=0.972s ==========
attempt to swap Mg and Nb failed, dE=0.103eV, 
========== epoch=9133,  failed swap,  time cost=0.526s ==========
attempt to swap Mg and Nb failed, dE=0.290eV, 
========== epoch=9138,  swap-298,  time cost=0.824s ==========
attempt to swap Mg and Nb succeeded, dE=0.117eV, 
========== epoch=9139,  failed swap,  time cost=0.445s ==========
attempt to swap Nb and Mg failed, dE=0.355eV, 
========== epoch=9140,  failed swap,  time cost=0.486s ==========
attempt to swap Mg and Nb failed, dE=1.007eV, 
========== epoch=9144,  failed swap,  time cost=0.524s ==========
attempt to swap Mg and Nb failed, dE=0.754eV, 
========== epoch=9145,  failed swap,  time cost=0.445s ==========
attempt to swap Mg and Nb failed, dE=1.047eV, 
========== epoch=9146,  failed swap,  time cost=0.398s ==========
attempt to swap Nb and Mg failed, dE=0.182eV, 
========== epoch=9148,  failed swap,  time cost=0.493s ==========
attempt to swap Mg and Nb failed, dE=1.203eV, 
========== epoch=9151,  failed swap,  time cost=0.620s ==========
attempt to swap Nb and Mg failed, dE=1.093eV, 
========== epoch=9152,  failed swap,  time cost=0.358s ==========
attempt to swap Nb and Mg failed, dE=0.380eV, 
========== epoch=9154,  failed swap,  time cost=0.481s ==========
attempt to swap Nb and Mg failed, dE=1.053eV, 
========== epoch=9156,  failed swap,  time cost=0.776s ==========
attempt to swap Mg and Nb failed, dE=1.190eV, 
========== epoch=9160,  failed swap,  time cost=0.651s ==========
attempt to swap Mg and Nb failed, dE=0.846eV, 
========== epoch=9161,  failed swap,  time cost=0.440s ==========
attempt to swap Nb and Mg failed, dE=0.780eV, 
========== epoch=9162,  failed swap,  time cost=0.685s ==========
attempt to swap Mg and Nb failed, dE=1.005eV, 
========== epoch=9164,  failed swap,  time cost=0.543s ==========
attempt to swap Mg and Nb failed, dE=0.927eV, 
========== epoch=9170,  failed swap,  time cost=0.577s ==========
attempt to swap Mg and Nb failed, dE=0.862eV, 
========== epoch=9176,  failed swap,  time cost=0.770s ==========
attempt to swap Nb and Mg failed, dE=0.918eV, 
========== epoch=9178,  failed swap,  time cost=0.618s ==========
attempt to swap Mg and Nb failed, dE=0.516eV, 
========== epoch=9182,  failed swap,  time cost=0.398s ==========
attempt to swap Mg and Nb failed, dE=0.134eV, 
========== epoch=9184,  failed swap,  time cost=0.471s ==========
attempt to swap Mg and Nb failed, dE=1.043eV, 
========== epoch=9195,  failed swap,  time cost=0.536s ==========
attempt to swap Nb and Mg failed, dE=0.925eV, 
========== epoch=9197,  failed swap,  time cost=0.516s ==========
attempt to swap Mg and Nb failed, dE=0.484eV, 
========== epoch=9201,  failed swap,  time cost=0.479s ==========
attempt to swap Mg and Nb failed, dE=1.115eV, 
========== epoch=9202,  failed swap,  time cost=0.584s ==========
attempt to swap Nb and Mg failed, dE=0.176eV, 
========== epoch=9204,  failed swap,  time cost=0.383s ==========
attempt to swap Mg and Nb failed, dE=0.278eV, 
========== epoch=9212,  failed swap,  time cost=0.535s ==========
attempt to swap Nb and Mg failed, dE=1.039eV, 
========== epoch=9213,  failed swap,  time cost=0.797s ==========
attempt to swap Mg and Nb failed, dE=0.448eV, 
========== epoch=9230,  swap-299,  time cost=0.954s ==========
attempt to swap Nb and Mg succeeded, dE=0.101eV, 
========== epoch=9233,  failed swap,  time cost=0.603s ==========
attempt to swap Nb and Mg failed, dE=0.983eV, 
========== epoch=9234,  failed swap,  time cost=0.638s ==========
attempt to swap Mg and Nb failed, dE=0.697eV, 
========== epoch=9238,  swap-300,  time cost=1.182s ==========
attempt to swap Nb and Mg succeeded, dE=-0.193eV, 
========== epoch=9240,  failed swap,  time cost=0.505s ==========
attempt to swap Nb and Mg failed, dE=1.116eV, 
========== epoch=9241,  failed swap,  time cost=0.385s ==========
attempt to swap Nb and Mg failed, dE=0.304eV, 
========== epoch=9242,  failed swap,  time cost=0.437s ==========
attempt to swap Nb and Mg failed, dE=0.244eV, 
========== epoch=9243,  failed swap,  time cost=1.207s ==========
attempt to swap Nb and Mg failed, dE=1.026eV, 
========== epoch=9244,  failed swap,  time cost=0.528s ==========
attempt to swap Nb and Mg failed, dE=0.913eV, 
========== epoch=9246,  failed swap,  time cost=0.732s ==========
attempt to swap Nb and Mg failed, dE=0.845eV, 
========== epoch=9248,  failed swap,  time cost=0.543s ==========
attempt to swap Mg and Nb failed, dE=0.834eV, 
========== epoch=9256,  failed swap,  time cost=0.432s ==========
attempt to swap Mg and Nb failed, dE=0.270eV, 
========== epoch=9259,  failed swap,  time cost=0.663s ==========
attempt to swap Mg and Nb failed, dE=0.302eV, 
========== epoch=9260,  failed swap,  time cost=0.651s ==========
attempt to swap Mg and Nb failed, dE=1.317eV, 
========== epoch=9263,  failed swap,  time cost=0.486s ==========
attempt to swap Nb and Mg failed, dE=0.759eV, 
========== epoch=9264,  failed swap,  time cost=0.461s ==========
attempt to swap Nb and Mg failed, dE=0.820eV, 
========== epoch=9265,  failed swap,  time cost=0.770s ==========
attempt to swap Mg and Nb failed, dE=0.280eV, 
========== epoch=9267,  failed swap,  time cost=0.435s ==========
attempt to swap Nb and Mg failed, dE=0.252eV, 
========== epoch=9268,  failed swap,  time cost=0.362s ==========
attempt to swap Nb and Mg failed, dE=0.260eV, 
========== epoch=9269,  failed swap,  time cost=0.604s ==========
attempt to swap Mg and Nb failed, dE=1.135eV, 
========== epoch=9272,  failed swap,  time cost=0.451s ==========
attempt to swap Mg and Nb failed, dE=1.156eV, 
========== epoch=9274,  failed swap,  time cost=0.440s ==========
attempt to swap Mg and Nb failed, dE=0.237eV, 
========== epoch=9276,  failed swap,  time cost=0.641s ==========
attempt to swap Mg and Nb failed, dE=0.862eV, 
========== epoch=9284,  failed swap,  time cost=0.541s ==========
attempt to swap Nb and Mg failed, dE=1.053eV, 
========== epoch=9285,  failed swap,  time cost=0.505s ==========
attempt to swap Mg and Nb failed, dE=0.299eV, 
========== epoch=9286,  failed swap,  time cost=0.499s ==========
attempt to swap Nb and Mg failed, dE=0.423eV, 
========== epoch=9292,  failed swap,  time cost=0.631s ==========
attempt to swap Mg and Nb failed, dE=0.226eV, 
========== epoch=9296,  failed swap,  time cost=0.783s ==========
attempt to swap Nb and Mg failed, dE=1.123eV, 
========== epoch=9304,  failed swap,  time cost=0.550s ==========
attempt to swap Mg and Nb failed, dE=0.814eV, 
========== epoch=9305,  failed swap,  time cost=0.670s ==========
attempt to swap Nb and Mg failed, dE=1.027eV, 
========== epoch=9306,  failed swap,  time cost=1.079s ==========
attempt to swap Mg and Nb failed, dE=1.278eV, 
========== epoch=9316,  failed swap,  time cost=0.656s ==========
attempt to swap Nb and Mg failed, dE=0.922eV, 
========== epoch=9317,  failed swap,  time cost=0.614s ==========
attempt to swap Nb and Mg failed, dE=0.928eV, 
========== epoch=9319,  failed swap,  time cost=0.373s ==========
attempt to swap Mg and Nb failed, dE=0.257eV, 
========== epoch=9322,  failed swap,  time cost=0.557s ==========
attempt to swap Mg and Nb failed, dE=1.395eV, 
========== epoch=9326,  failed swap,  time cost=0.486s ==========
attempt to swap Mg and Nb failed, dE=1.098eV, 
========== epoch=9329,  failed swap,  time cost=0.538s ==========
attempt to swap Nb and Mg failed, dE=0.544eV, 
========== epoch=9330,  failed swap,  time cost=0.426s ==========
attempt to swap Nb and Mg failed, dE=1.037eV, 
========== epoch=9331,  failed swap,  time cost=0.458s ==========
attempt to swap Nb and Mg failed, dE=1.154eV, 
========== epoch=9333,  failed swap,  time cost=0.403s ==========
attempt to swap Nb and Mg failed, dE=0.241eV, 
========== epoch=9335,  failed swap,  time cost=0.410s ==========
attempt to swap Nb and Mg failed, dE=1.438eV, 
========== epoch=9337,  failed swap,  time cost=0.661s ==========
attempt to swap Nb and Mg failed, dE=0.902eV, 
========== epoch=9338,  failed swap,  time cost=0.488s ==========
attempt to swap Nb and Mg failed, dE=0.828eV, 
========== epoch=9341,  failed swap,  time cost=0.470s ==========
attempt to swap Nb and Mg failed, dE=1.136eV, 
========== epoch=9342,  failed swap,  time cost=0.439s ==========
attempt to swap Nb and Mg failed, dE=1.037eV, 
========== epoch=9345,  failed swap,  time cost=0.449s ==========
attempt to swap Nb and Mg failed, dE=0.827eV, 
========== epoch=9346,  failed swap,  time cost=0.730s ==========
attempt to swap Nb and Mg failed, dE=1.101eV, 
========== epoch=9347,  failed swap,  time cost=1.068s ==========
attempt to swap Nb and Mg failed, dE=1.161eV, 
========== epoch=9349,  failed swap,  time cost=0.378s ==========
attempt to swap Mg and Nb failed, dE=0.293eV, 
========== epoch=9354,  failed swap,  time cost=0.668s ==========
attempt to swap Mg and Nb failed, dE=0.893eV, 
========== epoch=9358,  failed swap,  time cost=0.639s ==========
attempt to swap Nb and Mg failed, dE=0.893eV, 
========== epoch=9359,  failed swap,  time cost=0.473s ==========
attempt to swap Nb and Mg failed, dE=0.810eV, 
========== epoch=9363,  failed swap,  time cost=0.451s ==========
attempt to swap Mg and Nb failed, dE=1.118eV, 
========== epoch=9368,  failed swap,  time cost=0.548s ==========
attempt to swap Nb and Mg failed, dE=0.623eV, 
========== epoch=9369,  failed swap,  time cost=0.462s ==========
attempt to swap Nb and Mg failed, dE=1.129eV, 
========== epoch=9371,  failed swap,  time cost=0.430s ==========
attempt to swap Mg and Nb failed, dE=1.366eV, 
========== epoch=9376,  failed swap,  time cost=0.384s ==========
attempt to swap Mg and Nb failed, dE=0.250eV, 
========== epoch=9381,  failed swap,  time cost=0.775s ==========
attempt to swap Nb and Mg failed, dE=1.128eV, 
========== epoch=9383,  failed swap,  time cost=0.525s ==========
attempt to swap Nb and Mg failed, dE=1.021eV, 
========== epoch=9385,  failed swap,  time cost=0.694s ==========
attempt to swap Nb and Mg failed, dE=0.880eV, 
========== epoch=9388,  failed swap,  time cost=0.714s ==========
attempt to swap Nb and Mg failed, dE=0.776eV, 
========== epoch=9389,  failed swap,  time cost=0.586s ==========
attempt to swap Mg and Nb failed, dE=0.826eV, 
========== epoch=9391,  failed swap,  time cost=0.668s ==========
attempt to swap Nb and Mg failed, dE=0.979eV, 
========== epoch=9392,  failed swap,  time cost=0.722s ==========
attempt to swap Mg and Nb failed, dE=0.845eV, 
========== epoch=9402,  failed swap,  time cost=0.545s ==========
attempt to swap Nb and Mg failed, dE=0.913eV, 
========== epoch=9405,  failed swap,  time cost=0.459s ==========
attempt to swap Mg and Nb failed, dE=0.827eV, 
========== epoch=9407,  failed swap,  time cost=0.781s ==========
attempt to swap Mg and Nb failed, dE=0.242eV, 
========== epoch=9412,  failed swap,  time cost=0.532s ==========
attempt to swap Nb and Mg failed, dE=1.335eV, 
========== epoch=9414,  failed swap,  time cost=0.429s ==========
attempt to swap Nb and Mg failed, dE=0.411eV, 
========== epoch=9425,  failed swap,  time cost=0.487s ==========
attempt to swap Nb and Mg failed, dE=0.820eV, 
========== epoch=9427,  failed swap,  time cost=0.437s ==========
attempt to swap Nb and Mg failed, dE=1.366eV, 
========== epoch=9430,  failed swap,  time cost=0.718s ==========
attempt to swap Nb and Mg failed, dE=0.811eV, 
========== epoch=9435,  failed swap,  time cost=0.621s ==========
attempt to swap Mg and Nb failed, dE=0.957eV, 
========== epoch=9440,  failed swap,  time cost=0.640s ==========
attempt to swap Nb and Mg failed, dE=0.883eV, 
========== epoch=9441,  failed swap,  time cost=0.559s ==========
attempt to swap Mg and Nb failed, dE=1.122eV, 
========== epoch=9447,  failed swap,  time cost=0.599s ==========
attempt to swap Nb and Mg failed, dE=0.544eV, 
========== epoch=9449,  failed swap,  time cost=0.415s ==========
attempt to swap Nb and Mg failed, dE=0.213eV, 
========== epoch=9451,  failed swap,  time cost=0.763s ==========
attempt to swap Nb and Mg failed, dE=1.316eV, 
========== epoch=9455,  failed swap,  time cost=0.460s ==========
attempt to swap Mg and Nb failed, dE=1.125eV, 
========== epoch=9456,  failed swap,  time cost=0.544s ==========
attempt to swap Nb and Mg failed, dE=1.009eV, 
========== epoch=9459,  failed swap,  time cost=0.749s ==========
attempt to swap Nb and Mg failed, dE=1.184eV, 
========== epoch=9465,  failed swap,  time cost=0.599s ==========
attempt to swap Nb and Mg failed, dE=0.743eV, 
========== epoch=9466,  failed swap,  time cost=0.508s ==========
attempt to swap Nb and Mg failed, dE=1.303eV, 
========== epoch=9474,  failed swap,  time cost=0.425s ==========
attempt to swap Mg and Nb failed, dE=1.109eV, 
========== epoch=9486,  failed swap,  time cost=0.435s ==========
attempt to swap Nb and Mg failed, dE=1.438eV, 
========== epoch=9488,  failed swap,  time cost=0.508s ==========
attempt to swap Mg and Nb failed, dE=0.786eV, 
========== epoch=9489,  failed swap,  time cost=0.423s ==========
attempt to swap Mg and Nb failed, dE=0.513eV, 
========== epoch=9491,  failed swap,  time cost=0.604s ==========
attempt to swap Mg and Nb failed, dE=0.841eV, 
========== epoch=9494,  failed swap,  time cost=0.493s ==========
attempt to swap Nb and Mg failed, dE=1.231eV, 
========== epoch=9495,  failed swap,  time cost=0.732s ==========
attempt to swap Mg and Nb failed, dE=0.226eV, 
========== epoch=9496,  failed swap,  time cost=0.424s ==========
attempt to swap Mg and Nb failed, dE=0.216eV, 
========== epoch=9499,  failed swap,  time cost=0.381s ==========
attempt to swap Nb and Mg failed, dE=0.298eV, 
========== epoch=9506,  failed swap,  time cost=0.535s ==========
attempt to swap Mg and Nb failed, dE=0.898eV, 
========== epoch=9507,  failed swap,  time cost=0.476s ==========
attempt to swap Mg and Nb failed, dE=1.136eV, 
========== epoch=9509,  failed swap,  time cost=0.535s ==========
attempt to swap Nb and Mg failed, dE=0.333eV, 
========== epoch=9514,  failed swap,  time cost=0.470s ==========
attempt to swap Nb and Mg failed, dE=0.919eV, 
========== epoch=9524,  failed swap,  time cost=0.431s ==========
attempt to swap Mg and Nb failed, dE=1.070eV, 
========== epoch=9533,  swap-301,  time cost=2.603s ==========
attempt to swap Mg and Nb succeeded, dE=-0.028eV, 
========== epoch=9534,  swap-302,  time cost=0.500s ==========
attempt to swap Mg and Mg succeeded, dE=0.000eV, 
========== epoch=9537,  failed swap,  time cost=0.467s ==========
attempt to swap Mg and Nb failed, dE=0.365eV, 
========== epoch=9539,  failed swap,  time cost=0.437s ==========
attempt to swap Mg and Nb failed, dE=1.029eV, 
========== epoch=9547,  failed swap,  time cost=0.424s ==========
attempt to swap Mg and Nb failed, dE=0.847eV, 
========== epoch=9552,  failed swap,  time cost=0.379s ==========
attempt to swap Mg and Nb failed, dE=0.324eV, 
========== epoch=9556,  failed swap,  time cost=0.578s ==========
attempt to swap Mg and Nb failed, dE=1.160eV, 
========== epoch=9565,  failed swap,  time cost=0.727s ==========
attempt to swap Mg and Nb failed, dE=0.267eV, 
========== epoch=9567,  failed swap,  time cost=0.451s ==========
attempt to swap Mg and Nb failed, dE=0.847eV, 
========== epoch=9568,  failed swap,  time cost=0.431s ==========
attempt to swap Mg and Nb failed, dE=1.131eV, 
========== epoch=9570,  failed swap,  time cost=0.693s ==========
attempt to swap Nb and Mg failed, dE=0.876eV, 
========== epoch=9572,  failed swap,  time cost=0.715s ==========
attempt to swap Mg and Nb failed, dE=0.416eV, 
========== epoch=9573,  failed swap,  time cost=0.407s ==========
attempt to swap Nb and Mg failed, dE=0.140eV, 
========== epoch=9583,  failed swap,  time cost=0.483s ==========
attempt to swap Mg and Nb failed, dE=0.758eV, 
========== epoch=9585,  failed swap,  time cost=0.469s ==========
attempt to swap Nb and Mg failed, dE=0.366eV, 
========== epoch=9587,  failed swap,  time cost=0.763s ==========
attempt to swap Mg and Nb failed, dE=1.132eV, 
========== epoch=9589,  failed swap,  time cost=0.825s ==========
attempt to swap Mg and Nb failed, dE=0.422eV, 
========== epoch=9592,  failed swap,  time cost=0.543s ==========
attempt to swap Mg and Nb failed, dE=1.267eV, 
========== epoch=9593,  failed swap,  time cost=0.853s ==========
attempt to swap Mg and Nb failed, dE=1.078eV, 
========== epoch=9594,  failed swap,  time cost=0.458s ==========
attempt to swap Mg and Nb failed, dE=0.280eV, 
========== epoch=9598,  failed swap,  time cost=0.459s ==========
attempt to swap Nb and Mg failed, dE=0.382eV, 
========== epoch=9607,  failed swap,  time cost=0.606s ==========
attempt to swap Nb and Mg failed, dE=0.348eV, 
========== epoch=9608,  failed swap,  time cost=0.437s ==========
attempt to swap Nb and Mg failed, dE=0.864eV, 
========== epoch=9610,  failed swap,  time cost=0.470s ==========
attempt to swap Mg and Nb failed, dE=1.063eV, 
========== epoch=9620,  failed swap,  time cost=0.426s ==========
attempt to swap Nb and Mg failed, dE=0.157eV, 
========== epoch=9623,  failed swap,  time cost=0.435s ==========
attempt to swap Mg and Nb failed, dE=0.370eV, 
========== epoch=9631,  failed swap,  time cost=0.658s ==========
attempt to swap Nb and Mg failed, dE=0.790eV, 
========== epoch=9635,  failed swap,  time cost=0.482s ==========
attempt to swap Nb and Mg failed, dE=1.398eV, 
========== epoch=9636,  failed swap,  time cost=0.505s ==========
attempt to swap Nb and Mg failed, dE=1.006eV, 
========== epoch=9640,  failed swap,  time cost=0.436s ==========
attempt to swap Nb and Mg failed, dE=0.095eV, 
========== epoch=9641,  failed swap,  time cost=0.405s ==========
attempt to swap Nb and Mg failed, dE=0.670eV, 
========== epoch=9648,  failed swap,  time cost=0.387s ==========
attempt to swap Nb and Mg failed, dE=0.095eV, 
========== epoch=9652,  failed swap,  time cost=0.547s ==========
attempt to swap Nb and Mg failed, dE=0.469eV, 
========== epoch=9654,  failed swap,  time cost=0.405s ==========
attempt to swap Mg and Nb failed, dE=0.218eV, 
========== epoch=9656,  failed swap,  time cost=0.461s ==========
attempt to swap Nb and Mg failed, dE=1.065eV, 
========== epoch=9657,  failed swap,  time cost=0.791s ==========
attempt to swap Nb and Mg failed, dE=1.126eV, 
========== epoch=9660,  failed swap,  time cost=0.563s ==========
attempt to swap Mg and Nb failed, dE=1.047eV, 
========== epoch=9662,  failed swap,  time cost=0.484s ==========
attempt to swap Nb and Mg failed, dE=1.138eV, 
========== epoch=9663,  failed swap,  time cost=0.535s ==========
attempt to swap Nb and Mg failed, dE=0.522eV, 
========== epoch=9670,  failed swap,  time cost=0.468s ==========
attempt to swap Nb and Mg failed, dE=0.945eV, 
========== epoch=9673,  failed swap,  time cost=0.491s ==========
attempt to swap Mg and Nb failed, dE=0.834eV, 
========== epoch=9674,  failed swap,  time cost=0.499s ==========
attempt to swap Nb and Mg failed, dE=0.332eV, 
========== epoch=9676,  failed swap,  time cost=0.367s ==========
attempt to swap Mg and Nb failed, dE=0.382eV, 
========== epoch=9677,  failed swap,  time cost=0.415s ==========
attempt to swap Mg and Nb failed, dE=1.128eV, 
========== epoch=9681,  failed swap,  time cost=0.510s ==========
attempt to swap Mg and Nb failed, dE=0.924eV, 
========== epoch=9682,  failed swap,  time cost=0.407s ==========
attempt to swap Nb and Mg failed, dE=0.108eV, 
========== epoch=9686,  failed swap,  time cost=0.477s ==========
attempt to swap Mg and Nb failed, dE=1.093eV, 
========== epoch=9687,  failed swap,  time cost=0.563s ==========
attempt to swap Mg and Nb failed, dE=0.218eV, 
========== epoch=9690,  failed swap,  time cost=0.766s ==========
attempt to swap Mg and Nb failed, dE=0.901eV, 
========== epoch=9691,  failed swap,  time cost=0.537s ==========
attempt to swap Mg and Nb failed, dE=0.327eV, 
========== epoch=9700,  failed swap,  time cost=0.501s ==========
attempt to swap Nb and Mg failed, dE=1.136eV, 
========== epoch=9701,  failed swap,  time cost=0.424s ==========
attempt to swap Nb and Mg failed, dE=1.131eV, 
========== epoch=9703,  failed swap,  time cost=0.485s ==========
attempt to swap Nb and Mg failed, dE=1.018eV, 
========== epoch=9706,  failed swap,  time cost=0.526s ==========
attempt to swap Nb and Mg failed, dE=1.132eV, 
========== epoch=9709,  failed swap,  time cost=0.355s ==========
attempt to swap Nb and Mg failed, dE=0.303eV, 
========== epoch=9716,  failed swap,  time cost=0.474s ==========
attempt to swap Nb and Mg failed, dE=0.911eV, 
========== epoch=9720,  failed swap,  time cost=0.432s ==========
attempt to swap Nb and Mg failed, dE=1.152eV, 
========== epoch=9722,  failed swap,  time cost=0.545s ==========
attempt to swap Mg and Nb failed, dE=0.314eV, 
========== epoch=9725,  failed swap,  time cost=0.604s ==========
attempt to swap Nb and Mg failed, dE=1.101eV, 
========== epoch=9726,  failed swap,  time cost=0.442s ==========
attempt to swap Nb and Mg failed, dE=1.023eV, 
========== epoch=9727,  failed swap,  time cost=0.367s ==========
attempt to swap Mg and Nb failed, dE=0.234eV, 
========== epoch=9728,  failed swap,  time cost=0.486s ==========
attempt to swap Nb and Mg failed, dE=1.057eV, 
========== epoch=9729,  failed swap,  time cost=0.511s ==========
attempt to swap Mg and Nb failed, dE=0.166eV, 
========== epoch=9730,  failed swap,  time cost=0.491s ==========
attempt to swap Mg and Nb failed, dE=0.391eV, 
========== epoch=9741,  failed swap,  time cost=0.663s ==========
attempt to swap Nb and Mg failed, dE=0.912eV, 
========== epoch=9744,  failed swap,  time cost=0.481s ==========
attempt to swap Mg and Nb failed, dE=1.156eV, 
========== epoch=9752,  failed swap,  time cost=0.399s ==========
attempt to swap Nb and Mg failed, dE=0.372eV, 
========== epoch=9755,  failed swap,  time cost=0.378s ==========
attempt to swap Mg and Nb failed, dE=0.338eV, 
========== epoch=9757,  failed swap,  time cost=0.402s ==========
attempt to swap Mg and Nb failed, dE=1.172eV, 
========== epoch=9759,  failed swap,  time cost=0.404s ==========
attempt to swap Nb and Mg failed, dE=0.251eV, 
========== epoch=9762,  failed swap,  time cost=0.445s ==========
attempt to swap Mg and Nb failed, dE=1.229eV, 
========== epoch=9767,  failed swap,  time cost=0.802s ==========
attempt to swap Mg and Nb failed, dE=0.422eV, 
========== epoch=9768,  failed swap,  time cost=0.755s ==========
attempt to swap Nb and Mg failed, dE=1.115eV, 
========== epoch=9771,  failed swap,  time cost=0.453s ==========
attempt to swap Nb and Mg failed, dE=1.108eV, 
========== epoch=9772,  failed swap,  time cost=0.530s ==========
attempt to swap Mg and Nb failed, dE=0.348eV, 
========== epoch=9776,  failed swap,  time cost=0.431s ==========
attempt to swap Mg and Nb failed, dE=0.864eV, 
========== epoch=9777,  failed swap,  time cost=0.850s ==========
attempt to swap Mg and Nb failed, dE=1.122eV, 
========== epoch=9779,  failed swap,  time cost=0.756s ==========
attempt to swap Nb and Mg failed, dE=1.132eV, 
========== epoch=9781,  failed swap,  time cost=0.438s ==========
attempt to swap Nb and Mg failed, dE=0.826eV, 
========== epoch=9785,  failed swap,  time cost=0.432s ==========
attempt to swap Mg and Nb failed, dE=0.296eV, 
========== epoch=9786,  failed swap,  time cost=0.519s ==========
attempt to swap Mg and Nb failed, dE=0.314eV, 
========== epoch=9790,  failed swap,  time cost=0.362s ==========
attempt to swap Mg and Nb failed, dE=0.358eV, 
========== epoch=9797,  failed swap,  time cost=0.459s ==========
attempt to swap Mg and Nb failed, dE=0.160eV, 
========== epoch=9798,  failed swap,  time cost=0.687s ==========
attempt to swap Nb and Mg failed, dE=0.912eV, 
========== epoch=9803,  failed swap,  time cost=0.524s ==========
attempt to swap Mg and Nb failed, dE=0.981eV, 
========== epoch=9812,  failed swap,  time cost=0.572s ==========
attempt to swap Mg and Nb failed, dE=0.215eV, 
========== epoch=9815,  failed swap,  time cost=0.399s ==========
attempt to swap Nb and Mg failed, dE=0.714eV, 
========== epoch=9817,  failed swap,  time cost=0.480s ==========
attempt to swap Mg and Nb failed, dE=1.066eV, 
========== epoch=9820,  swap-303,  time cost=0.964s ==========
attempt to swap Nb and Mg succeeded, dE=-0.062eV, 
========== epoch=9821,  failed swap,  time cost=1.063s ==========
attempt to swap Mg and Nb failed, dE=0.908eV, 
========== epoch=9829,  failed swap,  time cost=0.638s ==========
attempt to swap Mg and Nb failed, dE=1.241eV, 
========== epoch=9831,  failed swap,  time cost=0.420s ==========
attempt to swap Mg and Nb failed, dE=1.423eV, 
========== epoch=9833,  failed swap,  time cost=0.401s ==========
attempt to swap Nb and Mg failed, dE=0.288eV, 
========== epoch=9834,  failed swap,  time cost=0.452s ==========
attempt to swap Mg and Nb failed, dE=0.817eV, 
========== epoch=9835,  failed swap,  time cost=0.692s ==========
attempt to swap Mg and Nb failed, dE=1.070eV, 
========== epoch=9839,  failed swap,  time cost=0.494s ==========
attempt to swap Mg and Nb failed, dE=0.818eV, 
========== epoch=9849,  failed swap,  time cost=0.449s ==========
attempt to swap Mg and Nb failed, dE=0.434eV, 
========== epoch=9853,  failed swap,  time cost=0.679s ==========
attempt to swap Mg and Nb failed, dE=1.156eV, 
========== epoch=9855,  failed swap,  time cost=0.492s ==========
attempt to swap Mg and Nb failed, dE=1.054eV, 
========== epoch=9858,  failed swap,  time cost=1.022s ==========
attempt to swap Nb and Mg failed, dE=1.064eV, 
========== epoch=9860,  failed swap,  time cost=0.584s ==========
attempt to swap Mg and Nb failed, dE=0.883eV, 
========== epoch=9862,  failed swap,  time cost=0.465s ==========
attempt to swap Mg and Nb failed, dE=1.128eV, 
========== epoch=9868,  failed swap,  time cost=0.378s ==========
attempt to swap Mg and Nb failed, dE=0.331eV, 
========== epoch=9869,  failed swap,  time cost=0.701s ==========
attempt to swap Mg and Nb failed, dE=1.120eV, 
========== epoch=9873,  failed swap,  time cost=0.474s ==========
attempt to swap Mg and Nb failed, dE=0.871eV, 
========== epoch=9876,  failed swap,  time cost=0.417s ==========
attempt to swap Mg and Nb failed, dE=0.749eV, 
========== epoch=9882,  failed swap,  time cost=0.527s ==========
attempt to swap Mg and Nb failed, dE=0.833eV, 
========== epoch=9883,  failed swap,  time cost=0.674s ==========
attempt to swap Nb and Mg failed, dE=1.110eV, 
========== epoch=9884,  failed swap,  time cost=0.428s ==========
attempt to swap Nb and Mg failed, dE=0.414eV, 
========== epoch=9892,  failed swap,  time cost=0.595s ==========
attempt to swap Nb and Mg failed, dE=0.886eV, 
========== epoch=9898,  failed swap,  time cost=0.436s ==========
attempt to swap Mg and Nb failed, dE=0.749eV, 
========== epoch=9899,  failed swap,  time cost=0.467s ==========
attempt to swap Nb and Mg failed, dE=1.131eV, 
========== epoch=9901,  failed swap,  time cost=0.468s ==========
attempt to swap Mg and Nb failed, dE=1.410eV, 
========== epoch=9902,  failed swap,  time cost=0.483s ==========
attempt to swap Mg and Nb failed, dE=1.063eV, 
========== epoch=9903,  failed swap,  time cost=0.422s ==========
attempt to swap Mg and Nb failed, dE=1.176eV, 
========== epoch=9904,  failed swap,  time cost=0.425s ==========
attempt to swap Mg and Nb failed, dE=0.262eV, 
========== epoch=9906,  failed swap,  time cost=0.524s ==========
attempt to swap Mg and Nb failed, dE=0.938eV, 
========== epoch=9907,  failed swap,  time cost=0.658s ==========
attempt to swap Nb and Mg failed, dE=0.907eV, 
========== epoch=9908,  failed swap,  time cost=0.503s ==========
attempt to swap Nb and Mg failed, dE=1.334eV, 
========== epoch=9909,  failed swap,  time cost=0.445s ==========
attempt to swap Nb and Mg failed, dE=0.215eV, 
========== epoch=9914,  failed swap,  time cost=0.446s ==========
attempt to swap Nb and Mg failed, dE=1.408eV, 
========== epoch=9918,  failed swap,  time cost=0.659s ==========
attempt to swap Nb and Mg failed, dE=0.850eV, 
========== epoch=9922,  failed swap,  time cost=0.353s ==========
attempt to swap Mg and Nb failed, dE=0.252eV, 
========== epoch=9924,  failed swap,  time cost=0.444s ==========
attempt to swap Nb and Mg failed, dE=0.963eV, 
========== epoch=9927,  failed swap,  time cost=3.228s ==========
attempt to swap Mg and Nb failed, dE=1.058eV, 
========== epoch=9928,  failed swap,  time cost=0.453s ==========
attempt to swap Nb and Mg failed, dE=1.484eV, 
========== epoch=9930,  failed swap,  time cost=0.386s ==========
attempt to swap Nb and Mg failed, dE=0.331eV, 
========== epoch=9932,  failed swap,  time cost=0.529s ==========
attempt to swap Nb and Mg failed, dE=0.785eV, 
========== epoch=9938,  failed swap,  time cost=0.356s ==========
attempt to swap Nb and Mg failed, dE=0.215eV, 
========== epoch=9941,  failed swap,  time cost=0.482s ==========
attempt to swap Nb and Mg failed, dE=0.898eV, 
========== epoch=9943,  failed swap,  time cost=0.374s ==========
attempt to swap Mg and Nb failed, dE=0.329eV, 
========== epoch=9947,  failed swap,  time cost=0.430s ==========
attempt to swap Mg and Nb failed, dE=1.054eV, 
========== epoch=9948,  failed swap,  time cost=0.516s ==========
attempt to swap Nb and Mg failed, dE=1.213eV, 
========== epoch=9950,  failed swap,  time cost=0.515s ==========
attempt to swap Mg and Nb failed, dE=1.025eV, 
========== epoch=9956,  failed swap,  time cost=0.476s ==========
attempt to swap Mg and Nb failed, dE=1.285eV, 
========== epoch=9958,  failed swap,  time cost=0.576s ==========
attempt to swap Nb and Mg failed, dE=0.847eV, 
========== epoch=9959,  failed swap,  time cost=0.407s ==========
attempt to swap Nb and Mg failed, dE=1.407eV, 
========== epoch=9961,  failed swap,  time cost=0.433s ==========
attempt to swap Nb and Mg failed, dE=0.340eV, 
========== epoch=9968,  failed swap,  time cost=0.432s ==========
attempt to swap Mg and Nb failed, dE=0.396eV, 
========== epoch=9969,  failed swap,  time cost=0.471s ==========
attempt to swap Mg and Nb failed, dE=0.256eV, 
========== epoch=9970,  failed swap,  time cost=0.514s ==========
attempt to swap Nb and Mg failed, dE=1.395eV, 
========== epoch=9972,  failed swap,  time cost=0.433s ==========
attempt to swap Mg and Nb failed, dE=1.376eV, 
========== epoch=9973,  failed swap,  time cost=0.478s ==========
attempt to swap Mg and Nb failed, dE=1.169eV, 
========== epoch=9976,  failed swap,  time cost=0.700s ==========
attempt to swap Nb and Mg failed, dE=0.884eV, 
========== epoch=9984,  failed swap,  time cost=0.769s ==========
attempt to swap Mg and Nb failed, dE=0.183eV, 
========== epoch=9986,  failed swap,  time cost=0.445s ==========
attempt to swap Nb and Mg failed, dE=0.434eV, 
========== epoch=9987,  failed swap,  time cost=0.409s ==========
attempt to swap Nb and Mg failed, dE=0.314eV, 
========== epoch=9989,  failed swap,  time cost=0.665s ==========
attempt to swap Mg and Nb failed, dE=1.156eV, 
========== epoch=9991,  failed swap,  time cost=0.402s ==========
attempt to swap Mg and Nb failed, dE=1.376eV, 
========== epoch=9994,  failed swap,  time cost=0.703s ==========
attempt to swap Mg and Nb failed, dE=1.199eV, 
========== epoch=9996,  failed swap,  time cost=0.427s ==========
attempt to swap Nb and Mg failed, dE=0.246eV, 
========== epoch=9999,  failed swap,  time cost=0.392s ==========
attempt to swap Nb and Mg failed, dE=0.290eV, 
