last_energy,proposed_energy
-27907.931842474034,-27907.94961801308
-27907.94961801308,-27908.3967384961
-27908.3967384961,-27908.312739295194
-27908.3967384961,-27908.321437300747
-27908.321437300747,-27908.38463745874
-27908.38463745874,-27908.180025511367
-27908.38463745874,-27908.63461169732
-27908.63461169732,-27908.24929090121
-27908.63461169732,-27908.49580597768
-27908.63461169732,-27908.527893774495
-27908.527893774495,-27908.402238309547
-27908.527893774495,-27908.632907865616
-27908.632907865616,-27908.76660742194
-27908.76660742194,-27908.788717043008
-27908.788717043008,-27908.821795011907
-27908.821795011907,-27908.385822381035
-27908.821795011907,-27908.40756389458
-27908.821795011907,-27908.63090227497
-27908.821795011907,-27909.17522729029
-27909.17522729029,-27909.19077301165
-27909.19077301165,-27909.11114150898
-27909.19077301165,-27909.25706259567
-27909.25706259567,-27909.17885350216
-27909.17885350216,-27909.590809442172
-27909.590809442172,-27909.32733932032
-27909.590809442172,-27909.785371597198
-27909.785371597198,-27909.521467484134
-27909.785371597198,-27909.443232548823
-27909.785371597198,-27909.604068920733
-27909.604068920733,-27909.647734145707
-27909.647734145707,-27910.146187827195
-27910.146187827195,-27910.160926747387
-27910.160926747387,-27909.848216253948
-27910.160926747387,-27910.205241791547
-27910.205241791547,-27909.886144591313
-27910.205241791547,-27909.805091073107
-27910.205241791547,-27910.20488372926
-27910.20488372926,-27910.191154428667
-27910.191154428667,-27909.990098901817
-27910.191154428667,-27910.20258332483
-27910.20258332483,-27909.761965767615
-27910.20258332483,-27910.067871341467
-27910.067871341467,-27909.75931526596
-27910.067871341467,-27909.867067229723
-27910.067871341467,-27910.11770178328
-27910.11770178328,-27910.307021891604
-27910.307021891604,-27910.192347474134
-27910.192347474134,-27910.30945553468
-27910.30945553468,-27910.500231679427
-27910.500231679427,-27910.655637653927
-27910.655637653927,-27910.944739404134
-27910.944739404134,-27910.665402086393
-27910.665402086393,-27910.41338922796
-27910.665402086393,-27910.27299061155
-27910.27299061155,-27910.31673078173
-27910.31673078173,-27910.011000503844
-27910.31673078173,-27909.95486269455
-27910.31673078173,-27910.284829638666
-27910.284829638666,-27910.41794863123
-27910.41794863123,-27910.072931603736
-27910.072931603736,-27910.38277662353
-27910.38277662353,-27910.539639516915
-27910.539639516915,-27910.2848434583
-27910.539639516915,-27910.229195235966
-27910.539639516915,-27910.59912039539
-27910.59912039539,-27910.253891493827
-27910.59912039539,-27910.532662465983
-27910.532662465983,-27910.560863964594
-27910.560863964594,-27910.250938365407
-27910.560863964594,-27910.662035886824
-27910.662035886824,-27910.674326420238
-27910.674326420238,-27910.871590584415
-27910.871590584415,-27911.344816665434
-27911.344816665434,-27911.626643583175
-27911.626643583175,-27911.135362050343
-27911.626643583175,-27911.40519507037
-27911.626643583175,-27911.751818889876
-27911.751818889876,-27911.658395115304
-27911.751818889876,-27911.530168604135
-27911.751818889876,-27911.70574927371
-27911.70574927371,-27911.136990713756
-27911.70574927371,-27911.842820712507
-27911.842820712507,-27911.47629261833
-27911.842820712507,-27911.699453464153
-27911.699453464153,-27911.46951018476
-27911.699453464153,-27911.50398624619
-27911.699453464153,-27911.651237003054
-27911.651237003054,-27911.552979405165
-27911.552979405165,-27911.646170563206
-27911.646170563206,-27910.890008969447
-27911.646170563206,-27911.347914841863
-27911.646170563206,-27911.049167649893
-27911.646170563206,-27911.61829600983
-27911.61829600983,-27911.35410130652
-27911.61829600983,-27911.751418009433
-27911.751418009433,-27911.504121163132
-27911.751418009433,-27911.702634714744
-27911.751418009433,-27911.351557095637
-27911.751418009433,-27911.689138909227
-27911.751418009433,-27911.590012488414
-27911.751418009433,-27911.578852465045
-27911.751418009433,-27911.800420125855
-27911.800420125855,-27911.54963680987
-27911.800420125855,-27911.628418635497
-27911.800420125855,-27911.575226237732
-27911.800420125855,-27911.50829505189
-27911.800420125855,-27911.137741346138
-27911.800420125855,-27911.828236467067
-27911.828236467067,-27911.89086335838
-27911.89086335838,-27911.396902603356
-27911.89086335838,-27911.284842106044
-27911.89086335838,-27911.626391187634
-27911.89086335838,-27911.76270134209
-27911.89086335838,-27911.959518922093
-27911.959518922093,-27911.874489027457
-27911.874489027457,-27911.5479743614
-27911.5479743614,-27911.60539634244
-27911.60539634244,-27911.10765589124
-27911.60539634244,-27911.488538903017
-27911.488538903017,-27911.25493727554
-27911.488538903017,-27911.68164349929
-27911.68164349929,-27911.42010638707
-27911.68164349929,-27911.38976843709
-27911.68164349929,-27911.934704473715
-27911.934704473715,-27911.579977277514
-27911.934704473715,-27911.362095375953
-27911.934704473715,-27911.510289647875
-27911.934704473715,-27912.086313469976
-27912.086313469976,-27911.91921653382
-27911.91921653382,-27911.52699422657
-27911.91921653382,-27912.04581414924
-27912.04581414924,-27912.04581414924
-27912.04581414924,-27912.0552123493
-27912.0552123493,-27911.881827822894
-27912.0552123493,-27912.00839358979
-27912.00839358979,-27911.929717522296
-27912.00839358979,-27911.727055437106
-27912.00839358979,-27912.14853027206
-27912.14853027206,-27912.050044687014
-27912.050044687014,-27911.692392220266
-27912.050044687014,-27912.00308845164
-27912.00308845164,-27911.82476625001
-27912.00308845164,-27912.089833677404
-27912.089833677404,-27911.60815747581
-27912.089833677404,-27912.08977335005
-27912.08977335005,-27911.94909502436
-27912.08977335005,-27911.85163848693
-27912.08977335005,-27911.626695711162
-27912.08977335005,-27912.096573679508
-27912.096573679508,-27912.141616244997
-27912.141616244997,-27911.792341607055
-27912.141616244997,-27911.70490944293
-27912.141616244997,-27912.18689252973
-27912.18689252973,-27911.987838845176
-27912.18689252973,-27911.456683033113
-27912.18689252973,-27911.404887102148
-27912.18689252973,-27912.01330199194
-27912.18689252973,-27912.113093284926
-27912.18689252973,-27911.401992708314
-27912.18689252973,-27911.86864150501
-27912.18689252973,-27912.040531184004
-27912.040531184004,-27911.48418005645
-27912.040531184004,-27911.842398025674
-27912.040531184004,-27911.599100374762
-27912.040531184004,-27912.15606772728
-27912.15606772728,-27911.7852686104
-27912.15606772728,-27912.286430954508
-27912.286430954508,-27912.176198603305
-27912.286430954508,-27912.25795341555
-27912.25795341555,-27912.32712792868
-27912.32712792868,-27911.936610254135
-27911.936610254135,-27911.717153376452
-27911.936610254135,-27911.559430638066
-27911.936610254135,-27911.819436062964
-27911.819436062964,-27911.762097269304
-27911.762097269304,-27911.485584072725
-27911.762097269304,-27911.787276725037
-27911.787276725037,-27911.407352954247
-27911.787276725037,-27911.096469763783
-27911.787276725037,-27911.536734878635
-27911.787276725037,-27911.63869945673
-27911.63869945673,-27911.128324811205
-27911.63869945673,-27911.350718161935
-27911.63869945673,-27911.54906974943
-27911.63869945673,-27911.723623158163
-27911.723623158163,-27911.538670008056
-27911.723623158163,-27911.508041776407
-27911.723623158163,-27911.411904576446
-27911.723623158163,-27911.44646438861
-27911.723623158163,-27911.690709403014
-27911.690709403014,-27911.92802682117
-27911.92802682117,-27911.6292196602
-27911.92802682117,-27911.286724269117
-27911.92802682117,-27911.681077281413
-27911.92802682117,-27911.68707997284
-27911.92802682117,-27911.934285495274
-27911.934285495274,-27911.913914661025
-27911.934285495274,-27911.272541395774
-27911.934285495274,-27911.782179943526
-27911.782179943526,-27911.926015730194
-27911.926015730194,-27911.80275798743
-27911.926015730194,-27911.45993977776
-27911.926015730194,-27912.1860668885
-27912.1860668885,-27912.115173496837
-27912.1860668885,-27912.24019452337
-27912.24019452337,-27911.909436956656
-27912.24019452337,-27911.95414217144
-27912.24019452337,-27911.924268951276
-27912.24019452337,-27911.867405692516
-27912.24019452337,-27912.123102464597
-27912.24019452337,-27911.87804630646
-27912.24019452337,-27912.241123757907
-27912.241123757907,-27911.779387101393
-27912.241123757907,-27912.01389790305
-27912.241123757907,-27912.064415230365
-27912.241123757907,-27912.28558794514
-27912.28558794514,-27912.340478285543
-27912.340478285543,-27912.169443785504
-27912.340478285543,-27912.453722563016
-27912.453722563016,-27912.179024186455
-27912.453722563016,-27912.092468774976
-27912.453722563016,-27912.143619277773
-27912.453722563016,-27912.188993020245
-27912.453722563016,-27912.101090124073
-27912.101090124073,-27911.95023133355
-27912.101090124073,-27911.606890718915
-27912.101090124073,-27911.463633309166
-27912.101090124073,-27911.660110783414
-27912.101090124073,-27912.02311616813
-27912.101090124073,-27912.049049861966
-27912.049049861966,-27911.809868028537
-27912.049049861966,-27911.777168288678
-27912.049049861966,-27911.98958941062
-27911.98958941062,-27911.52111223761
-27911.98958941062,-27912.102613806986
-27912.102613806986,-27912.075569412988
-27912.075569412988,-27911.970779623956
-27912.075569412988,-27912.377461032556
-27912.377461032556,-27912.14540355163
-27912.377461032556,-27912.40910959405
-27912.40910959405,-27912.365140389473
-27912.40910959405,-27912.50508950634
-27912.50508950634,-27912.833356788913
-27912.833356788913,-27912.827274170922
-27912.827274170922,-27913.115330459368
-27913.115330459368,-27913.115330459368
-27913.115330459368,-27913.234378741534
-27913.234378741534,-27912.76328004919
-27913.234378741534,-27913.213234208633
-27913.213234208633,-27913.29939258441
-27913.29939258441,-27913.18943787794
-27913.29939258441,-27913.224614155046
-27913.29939258441,-27913.441073907907
-27913.441073907907,-27913.157058364064
-27913.441073907907,-27913.21000199431
-27913.441073907907,-27913.18214149573
-27913.441073907907,-27913.58739995346
-27913.58739995346,-27913.72577911174
-27913.72577911174,-27913.70533551094
-27913.70533551094,-27913.7251847687
-27913.7251847687,-27913.8097806567
-27913.8097806567,-27913.89534825777
-27913.89534825777,-27913.58975266765
-27913.58975266765,-27913.275911190613
-27913.58975266765,-27913.544044046575
-27913.544044046575,-27913.503539294812
-27913.503539294812,-27913.155637125037
-27913.503539294812,-27913.023071429365
-27913.503539294812,-27913.32458346726
-27913.503539294812,-27913.351902560404
-27913.351902560404,-27913.182679689722
-27913.351902560404,-27912.82931638443
-27913.351902560404,-27913.303625002445
-27913.303625002445,-27912.876474930676
-27913.303625002445,-27913.226600454615
-27913.226600454615,-27913.045211666034
-27913.226600454615,-27913.038450129323
-27913.226600454615,-27913.278962817567
-27913.278962817567,-27912.966679074656
-27913.278962817567,-27913.50763894029
-27913.50763894029,-27913.158867307884
-27913.50763894029,-27913.169140109712
-27913.50763894029,-27913.277053929454
-27913.50763894029,-27913.38373479142
-27913.50763894029,-27912.831387119008
-27913.50763894029,-27913.0583278817
-27913.50763894029,-27913.265754521304
-27913.50763894029,-27913.07450930855
-27913.50763894029,-27913.121810766326
-27913.50763894029,-27913.345414227984
-27913.50763894029,-27913.13335442021
-27913.50763894029,-27913.397423327824
-27913.50763894029,-27913.534816160383
-27913.534816160383,-27913.299470697995
-27913.299470697995,-27913.033697449853
-27913.299470697995,-27913.1049510887
-27913.299470697995,-27912.829336055103
-27913.299470697995,-27913.077519095088
-27913.299470697995,-27912.817978870415
-27913.299470697995,-27913.20136248059
-27913.20136248059,-27913.2298496425
-27913.2298496425,-27913.06181340831
-27913.06181340831,-27912.73378704567
-27913.06181340831,-27912.906395942475
-27913.06181340831,-27912.871532664303
-27912.871532664303,-27912.836124889138
-27912.836124889138,-27912.79567017456
-27912.79567017456,-27912.209901510185
-27912.79567017456,-27912.76501736876
-27912.76501736876,-27912.599101237207
-27912.76501736876,-27912.425736472105
-27912.76501736876,-27912.859828955734
-27912.859828955734,-27912.89235154427
-27912.89235154427,-27912.877496644018
-27912.877496644018,-27912.854877248556
-27912.877496644018,-27912.76513661606
-27912.877496644018,-27912.792480815802
-27912.792480815802,-27912.86354810656
-27912.86354810656,-27912.83851962764
-27912.83851962764,-27912.48355680827
-27912.83851962764,-27912.56494436938
-27912.83851962764,-27912.681073431966
-27912.83851962764,-27912.47925178294
-27912.47925178294,-27912.516655846855
-27912.516655846855,-27912.759259572245
-27912.759259572245,-27912.505872928574
-27912.759259572245,-27912.77708842691
-27912.77708842691,-27912.66087583035
-27912.66087583035,-27912.757566532902
-27912.757566532902,-27912.487141916037
-27912.757566532902,-27912.49150116653
-27912.757566532902,-27912.850083110436
-27912.850083110436,-27912.695818492375
-27912.850083110436,-27912.42544756782
-27912.850083110436,-27912.741230030548
-27912.741230030548,-27912.408990684813
-27912.408990684813,-27912.521271823818
-27912.521271823818,-27912.4954337541
-27912.521271823818,-27912.229171001876
-27912.521271823818,-27911.8917117702
-27912.521271823818,-27912.598318500553
-27912.598318500553,-27912.704551655675
-27912.704551655675,-27912.212647918983
-27912.704551655675,-27912.574571961715
-27912.704551655675,-27912.524057174443
-27912.704551655675,-27912.488467647072
-27912.704551655675,-27912.884463076538
-27912.884463076538,-27912.671905710813
-27912.884463076538,-27912.271515874294
-27912.884463076538,-27912.453973821444
-27912.884463076538,-27912.76640470316
-27912.884463076538,-27912.398779028
-27912.884463076538,-27912.215240275626
-27912.884463076538,-27912.845499007497
-27912.884463076538,-27913.151739330642
-27913.151739330642,-27913.184399935326
-27913.184399935326,-27913.306693453138
-27913.306693453138,-27913.474171153728
-27913.474171153728,-27913.487579079192
-27913.487579079192,-27913.436712971008
-27913.487579079192,-27913.175325587606
-27913.487579079192,-27912.54395102619
-27913.487579079192,-27912.67724281538
-27913.487579079192,-27913.11297154136
-27913.487579079192,-27913.022740132947
-27913.487579079192,-27912.876959602952
-27913.487579079192,-27913.38175615505
-27913.38175615505,-27913.192597366586
-27913.38175615505,-27913.092410905447
-27913.38175615505,-27913.021932772517
-27913.38175615505,-27912.75864493795
-27913.38175615505,-27912.83778842006
-27913.38175615505,-27912.73263871675
-27913.38175615505,-27913.138322379393
-27913.38175615505,-27912.886041869468
-27913.38175615505,-27912.774553730495
-27913.38175615505,-27912.79703602689
-27913.38175615505,-27913.093068923175
-27913.38175615505,-27913.144898249437
-27913.38175615505,-27913.15075052154
-27913.15075052154,-27913.077522549287
-27913.077522549287,-27912.892400438104
-27913.077522549287,-27912.99692920155
-27912.99692920155,-27912.49584924104
-27912.99692920155,-27913.20199216601
-27913.20199216601,-27913.010419918268
-27913.20199216601,-27913.17059234849
-27913.17059234849,-27912.512629749785
-27913.17059234849,-27912.914310639386
-27913.17059234849,-27912.994825045284
-27913.17059234849,-27912.34581949598
-27913.17059234849,-27913.424721749147
-27913.424721749147,-27913.259951737404
-27913.424721749147,-27913.320613416443
-27913.320613416443,-27913.358755299654
-27913.358755299654,-27913.07723057393
-27913.358755299654,-27913.36454772516
-27913.36454772516,-27912.667945825167
-27913.36454772516,-27913.017031457905
-27913.36454772516,-27913.194008097675
-27913.36454772516,-27913.36570785219
-27913.36570785219,-27912.66864036177
-27913.36570785219,-27913.259699987964
-27913.36570785219,-27912.67592505578
-27913.36570785219,-27912.7494361041
-27913.36570785219,-27913.133660843396
-27913.36570785219,-27912.530505326664
-27913.36570785219,-27913.217250363843
-27913.36570785219,-27913.627777038175
-27913.627777038175,-27912.913827945933
-27913.627777038175,-27913.202695551474
-27913.627777038175,-27912.767328829952
-27913.627777038175,-27913.40938204527
-27913.627777038175,-27913.424771611557
-27913.627777038175,-27913.679226755583
-27913.679226755583,-27913.546510975317
-27913.679226755583,-27913.563706252397
-27913.563706252397,-27913.245557184004
-27913.563706252397,-27913.137986304566
-27913.563706252397,-27913.57280411893
-27913.57280411893,-27913.336508829634
-27913.57280411893,-27913.291528276633
-27913.57280411893,-27913.609837827764
-27913.609837827764,-27913.26311761059
-27913.609837827764,-27913.447028355342
-27913.447028355342,-27913.122572208722
-27913.447028355342,-27913.14416806437
-27913.447028355342,-27912.752753141012
-27913.447028355342,-27912.832066309886
-27913.447028355342,-27912.94690799952
-27912.94690799952,-27912.64023137062
-27912.94690799952,-27912.800013927386
-27912.94690799952,-27912.815622436756
-27912.94690799952,-27912.984813071183
-27912.984813071183,-27912.625288076877
-27912.984813071183,-27912.450536793895
-27912.984813071183,-27912.84095306659
-27912.984813071183,-27912.80571829035
-27912.984813071183,-27912.486395339725
-27912.984813071183,-27912.72434486424
-27912.984813071183,-27912.927360181355
-27912.927360181355,-27913.082803745627
-27913.082803745627,-27913.149272606723
-27913.149272606723,-27913.20005227186
-27913.20005227186,-27912.93689351133
-27913.20005227186,-27912.79571696768
-27913.20005227186,-27913.273278098903
-27913.273278098903,-27912.722442306927
-27913.273278098903,-27912.97747178972
-27913.273278098903,-27912.85721523118
-27913.273278098903,-27913.14934020588
-27913.273278098903,-27912.87600251906
-27913.273278098903,-27913.174041728256
-27913.174041728256,-27912.72339691463
-27913.174041728256,-27913.109578538468
-27913.109578538468,-27912.810180452252
-27913.109578538468,-27912.734895052316
-27913.109578538468,-27912.78731969845
-27913.109578538468,-27912.82429430076
-27913.109578538468,-27913.060707925964
-27913.060707925964,-27912.89998604886
-27913.060707925964,-27912.446357106164
-27913.060707925964,-27912.726388843912
-27913.060707925964,-27912.72945486661
-27913.060707925964,-27912.62129499099
-27913.060707925964,-27912.33658375543
-27913.060707925964,-27913.116084684494
-27913.116084684494,-27912.924267687824
-27913.116084684494,-27912.86276283538
-27913.116084684494,-27912.552063813135
-27913.116084684494,-27912.817367811018
-27913.116084684494,-27912.485402800437
-27913.116084684494,-27912.918194389815
-27913.116084684494,-27913.21956048744
-27913.21956048744,-27913.11650150645
-27913.21956048744,-27913.13140213503
-27913.13140213503,-27912.929695859508
-27913.13140213503,-27912.923160843937
-27913.13140213503,-27912.700026360166
-27913.13140213503,-27913.115784867186
-27913.13140213503,-27912.828839113725
-27913.13140213503,-27912.981305802427
-27913.13140213503,-27913.508869663983
-27913.508869663983,-27913.376970166515
-27913.376970166515,-27913.060324181526
-27913.376970166515,-27913.09898027399
-27913.376970166515,-27913.327818757727
-27913.376970166515,-27913.117805538808
-27913.376970166515,-27912.90208724434
-27913.376970166515,-27912.819569687956
-27913.376970166515,-27913.339135835224
-27913.339135835224,-27913.43318333825
-27913.43318333825,-27913.170941027198
-27913.43318333825,-27912.982471028423
-27913.43318333825,-27913.42710669201
-27913.43318333825,-27912.783485158263
-27913.43318333825,-27912.886163447634
-27913.43318333825,-27913.298660768054
-27913.43318333825,-27913.160590851316
-27913.43318333825,-27913.06530008688
-27913.43318333825,-27912.858345697197
-27913.43318333825,-27913.33809786944
-27913.43318333825,-27913.635900038564
-27913.635900038564,-27913.32149547501
-27913.635900038564,-27913.32867165841
-27913.635900038564,-27913.087824490965
-27913.635900038564,-27913.397312742713
-27913.635900038564,-27913.868408643026
-27913.868408643026,-27913.63112830797
-27913.868408643026,-27913.728199947178
-27913.868408643026,-27913.76676019648
-27913.868408643026,-27913.615352548597
-27913.615352548597,-27913.52154563981
-27913.52154563981,-27913.28875712514
-27913.52154563981,-27913.698028955725
-27913.698028955725,-27913.399269001806
-27913.698028955725,-27913.69741615387
-27913.69741615387,-27913.659973410522
-27913.659973410522,-27913.362897855888
-27913.659973410522,-27913.356315848032
-27913.659973410522,-27913.719209643536
-27913.719209643536,-27913.55592982034
-27913.719209643536,-27913.60666736184
-27913.60666736184,-27913.35660203815
-27913.60666736184,-27913.461223852406
-27913.60666736184,-27913.28773264418
-27913.60666736184,-27913.179595621186
-27913.60666736184,-27913.186409452705
-27913.60666736184,-27913.394332118478
-27913.60666736184,-27913.06966594074
-27913.60666736184,-27913.40401975606
-27913.60666736184,-27913.31197487662
-27913.60666736184,-27913.572347999525
-27913.572347999525,-27913.430649162874
-27913.572347999525,-27913.523411661437
-27913.523411661437,-27913.22236430376
-27913.523411661437,-27913.179282300658
-27913.523411661437,-27913.317905248805
-27913.523411661437,-27913.674579688857
-27913.674579688857,-27912.94539867621
-27913.674579688857,-27913.816048466775
-27913.816048466775,-27913.512965397626
-27913.816048466775,-27913.827143600818
-27913.827143600818,-27913.709272502947
-27913.827143600818,-27913.77445150251
-27913.77445150251,-27913.66599260248
-27913.66599260248,-27913.15396222818
-27913.66599260248,-27913.174363569364
-27913.66599260248,-27913.35709866615
-27913.35709866615,-27913.35709866615
-27913.35709866615,-27913.212607054502
-27913.212607054502,-27913.121054939667
-27913.212607054502,-27913.105230713245
-27913.212607054502,-27913.171118397262
-27913.171118397262,-27912.907813752092
-27912.907813752092,-27913.067692500004
-27913.067692500004,-27912.857594603145
-27913.067692500004,-27913.13193451517
-27913.13193451517,-27912.889353012466
-27913.13193451517,-27912.719925799778
-27913.13193451517,-27912.54263219211
-27913.13193451517,-27913.171386651524
-27913.171386651524,-27912.671176822536
-27913.171386651524,-27912.841769038823
-27913.171386651524,-27912.47154446425
-27913.171386651524,-27913.20236129459
-27913.20236129459,-27912.85207432497
-27913.20236129459,-27912.841343409906
-27913.20236129459,-27912.740989495287
-27912.740989495287,-27912.97495829808
-27912.97495829808,-27912.51758402023
-27912.97495829808,-27912.56696128765
-27912.97495829808,-27912.75079777556
-27912.97495829808,-27912.894296162878
-27912.97495829808,-27912.45252407236
-27912.97495829808,-27912.82900521511
-27912.97495829808,-27913.132084139488
-27913.132084139488,-27912.813399468338
-27913.132084139488,-27913.16532726868
-27913.16532726868,-27912.7059029307
-27913.16532726868,-27913.17603080999
-27913.17603080999,-27912.807343231387
-27913.17603080999,-27913.14627266486
-27913.17603080999,-27912.880098859077
-27913.17603080999,-27913.060168911972
-27913.060168911972,-27913.023211053955
-27913.060168911972,-27912.79250056728
-27913.060168911972,-27912.808095357006
-27913.060168911972,-27912.700561936686
-27913.060168911972,-27912.808095357006
-27913.060168911972,-27913.117856645888
-27913.117856645888,-27913.14163666316
-27913.14163666316,-27913.14163666316
-27913.14163666316,-27913.000698064272
-27913.000698064272,-27912.757470575427
-27913.000698064272,-27912.899967911202
-27912.899967911202,-27912.580865676377
-27912.899967911202,-27912.737743695645
-27912.899967911202,-27912.451164960552
-27912.899967911202,-27912.025109254944
-27912.899967911202,-27912.636337539756
-27912.899967911202,-27912.64872470745
-27912.64872470745,-27912.64872470745
-27912.64872470745,-27912.643459908657
-27912.643459908657,-27912.890570304746
-27912.890570304746,-27912.70688374678
-27912.890570304746,-27913.08025139095
-27913.08025139095,-27912.57254414555
-27913.08025139095,-27913.287301394543
-27913.287301394543,-27913.152405632274
-27913.287301394543,-27913.267214894553
-27913.267214894553,-27913.102517066516
-27913.267214894553,-27912.93419775039
-27913.267214894553,-27912.546831222895
-27913.267214894553,-27913.205055120783
-27913.267214894553,-27912.78122300135
-27913.267214894553,-27913.325367112033
-27913.325367112033,-27913.381837324923
-27913.381837324923,-27913.425338204597
-27913.425338204597,-27913.195307137466
-27913.425338204597,-27913.51049470369
-27913.51049470369,-27913.15495612613
-27913.51049470369,-27913.40173943392
-27913.40173943392,-27912.768673731203
-27913.40173943392,-27913.09424828842
-27913.40173943392,-27913.134334465434
-27913.40173943392,-27913.06115506522
-27913.40173943392,-27913.11637982712
-27913.40173943392,-27913.175645091716
-27913.40173943392,-27913.09424828842
-27913.09424828842,-27913.072811779628
-27913.072811779628,-27912.433860132835
-27913.072811779628,-27913.0710637233
-27913.0710637233,-27913.17121869492
-27913.17121869492,-27913.05551346067
-27913.17121869492,-27913.305629420247
-27913.305629420247,-27912.745062131733
-27913.305629420247,-27913.32035175284
-27913.32035175284,-27913.193727957696
-27913.193727957696,-27912.96323508453
-27913.193727957696,-27912.82001789583
-27913.193727957696,-27912.860930316932
-27913.193727957696,-27913.184818720256
-27913.184818720256,-27912.71947482988
-27913.184818720256,-27912.87510727058
-27913.184818720256,-27912.826029343356
-27913.184818720256,-27913.124820005287
-27913.124820005287,-27912.93771387633
-27912.93771387633,-27912.9993758679
-27912.9993758679,-27912.764131457807
-27912.9993758679,-27912.84082270037
-27912.9993758679,-27912.49733889706
-27912.9993758679,-27913.241987594643
-27913.241987594643,-27912.49646145706
-27913.241987594643,-27912.826522348074
-27913.241987594643,-27913.19028627603
-27913.241987594643,-27912.325657887544
-27913.241987594643,-27913.125025923146
-27913.241987594643,-27913.217212973792
-27913.241987594643,-27912.77971035389
-27913.241987594643,-27912.85311469853
-27913.241987594643,-27913.220015815627
-27913.220015815627,-27912.894644069398
-27913.220015815627,-27912.698212621515
-27913.220015815627,-27912.35173306981
-27913.220015815627,-27913.099163626248
-27913.220015815627,-27913.083437928202
-27913.220015815627,-27913.543364725527
-27913.543364725527,-27913.483291696924
-27913.543364725527,-27913.721347723644
-27913.721347723644,-27913.53171985237
-27913.721347723644,-27913.374302062042
-27913.721347723644,-27913.47886168782
-27913.721347723644,-27913.44025974864
-27913.721347723644,-27913.651374831254
-27913.651374831254,-27913.18491473141
-27913.651374831254,-27913.59490001715
-27913.59490001715,-27913.097617948086
-27913.59490001715,-27913.44056308484
-27913.44056308484,-27913.333656207546
-27913.333656207546,-27912.763445369932
-27913.333656207546,-27912.954550484526
-27913.333656207546,-27912.84525317579
-27913.333656207546,-27913.120832403518
-27913.333656207546,-27913.12462432462
-27913.333656207546,-27912.492127960657
-27913.333656207546,-27913.27096083656
-27913.27096083656,-27912.923051338475
-27913.27096083656,-27913.049252142442
-27913.27096083656,-27913.025729480956
-27913.27096083656,-27913.19429204487
-27913.27096083656,-27912.685553907555
-27913.27096083656,-27912.92062594644
-27913.27096083656,-27913.301997552866
-27913.301997552866,-27913.427336705092
-27913.427336705092,-27913.106883974666
-27913.427336705092,-27913.437732568706
-27913.437732568706,-27913.207455623033
-27913.437732568706,-27913.425067936565
-27913.425067936565,-27913.284045059827
-27913.425067936565,-27913.28459876281
-27913.28459876281,-27912.677588589184
-27913.28459876281,-27913.23441640303
-27913.23441640303,-27912.98520672944
-27912.98520672944,-27913.076365106994
-27913.076365106994,-27912.72967239744
-27913.076365106994,-27912.84125662184
-27913.076365106994,-27912.814700662217
-27913.076365106994,-27912.69061013883
-27913.076365106994,-27913.068470779996
-27913.068470779996,-27913.126990648307
-27913.126990648307,-27912.69444131748
-27913.126990648307,-27913.11291574718
-27913.11291574718,-27912.788457300467
-27913.11291574718,-27913.55296064387
-27913.55296064387,-27913.20134211306
-27913.55296064387,-27913.45491041634
-27913.55296064387,-27913.481397391446
-27913.55296064387,-27913.372790623445
-27913.55296064387,-27913.781189823367
-27913.781189823367,-27913.781189823367
-27913.781189823367,-27913.513024728272
-27913.781189823367,-27913.644331000058
-27913.781189823367,-27913.637563570068
-27913.781189823367,-27913.66619514644
-27913.66619514644,-27913.530668863234
-27913.66619514644,-27913.795098284674
-27913.795098284674,-27913.444145513404
-27913.795098284674,-27913.212397991134
-27913.795098284674,-27913.525863068986
-27913.795098284674,-27913.644737334813
-27913.795098284674,-27913.7899860491
-27913.7899860491,-27913.38772390687
-27913.7899860491,-27913.49565651507
-27913.7899860491,-27913.664965869342
-27913.7899860491,-27913.642484754953
-27913.642484754953,-27913.537613574812
-27913.537613574812,-27913.16579189686
-27913.537613574812,-27914.15557514391
-27914.15557514391,-27913.47685020098
-27914.15557514391,-27914.062309284534
-27914.062309284534,-27913.81430467934
-27914.062309284534,-27914.08434761696
-27914.08434761696,-27914.17897600339
-27914.17897600339,-27913.915257358483
-27914.17897600339,-27913.78500815043
-27914.17897600339,-27913.800446462614
-27914.17897600339,-27913.713774714302
-27914.17897600339,-27913.979569562754
-27913.979569562754,-27913.490343028527
-27913.979569562754,-27913.83353200237
-27913.83353200237,-27912.876029853607
-27913.83353200237,-27913.729314464344
-27913.83353200237,-27913.544550419996
-27913.83353200237,-27913.695255225444
-27913.83353200237,-27913.525698946152
-27913.83353200237,-27913.695160763178
-27913.695160763178,-27913.520864794675
-27913.695160763178,-27912.977989850948
-27913.695160763178,-27913.05923825062
-27913.695160763178,-27913.814387811377
-27913.814387811377,-27913.399221115462
-27913.814387811377,-27913.564400803716
-27913.814387811377,-27913.75035598236
-27913.75035598236,-27913.424223720536
-27913.75035598236,-27913.66354214459
-27913.75035598236,-27913.68818518742
-27913.75035598236,-27913.683288133292
-27913.683288133292,-27913.268153660083
-27913.683288133292,-27913.447030215902
-27913.683288133292,-27913.67973238845
-27913.67973238845,-27913.740846443674
-27913.740846443674,-27913.858141515193
-27913.858141515193,-27913.7958541248
-27913.858141515193,-27913.74709213864
-27913.858141515193,-27913.62008885513
-27913.858141515193,-27914.04622804806
-27914.04622804806,-27913.977458351314
-27914.04622804806,-27913.339433273206
-27914.04622804806,-27914.384028542117
-27914.384028542117,-27914.15978958865
-27914.15978958865,-27913.800380086035
-27914.15978958865,-27913.84672604
-27914.15978958865,-27913.887216632593
-27914.15978958865,-27914.020629568644
-27914.15978958865,-27914.053587629845
-27914.15978958865,-27913.61063668962
-27914.15978958865,-27914.270395113304
-27914.270395113304,-27913.6547581456
-27914.270395113304,-27913.995498899665
-27914.270395113304,-27914.150030458586
-27914.150030458586,-27913.74099115742
-27914.150030458586,-27913.881693847936
-27914.150030458586,-27914.068986683564
-27914.068986683564,-27913.832930370816
-27914.068986683564,-27913.63449132541
-27914.068986683564,-27913.858091362807
-27914.068986683564,-27913.86489308156
-27914.068986683564,-27913.470277305496
-27914.068986683564,-27913.57470979538
-27914.068986683564,-27914.022993518225
-27914.068986683564,-27913.565063454524
-27914.068986683564,-27913.507954697245
-27914.068986683564,-27913.98614090532
-27913.98614090532,-27913.997879766874
-27913.997879766874,-27913.846208074192
-27913.997879766874,-27913.771093017534
-27913.997879766874,-27913.62985984037
-27913.997879766874,-27913.618999790207
-27913.997879766874,-27914.049791118472
-27914.049791118472,-27913.464074643416
-27914.049791118472,-27913.909256510495
-27913.909256510495,-27913.430864652506
-27913.909256510495,-27913.575714129423
-27913.909256510495,-27913.305610640196
-27913.909256510495,-27913.983725008864
-27913.983725008864,-27913.61831961186
-27913.983725008864,-27913.939435164975
-27913.939435164975,-27913.49659621251
-27913.939435164975,-27914.019154338912
-27914.019154338912,-27914.36377474886
-27914.36377474886,-27913.84977731339
-27914.36377474886,-27914.43610814598
-27914.43610814598,-27914.03833062879
-27914.43610814598,-27913.94967650394
-27914.43610814598,-27914.40618496452
-27914.40618496452,-27914.13592165951
-27914.40618496452,-27914.00007172503
-27914.40618496452,-27913.798153251053
-27914.40618496452,-27914.44558472971
-27914.44558472971,-27914.185036931263
-27914.44558472971,-27913.646810977803
-27914.44558472971,-27914.284916528497
-27914.44558472971,-27914.298930771463
-27914.44558472971,-27914.251980942354
-27914.251980942354,-27913.67621420059
-27914.251980942354,-27913.636228865536
-27914.251980942354,-27913.265721734748
-27914.251980942354,-27913.94774140994
-27914.251980942354,-27913.97582332602
-27914.251980942354,-27913.7207484012
-27914.251980942354,-27913.881247939757
-27914.251980942354,-27913.774415600816
-27914.251980942354,-27913.999332272335
-27914.251980942354,-27913.78888798553
-27914.251980942354,-27913.730097970983
-27914.251980942354,-27913.978118751387
-27914.251980942354,-27913.79233854597
-27914.251980942354,-27913.849290007194
-27914.251980942354,-27914.035690879624
-27914.251980942354,-27913.94409752449
-27914.251980942354,-27913.751570624634
-27914.251980942354,-27913.846076840877
-27914.251980942354,-27914.07832943806
-27914.251980942354,-27913.882460863355
-27914.251980942354,-27913.843746031238
-27914.251980942354,-27913.9925785965
-27914.251980942354,-27913.635284072352
-27914.251980942354,-27913.941507513817
-27913.941507513817,-27913.600310257025
-27913.941507513817,-27913.67488397007
-27913.941507513817,-27913.75817177515
-27913.941507513817,-27913.58718208786
-27913.941507513817,-27913.700518819503
-27913.941507513817,-27913.72205098375
-27913.941507513817,-27913.309965306675
-27913.941507513817,-27913.704704690717
-27913.941507513817,-27913.55901952998
-27913.941507513817,-27913.61264559436
-27913.941507513817,-27913.578207336574
-27913.941507513817,-27913.968619677507
-27913.968619677507,-27913.861585655108
-27913.968619677507,-27913.531737800404
-27913.968619677507,-27913.86125130715
-27913.968619677507,-27913.625759858667
-27913.968619677507,-27914.342736240906
-27914.342736240906,-27913.72277900002
-27914.342736240906,-27913.839078742774
-27914.342736240906,-27913.88484456233
-27914.342736240906,-27914.66035106881
-27914.66035106881,-27914.322290519187
-27914.66035106881,-27914.423984239565
-27914.423984239565,-27913.741812716038
-27914.423984239565,-27914.080529079118
-27914.423984239565,-27914.134619560282
-27914.423984239565,-27914.139039804708
-27914.423984239565,-27914.102787954416
-27914.423984239565,-27913.8703775672
-27914.423984239565,-27914.088283286183
-27914.423984239565,-27913.999044761727
-27914.423984239565,-27914.62166084876
-27914.62166084876,-27913.946590735562
-27914.62166084876,-27914.4022690373
-27914.62166084876,-27914.549293557546
-27914.549293557546,-27914.549293557546
-27914.549293557546,-27914.59841000605
-27914.59841000605,-27914.330602820435
-27914.59841000605,-27914.0497458995
-27914.59841000605,-27914.62537818152
-27914.62537818152,-27914.022794260145
-27914.62537818152,-27914.27650727231
-27914.62537818152,-27914.697877135102
-27914.697877135102,-27914.33311857027
-27914.697877135102,-27914.772415947376
-27914.772415947376,-27914.772415947376
-27914.772415947376,-27914.580560191724
-27914.772415947376,-27914.406118152896
-27914.772415947376,-27914.455962323074
-27914.772415947376,-27914.145366589277
-27914.772415947376,-27914.556606579
-27914.772415947376,-27914.23250927128
-27914.772415947376,-27914.707539181378
-27914.772415947376,-27914.936080404666
-27914.936080404666,-27914.43262433711
-27914.936080404666,-27914.9327862466
-27914.9327862466,-27914.684960488303
-27914.9327862466,-27914.8374255594
-27914.9327862466,-27914.66519428791
-27914.9327862466,-27915.026641106793
-27915.026641106793,-27914.729581171825
-27915.026641106793,-27914.6577108434
-27915.026641106793,-27914.443925754178
-27915.026641106793,-27915.2513528771
-27915.2513528771,-27914.81659911162
-27915.2513528771,-27914.58332650799
-27915.2513528771,-27915.232181085696
-27915.232181085696,-27914.616894585295
-27915.232181085696,-27914.864140151796
-27915.232181085696,-27915.19727983511
-27915.19727983511,-27915.040884844835
-27915.040884844835,-27914.59235943616
-27915.040884844835,-27914.272924937417
-27915.040884844835,-27914.733094446994
-27915.040884844835,-27914.668623211626
-27915.040884844835,-27914.86126408451
-27915.040884844835,-27914.746722840795
-27914.746722840795,-27914.94977650164
-27914.94977650164,-27914.69873058387
-27914.94977650164,-27914.626590366664
-27914.94977650164,-27914.54198928614
-27914.94977650164,-27914.210584319357
-27914.94977650164,-27914.11337806537
-27914.94977650164,-27914.577431868045
-27914.94977650164,-27914.483435719118
-27914.94977650164,-27914.73797218233
-27914.94977650164,-27914.489045811126
-27914.94977650164,-27914.6179226393
-27914.94977650164,-27914.66517583057
-27914.94977650164,-27915.004194493427
-27915.004194493427,-27914.670226952214
-27915.004194493427,-27914.702173036945
-27915.004194493427,-27914.87519869516
-27914.87519869516,-27913.92011017417
-27914.87519869516,-27914.56817054028
-27914.87519869516,-27915.000993323567
-27915.000993323567,-27914.74005046442
-27915.000993323567,-27914.779586309483
-27915.000993323567,-27914.923645791136
-27915.000993323567,-27914.208560205567
-27915.000993323567,-27914.890906896755
-27915.000993323567,-27915.16915667595
-27915.16915667595,-27914.708092892062
-27915.16915667595,-27914.939150945665
-27915.16915667595,-27914.934741166748
-27915.16915667595,-27914.847843520347
-27915.16915667595,-27914.94932499753
-27914.94932499753,-27914.442474497424
-27914.94932499753,-27914.734888323786
-27914.94932499753,-27915.097793432782
-27915.097793432782,-27914.99324729908
-27914.99324729908,-27914.75036551257
-27914.99324729908,-27914.873914672193
-27914.99324729908,-27914.883019225108
-27914.99324729908,-27914.700502203545
-27914.99324729908,-27915.302936172477
-27915.302936172477,-27915.11852994192
-27915.302936172477,-27914.90193461558
-27915.302936172477,-27915.033318359514
-27915.302936172477,-27914.91430236394
-27915.302936172477,-27914.9004402301
-27915.302936172477,-27914.99433501369
-27915.302936172477,-27915.085010368643
-27915.302936172477,-27915.24114196798
-27915.24114196798,-27914.74082115067
-27915.24114196798,-27914.909322976986
-27915.24114196798,-27915.029345360832
-27915.24114196798,-27915.131702458126
-27915.24114196798,-27914.55057773804
-27915.24114196798,-27915.078364280696
-27915.24114196798,-27914.398358221923
-27915.24114196798,-27914.89349150855
-27915.24114196798,-27914.807320088723
-27915.24114196798,-27914.798634113868
-27915.24114196798,-27914.911719168682
-27915.24114196798,-27915.025290363166
-27915.24114196798,-27914.901550880262
-27915.24114196798,-27915.23574332787
-27915.23574332787,-27915.214892820048
-27915.23574332787,-27914.860610934476
-27914.860610934476,-27914.343256627217
-27914.860610934476,-27914.503466146747
-27914.860610934476,-27914.366328580796
-27914.860610934476,-27914.45266821434
-27914.860610934476,-27914.49103814938
-27914.860610934476,-27914.84661657796
-27914.84661657796,-27914.597443392788
-27914.84661657796,-27914.00894978679
-27914.84661657796,-27914.570973016114
-27914.84661657796,-27914.853722988933
-27914.853722988933,-27914.624436468934
-27914.853722988933,-27914.13443735779
-27914.853722988933,-27914.264260394295
-27914.853722988933,-27914.312165269526
-27914.853722988933,-27914.202622185872
-27914.853722988933,-27914.789353598568
-27914.789353598568,-27914.07442572836
-27914.789353598568,-27914.350082107383
-27914.789353598568,-27914.466139805194
-27914.789353598568,-27914.754110582693
-27914.789353598568,-27914.348730481994
-27914.789353598568,-27914.484223206844
-27914.484223206844,-27913.977346006042
-27914.484223206844,-27914.531463262643
-27914.531463262643,-27914.36386122465
-27914.531463262643,-27914.413503759166
-27914.413503759166,-27913.967902462646
-27914.413503759166,-27914.189849186
-27914.413503759166,-27914.0376288032
-27914.413503759166,-27914.1104292981
-27914.413503759166,-27913.91048211888
-27914.413503759166,-27914.356247891774
-27914.356247891774,-27914.114903433263
-27914.114903433263,-27914.00980330561
-27914.114903433263,-27913.800306891255
-27914.114903433263,-27913.996672875168
-27913.996672875168,-27913.425734029894
-27913.996672875168,-27913.814449209185
-27913.996672875168,-27913.685441895203
-27913.996672875168,-27913.935535928078
-27913.996672875168,-27913.631116091892
-27913.996672875168,-27913.41682598594
-27913.996672875168,-27913.759818533457
-27913.996672875168,-27913.33260926649
-27913.996672875168,-27913.556429452885
-27913.996672875168,-27913.66746031004
-27913.996672875168,-27913.832160922393
-27913.996672875168,-27913.444984931768
-27913.996672875168,-27913.376606039747
-27913.996672875168,-27913.31579267093
-27913.996672875168,-27913.50638104649
-27913.996672875168,-27913.50393925063
-27913.996672875168,-27914.039472211443
-27914.039472211443,-27913.627965993615
-27914.039472211443,-27913.879456858274
-27913.879456858274,-27913.49102599777
-27913.879456858274,-27913.506229449784
-27913.879456858274,-27913.409381758796
-27913.879456858274,-27913.253582870217
-27913.879456858274,-27913.970500177962
-27913.970500177962,-27913.880491433403
-27913.970500177962,-27913.4808896288
-27913.970500177962,-27913.244230939305
-27913.970500177962,-27914.022009566444
-27914.022009566444,-27913.57481565072
-27914.022009566444,-27914.18189945794
-27914.18189945794,-27913.94648031065
-27914.18189945794,-27913.52470317275
-27913.52470317275,-27913.50725205245
-27913.50725205245,-27913.50725205245
-27913.50725205245,-27913.125015785477
-27913.50725205245,-27912.974892632636
-27913.50725205245,-27912.994822327797
-27913.50725205245,-27913.339487511133
-27913.50725205245,-27913.145175300302
-27913.50725205245,-27913.170732306226
-27913.50725205245,-27913.57138163735
-27913.57138163735,-27913.362271729446
-27913.362271729446,-27913.49205881872
-27913.49205881872,-27913.095593319405
-27913.49205881872,-27913.397982957555
-27913.49205881872,-27913.704549445756
-27913.704549445756,-27913.22370287512
-27913.704549445756,-27913.43879370388
-27913.704549445756,-27913.513664972153
-27913.704549445756,-27913.413364223496
-27913.704549445756,-27913.441806774095
-27913.704549445756,-27913.540767180366
-27913.704549445756,-27913.52676478315
-27913.704549445756,-27913.429012390174
-27913.704549445756,-27913.32668591382
-27913.704549445756,-27913.462199301266
-27913.704549445756,-27912.985272123333
-27913.704549445756,-27913.88798875387
-27913.88798875387,-27913.77635096499
-27913.88798875387,-27913.186109563292
-27913.88798875387,-27913.82684794542
-27913.88798875387,-27913.567103125053
-27913.88798875387,-27913.42809238569
-27913.88798875387,-27913.195486973254
-27913.88798875387,-27914.07478511363
-27914.07478511363,-27913.780107968894
-27914.07478511363,-27913.803676631127
-27914.07478511363,-27914.302106640615
-27914.302106640615,-27913.918408533984
-27914.302106640615,-27913.952680531314
-27913.952680531314,-27913.795052438876
-27913.952680531314,-27913.749198078785
-27913.952680531314,-27913.602129911014
-27913.952680531314,-27913.839262820115
-27913.839262820115,-27913.028900001773
-27913.839262820115,-27913.535816431937
-27913.839262820115,-27913.770577364576
-27913.770577364576,-27913.333990442028
-27913.770577364576,-27913.825320602657
-27913.825320602657,-27913.288692282993
-27913.825320602657,-27913.31571281444
-27913.825320602657,-27913.926366647123
-27913.926366647123,-27913.414634813696
-27913.926366647123,-27913.838275453993
-27913.926366647123,-27913.93211222276
-27913.93211222276,-27913.76785263799
-27913.93211222276,-27913.580545216777
-27913.93211222276,-27913.856018694045
-27913.856018694045,-27913.49842222315
-27913.856018694045,-27913.47763991256
-27913.856018694045,-27913.735293436643
-27913.735293436643,-27913.61247053839
-27913.735293436643,-27913.367084992722
-27913.735293436643,-27913.764184863085
-27913.764184863085,-27913.642273656722
-27913.642273656722,-27913.376100605972
-27913.642273656722,-27913.593406845797
-27913.642273656722,-27913.52934363057
-27913.52934363057,-27913.529213896843
-27913.529213896843,-27913.246259978598
-27913.529213896843,-27913.080326363666
-27913.529213896843,-27913.114449711342
-27913.529213896843,-27913.311721137492
-27913.529213896843,-27913.304130811248
-27913.304130811248,-27913.081960741285
-27913.304130811248,-27913.044178395307
-27913.304130811248,-27912.909818010143
-27913.304130811248,-27912.970244955693
-27913.304130811248,-27912.92349951907
-27913.304130811248,-27913.150836763674
-27913.304130811248,-27912.55380892765
-27913.304130811248,-27913.35579065966
-27913.35579065966,-27913.11199296266
-27913.35579065966,-27913.28370753523
-27913.35579065966,-27913.322078931877
-27913.322078931877,-27913.354107429957
-27913.354107429957,-27913.04374572994
-27913.04374572994,-27912.614558157667
-27913.04374572994,-27912.65993690852
-27913.04374572994,-27913.0396215268
-27913.0396215268,-27913.35063587289
-27913.35063587289,-27913.393030927786
-27913.393030927786,-27913.343387735902
-27913.343387735902,-27913.29873579715
-27913.29873579715,-27912.876974505423
-27913.29873579715,-27912.847921698893
-27913.29873579715,-27912.83777329025
-27913.29873579715,-27913.02998138177
-27913.29873579715,-27913.515435319492
-27913.515435319492,-27913.47035128217
-27913.47035128217,-27913.285157707207
-27913.47035128217,-27913.401669612264
-27913.47035128217,-27912.952936203375
-27913.47035128217,-27913.15340602463
-27913.47035128217,-27913.26196607711
-27913.47035128217,-27912.961888552185
-27913.47035128217,-27913.277917976156
-27913.47035128217,-27913.08543047277
-27913.47035128217,-27913.401669612264
-27913.401669612264,-27913.12599729461
-27913.401669612264,-27913.276851932602
-27913.401669612264,-27912.982777429803
-27913.401669612264,-27912.719031517885
-27913.401669612264,-27912.93519818825
-27913.401669612264,-27913.195769241294
-27913.401669612264,-27912.792403663334
-27913.401669612264,-27913.055880503518
-27913.401669612264,-27913.392600610896
-27913.392600610896,-27913.392600610896
-27913.392600610896,-27913.116354981343
-27913.392600610896,-27913.549062062208
-27913.549062062208,-27913.29407432217
-27913.549062062208,-27913.175438907077
-27913.549062062208,-27913.746068746652
-27913.746068746652,-27913.452908846055
-27913.452908846055,-27913.452908846055
-27913.452908846055,-27912.875965660965
-27913.452908846055,-27913.25475502322
-27913.452908846055,-27913.86167863426
-27913.86167863426,-27913.305928391594
-27913.86167863426,-27913.79064566786
-27913.79064566786,-27913.760141633822
-27913.760141633822,-27913.315797932206
-27913.760141633822,-27913.84120548361
-27913.84120548361,-27913.404213901995
-27913.84120548361,-27913.805706571562
-27913.805706571562,-27913.66023978728
-27913.66023978728,-27913.517325805147
-27913.66023978728,-27913.847847796886
-27913.847847796886,-27913.539713115846
-27913.847847796886,-27913.55403409425
-27913.55403409425,-27913.44426966766
-27913.55403409425,-27913.51676204034
-27913.51676204034,-27913.254128487548
-27913.51676204034,-27913.194684615315
-27913.51676204034,-27912.7611868627
-27913.51676204034,-27912.63597330018
-27913.51676204034,-27913.553870852676
-27913.553870852676,-27913.098069685297
-27913.553870852676,-27913.347140227692
-27913.553870852676,-27913.261728160553
-27913.553870852676,-27913.7000815539
-27913.7000815539,-27913.41106599136
-27913.7000815539,-27913.30740976242
-27913.7000815539,-27913.5574253561
-27913.7000815539,-27913.422560840696
-27913.7000815539,-27913.642494061056
-27913.642494061056,-27913.168893201484
-27913.642494061056,-27913.408728262915
-27913.642494061056,-27913.94566215122
-27913.94566215122,-27913.9321521948
-27913.9321521948,-27913.767051941566
-27913.767051941566,-27912.964073194777
-27913.767051941566,-27914.022581830966
-27914.022581830966,-27913.19648932208
-27914.022581830966,-27913.84895240895
-27914.022581830966,-27913.79564244025
-27914.022581830966,-27913.400860410038
-27914.022581830966,-27913.819418138995
-27914.022581830966,-27913.691241592718
-27914.022581830966,-27913.29955575512
-27914.022581830966,-27913.229843867954
-27914.022581830966,-27913.791559699395
-27914.022581830966,-27914.237544227122
-27914.237544227122,-27914.145087536213
-27914.237544227122,-27913.9416211096
-27914.237544227122,-27914.338470562587
-27914.338470562587,-27913.599121603722
-27914.338470562587,-27913.770090005353
-27914.338470562587,-27914.11851965416
-27914.338470562587,-27913.728083146954
-27914.338470562587,-27913.667197970448
-27914.338470562587,-27913.868747534034
-27914.338470562587,-27914.124362785686
-27914.338470562587,-27914.00899458348
-27914.338470562587,-27913.844112896688
-27914.338470562587,-27914.316096529645
-27914.316096529645,-27914.02456328966
-27914.316096529645,-27913.579008074346
-27914.316096529645,-27914.08337716907
-27914.316096529645,-27913.809714035
-27914.316096529645,-27913.83085881117
-27914.316096529645,-27913.79428028553
-27914.316096529645,-27913.661461328396
-27914.316096529645,-27913.849200838227
-27914.316096529645,-27914.127011343622
-27914.316096529645,-27913.902340739347
-27914.316096529645,-27914.13817708107
-27914.316096529645,-27914.548471517995
-27914.548471517995,-27914.548471517995
-27914.548471517995,-27913.948543124396
-27914.548471517995,-27914.0279194572
-27914.548471517995,-27913.964356045
-27914.548471517995,-27913.94190216536
-27914.548471517995,-27914.821278768843
-27914.821278768843,-27914.638764486008
-27914.638764486008,-27914.638764486008
-27914.638764486008,-27914.60280431377
-27914.60280431377,-27913.990055528277
-27914.60280431377,-27914.210772969713
-27914.60280431377,-27914.278418262686
-27914.278418262686,-27913.905578824695
-27914.278418262686,-27913.685691805444
-27914.278418262686,-27913.833325680265
-27914.278418262686,-27914.2090693586
-27914.278418262686,-27914.056945693155
-27914.278418262686,-27913.736546235115
-27914.278418262686,-27914.647360621828
-27914.647360621828,-27914.647360621828
-27914.647360621828,-27914.58215261197
-27914.647360621828,-27914.736863371272
-27914.736863371272,-27914.246362336686
-27914.736863371272,-27914.684690557224
-27914.736863371272,-27914.468414209703
-27914.736863371272,-27914.25173774024
-27914.736863371272,-27914.14425788721
-27914.736863371272,-27914.176089493107
-27914.736863371272,-27913.95389935556
-27914.736863371272,-27914.844859947443
-27914.844859947443,-27914.29856686992
-27914.844859947443,-27914.410084765896
-27914.844859947443,-27914.42901999747
-27914.844859947443,-27914.506200436415
-27914.844859947443,-27914.778066938394
-27914.844859947443,-27914.169552907893
-27914.844859947443,-27914.645713474678
-27914.844859947443,-27914.289363892327
-27914.844859947443,-27914.526382519824
-27914.844859947443,-27914.636901861213
-27914.844859947443,-27914.2557951399
-27914.844859947443,-27914.466349761853
-27914.844859947443,-27914.604148420036
-27914.844859947443,-27914.2557951399
-27914.844859947443,-27914.52793192413
-27914.844859947443,-27914.45000353576
-27914.45000353576,-27914.344065400364
-27914.344065400364,-27914.07214949192
-27914.344065400364,-27913.827634943824
-27914.344065400364,-27914.09396233992
-27914.09396233992,-27914.370486965316
-27914.370486965316,-27914.171958802108
-27914.370486965316,-27913.77958121159
-27914.370486965316,-27914.402790523276
-27914.402790523276,-27914.176633328887
-27914.402790523276,-27914.187175220904
-27914.402790523276,-27913.856577669834
-27914.402790523276,-27914.18700387814
-27914.402790523276,-27914.014827814302
-27914.402790523276,-27913.7057929927
-27914.402790523276,-27914.48509211883
-27914.48509211883,-27913.979540191365
-27914.48509211883,-27913.766213570743
-27914.48509211883,-27914.342236722205
-27914.342236722205,-27914.081577058358
-27914.342236722205,-27913.68825867735
-27914.342236722205,-27913.825840509297
-27914.342236722205,-27913.470862970575
-27914.342236722205,-27914.153013984953
-27914.153013984953,-27914.083624387837
-27914.083624387837,-27913.76092089777
-27914.083624387837,-27914.21121927975
-27914.21121927975,-27914.135109988598
-27914.135109988598,-27914.22362970473
-27914.22362970473,-27914.231025867895
-27914.231025867895,-27913.939124964323
-27914.231025867895,-27914.273446057425
-27914.273446057425,-27913.94870875477
-27914.273446057425,-27913.822641707306
-27914.273446057425,-27914.035455941306
-27914.273446057425,-27914.58163008564
-27914.58163008564,-27914.393394779552
-27914.58163008564,-27915.02856546688
-27915.02856546688,-27914.959343153107
-27914.959343153107,-27914.946089741912
-27914.946089741912,-27914.58273168951
-27914.946089741912,-27914.455167009157
-27914.946089741912,-27914.576841969396
-27914.946089741912,-27914.847841164563
-27914.946089741912,-27915.079942951503
-27915.079942951503,-27914.968437993593
-27915.079942951503,-27914.62817458772
-27915.079942951503,-27914.49203409384
-27915.079942951503,-27914.29023279553
-27915.079942951503,-27914.524601892615
-27915.079942951503,-27914.825726006915
-27915.079942951503,-27915.281699986943
-27915.281699986943,-27914.1229653903
-27915.281699986943,-27915.052192322
-27915.281699986943,-27915.13103958193
-27915.281699986943,-27914.82966366633
-27915.281699986943,-27915.381591551704
-27915.381591551704,-27915.40019178101
-27915.40019178101,-27915.079001719045
-27915.40019178101,-27915.45435373653
-27915.45435373653,-27914.913158517422
-27915.45435373653,-27915.355952699058
-27915.45435373653,-27914.59697886597
-27915.45435373653,-27915.42737381048
-27915.42737381048,-27914.771861989393
-27915.42737381048,-27915.059709331596
-27915.42737381048,-27914.634754739964
-27915.42737381048,-27915.119611969654
-27915.42737381048,-27915.099613828097
-27915.42737381048,-27914.96679366485
-27915.42737381048,-27915.114154029576
-27915.42737381048,-27914.822134152826
-27915.42737381048,-27915.562676099882
-27915.562676099882,-27914.902287202684
-27915.562676099882,-27915.27163221834
-27915.562676099882,-27915.407045716245
-27915.562676099882,-27914.98201131822
-27915.562676099882,-27915.372427713686
-27915.562676099882,-27915.123477976274
-27915.562676099882,-27915.014894595726
-27915.562676099882,-27915.17069531358
-27915.562676099882,-27915.22810309086
-27915.562676099882,-27915.353132092194
-27915.562676099882,-27915.196637030742
-27915.562676099882,-27915.25803691226
-27915.562676099882,-27915.516523241196
-27915.562676099882,-27914.926095991235
-27915.562676099882,-27915.24437320138
-27915.562676099882,-27915.339266279057
-27915.339266279057,-27915.163882162527
-27915.339266279057,-27915.435361115957
-27915.435361115957,-27914.750839551332
-27915.435361115957,-27915.07634827495
-27915.07634827495,-27914.86572667279
-27915.07634827495,-27914.535465431603
-27915.07634827495,-27914.568339500107
-27915.07634827495,-27914.836068335717
-27915.07634827495,-27914.76400074351
-27915.07634827495,-27914.488288763183
-27915.07634827495,-27914.570171402353
-27915.07634827495,-27914.79665791402
-27915.07634827495,-27914.858605212365
-27914.858605212365,-27914.271061008603
-27914.858605212365,-27914.688545374283
-27914.858605212365,-27915.09303353004
-27915.09303353004,-27914.97323621917
-27915.09303353004,-27914.34010769301
-27915.09303353004,-27914.13004049758
-27915.09303353004,-27914.767916208377
-27915.09303353004,-27914.234972004033
-27915.09303353004,-27914.402455668005
-27915.09303353004,-27914.553409804124
-27915.09303353004,-27914.84237943838
-27915.09303353004,-27914.78235297973
-27915.09303353004,-27915.011307830715
-27915.011307830715,-27915.005916403916
-27915.005916403916,-27914.63293599829
-27915.005916403916,-27915.063586867676
-27915.063586867676,-27914.54301183366
-27915.063586867676,-27914.95375770387
-27915.063586867676,-27915.138132003616
-27915.138132003616,-27915.07173941572
-27915.138132003616,-27914.714339702357
-27915.138132003616,-27914.279627837892
-27915.138132003616,-27914.800489524725
-27915.138132003616,-27915.208089250158
-27915.208089250158,-27914.935745523308
-27915.208089250158,-27914.76963274257
-27915.208089250158,-27914.534219289482
-27915.208089250158,-27914.96649086271
-27915.208089250158,-27915.07493962619
-27915.208089250158,-27915.210640706897
-27915.210640706897,-27914.844652509833
-27915.210640706897,-27914.672004706783
-27915.210640706897,-27915.200939148417
-27915.200939148417,-27915.060862260932
-27915.200939148417,-27914.892780299222
-27915.200939148417,-27914.86757874496
-27915.200939148417,-27914.877590072476
-27914.877590072476,-27914.91788193103
-27914.91788193103,-27914.71855052843
-27914.91788193103,-27914.717000340657
-27914.91788193103,-27914.75475072627
-27914.91788193103,-27914.640102050416
-27914.91788193103,-27914.563972473006
-27914.91788193103,-27914.50887476847
-27914.91788193103,-27914.873744774242
-27914.873744774242,-27914.67412594482
-27914.873744774242,-27914.244010516963
-27914.873744774242,-27914.275611293
-27914.873744774242,-27914.061051140594
-27914.873744774242,-27914.87993435059
-27914.87993435059,-27914.750648614663
-27914.750648614663,-27914.530594452874
-27914.750648614663,-27914.822209885388
-27914.822209885388,-27914.7726873227
-27914.7726873227,-27914.48703888369
-27914.7726873227,-27914.10512340499
-27914.7726873227,-27913.972128168778
-27914.7726873227,-27914.598328229495
-27914.7726873227,-27913.930269736727
-27914.7726873227,-27914.64607125812
-27914.64607125812,-27914.407983467136
-27914.64607125812,-27914.31948611851
-27914.64607125812,-27914.699803766132
-27914.699803766132,-27914.433498598657
-27914.699803766132,-27913.983452667242
-27914.699803766132,-27914.016821713856
-27914.699803766132,-27914.21442891042
-27914.699803766132,-27914.137508608615
-27914.699803766132,-27914.397323885696
-27914.397323885696,-27914.148538628968
-27914.397323885696,-27914.261143971817
-27914.397323885696,-27914.2485381129
-27914.397323885696,-27914.214187827332
-27914.397323885696,-27913.93093485716
-27914.397323885696,-27914.20790371498
-27914.20790371498,-27913.51808285721
-27914.20790371498,-27913.478644098246
-27914.20790371498,-27914.211378539694
-27914.211378539694,-27913.992652789264
-27914.211378539694,-27913.62426962541
-27914.211378539694,-27914.085713979886
-27914.085713979886,-27913.811072016197
-27914.085713979886,-27913.77505323897
-27914.085713979886,-27914.20725081709
-27914.20725081709,-27913.848671289554
-27914.20725081709,-27914.11518852015
-27914.11518852015,-27913.575114195406
-27914.11518852015,-27913.44293108474
-27914.11518852015,-27913.705335347946
-27914.11518852015,-27914.057607206698
-27914.057607206698,-27913.59251718932
-27914.057607206698,-27913.946654470146
-27914.057607206698,-27913.98235377983
-27913.98235377983,-27913.38987519987
-27913.98235377983,-27913.283217980246
-27913.98235377983,-27913.604539926615
-27913.98235377983,-27914.11351084574
-27914.11351084574,-27913.99257660283
-27914.11351084574,-27913.963464825167
-27914.11351084574,-27913.936646367707
-27914.11351084574,-27914.257808662907
-27914.257808662907,-27913.905846386413
-27914.257808662907,-27914.505194383135
-27914.505194383135,-27914.124834865594
-27914.505194383135,-27914.533582694356
-27914.533582694356,-27914.450068572834
-27914.450068572834,-27914.16711081333
-27914.450068572834,-27914.027918737116
-27914.450068572834,-27914.526504074085
-27914.526504074085,-27913.96459492793
-27914.526504074085,-27914.205539532875
-27914.526504074085,-27914.273573612303
-27914.526504074085,-27914.461282052056
-27914.461282052056,-27914.476071942663
-27914.476071942663,-27914.241091755903
-27914.476071942663,-27914.538252797214
-27914.538252797214,-27914.125487275654
-27914.538252797214,-27914.325634444867
-27914.538252797214,-27914.25025206875
-27914.538252797214,-27914.300802269594
-27914.538252797214,-27914.056554062714
-27914.538252797214,-27914.659306782763
-27914.659306782763,-27913.88276722753
-27914.659306782763,-27914.557478660496
-27914.659306782763,-27914.101046688793
-27914.659306782763,-27914.393865040405
-27914.659306782763,-27914.146429376167
-27914.659306782763,-27914.5590094373
-27914.5590094373,-27914.29836625432
-27914.5590094373,-27913.81247011931
-27914.5590094373,-27914.317517147087
-27914.317517147087,-27914.269864553353
-27914.317517147087,-27913.863675764478
-27914.317517147087,-27914.05173962179
-27914.317517147087,-27914.170369507738
-27914.317517147087,-27914.0587267849
-27914.317517147087,-27914.530541355736
-27914.530541355736,-27914.32654502896
-27914.530541355736,-27914.015765158296
-27914.530541355736,-27914.43200465478
-27914.530541355736,-27914.13094475724
-27914.530541355736,-27913.771195300058
-27914.530541355736,-27914.039876192448
-27914.530541355736,-27914.42758725382
-27914.42758725382,-27914.198073225096
-27914.42758725382,-27914.324903795845
-27914.42758725382,-27914.220020003308
-27914.42758725382,-27914.199754348203
-27914.199754348203,-27913.635218655407
-27914.199754348203,-27913.510614487306
-27914.199754348203,-27913.719866455223
-27914.199754348203,-27914.162993837028
-27914.162993837028,-27914.25554889067
-27914.25554889067,-27914.34475757322
-27914.34475757322,-27914.127964614632
-27914.34475757322,-27913.824673511852
-27914.34475757322,-27914.17151149403
-27914.17151149403,-27913.832594497337
-27914.17151149403,-27913.57973038755
-27914.17151149403,-27914.249177736976
-27914.249177736976,-27914.03013898623
-27914.249177736976,-27914.260781662062
-27914.260781662062,-27913.57732597803
-27914.260781662062,-27914.22202190999
-27914.22202190999,-27913.54481815493
-27914.22202190999,-27913.741011032977
-27914.22202190999,-27913.792331302717
-27914.22202190999,-27914.02962121111
-27914.22202190999,-27913.917791987376
-27914.22202190999,-27914.21160900791
-27914.21160900791,-27913.791668866135
-27914.21160900791,-27914.147495191904
-27914.147495191904,-27913.54525125978
-27914.147495191904,-27913.693282850254
-27914.147495191904,-27913.456617073007
-27914.147495191904,-27913.98919432843
-27914.147495191904,-27913.8790071405
-27914.147495191904,-27914.112456947787
-27914.112456947787,-27913.93819029743
-27914.112456947787,-27913.70604256808
-27914.112456947787,-27913.97015386162
-27914.112456947787,-27914.17294421813
-27914.17294421813,-27913.551930994796
-27914.17294421813,-27913.893835094426
-27914.17294421813,-27914.407664033406
-27914.407664033406,-27914.370119553747
-27914.407664033406,-27914.065563306736
-27914.407664033406,-27914.379155169467
-27914.407664033406,-27914.452075503094
-27914.452075503094,-27914.207195999705
-27914.452075503094,-27913.81834317298
-27914.452075503094,-27914.42458081238
-27914.452075503094,-27914.527491275294
-27914.527491275294,-27914.312922863788
-27914.527491275294,-27914.416103696254
-27914.527491275294,-27914.867465905343
-27914.867465905343,-27914.79032534413
-27914.79032534413,-27914.161024735295
-27914.79032534413,-27914.68688437405
-27914.68688437405,-27914.58118984103
-27914.68688437405,-27914.154828297633
-27914.68688437405,-27914.37496184591
-27914.68688437405,-27914.77838149438
-27914.77838149438,-27914.65195124685
-27914.77838149438,-27914.424131578333
-27914.77838149438,-27914.35364682147
-27914.77838149438,-27914.721764863098
-27914.721764863098,-27914.51711473916
-27914.721764863098,-27914.525314221202
-27914.721764863098,-27914.471986020453
-27914.721764863098,-27914.170218167223
-27914.721764863098,-27914.494770938574
-27914.721764863098,-27914.690412884003
-27914.690412884003,-27914.38037555944
-27914.690412884003,-27914.81442810001
-27914.81442810001,-27914.271017336854
-27914.81442810001,-27914.492478371634
-27914.81442810001,-27914.781007005193
-27914.781007005193,-27914.314789391057
-27914.781007005193,-27914.61292332308
-27914.781007005193,-27913.947991312947
-27914.781007005193,-27914.28979495805
-27914.781007005193,-27914.158738947466
-27914.781007005193,-27914.187557465284
-27914.781007005193,-27914.188623645638
-27914.781007005193,-27914.360529477854
-27914.360529477854,-27914.422809250114
-27914.422809250114,-27914.13327745208
-27914.422809250114,-27914.25138737848
-27914.422809250114,-27914.398386295914
-27914.398386295914,-27914.220456946914
-27914.220456946914,-27914.122095049235
-27914.220456946914,-27913.6066157017
-27914.220456946914,-27913.9177757848
-27914.220456946914,-27914.087722093154
-27914.087722093154,-27914.02046066282
-27914.02046066282,-27913.38681700096
-27914.02046066282,-27913.397916247533
-27914.02046066282,-27913.71250492442
-27914.02046066282,-27913.80952393764
-27914.02046066282,-27913.46676751838
-27914.02046066282,-27913.964951135487
-27913.964951135487,-27914.015129469102
-27914.015129469102,-27914.08371490862
-27914.08371490862,-27913.742057736108
-27914.08371490862,-27913.812972647414
-27914.08371490862,-27913.363129255762
-27914.08371490862,-27913.786328966515
-27914.08371490862,-27913.99597485968
-27913.99597485968,-27913.71942590321
-27913.99597485968,-27913.375602432596
-27913.99597485968,-27913.97439188544
-27913.97439188544,-27913.36558010871
-27913.97439188544,-27913.83657745312
-27913.83657745312,-27913.853825415208
-27913.853825415208,-27913.41545545742
-27913.853825415208,-27913.809503718516
-27913.809503718516,-27913.233117261458
-27913.809503718516,-27913.73518175574
-27913.73518175574,-27913.793763715577
-27913.793763715577,-27913.717891970417
-27913.717891970417,-27913.471007905333
-27913.717891970417,-27913.570219700225
-27913.717891970417,-27913.51938342636
-27913.717891970417,-27913.58096994216
-27913.717891970417,-27913.480096134896
-27913.717891970417,-27913.777081260385
-27913.777081260385,-27913.911335948942
-27913.911335948942,-27913.96761604766
-27913.96761604766,-27913.770030500847
-27913.96761604766,-27913.347418516394
-27913.96761604766,-27913.935988225207
-27913.935988225207,-27913.20876289508
-27913.935988225207,-27914.194930459067
-27914.194930459067,-27914.307421844842
-27914.307421844842,-27914.188779145672
-27914.188779145672,-27914.04388893485
-27914.188779145672,-27913.69485285798
-27914.188779145672,-27914.045077016228
-27914.045077016228,-27914.081369900832
-27914.081369900832,-27913.868081392793
-27914.081369900832,-27914.104100674973
-27914.104100674973,-27913.787025655685
-27914.104100674973,-27913.766810870784
-27914.104100674973,-27913.967367733854
-27914.104100674973,-27914.06411389084
-27914.06411389084,-27914.05824133803
-27914.05824133803,-27913.754446513878
-27914.05824133803,-27913.790716470114
-27914.05824133803,-27913.843761884687
-27914.05824133803,-27914.286728210944
-27914.286728210944,-27914.066015073935
-27914.066015073935,-27913.922927524698
-27914.066015073935,-27913.874744398345
-27914.066015073935,-27913.498614289165
-27914.066015073935,-27914.0810921757
-27914.0810921757,-27913.388079371052
-27914.0810921757,-27913.742938481984
-27914.0810921757,-27913.654534354733
-27914.0810921757,-27914.002899815416
-27914.0810921757,-27914.15726492643
-27914.15726492643,-27914.054745082518
-27914.054745082518,-27913.757542085223
-27914.054745082518,-27913.360853340935
-27914.054745082518,-27913.770162195906
-27914.054745082518,-27914.11836284617
-27914.11836284617,-27913.852728328686
-27914.11836284617,-27913.597937351886
-27914.11836284617,-27913.885156992677
-27914.11836284617,-27913.18250206342
-27914.11836284617,-27914.378102828032
-27914.378102828032,-27914.32894426053
-27914.378102828032,-27914.188981731855
-27914.188981731855,-27913.793573861367
-27914.188981731855,-27914.08820280462
-27914.188981731855,-27913.845949014292
-27914.188981731855,-27913.587598783983
-27914.188981731855,-27914.026848519876
-27914.188981731855,-27913.906421194417
-27914.188981731855,-27914.098302519436
-27914.098302519436,-27913.75667163462
-27914.098302519436,-27914.181997165288
-27914.181997165288,-27914.12685586453
-27914.12685586453,-27914.100164922063
-27914.100164922063,-27914.127281411198
-27914.127281411198,-27913.734908279694
-27914.127281411198,-27913.936233221015
-27914.127281411198,-27913.903029595098
-27914.127281411198,-27913.487584194816
-27914.127281411198,-27914.248580711785
-27914.248580711785,-27913.747786117598
-27914.248580711785,-27914.014812282043
-27914.248580711785,-27913.881754677
-27914.248580711785,-27913.594649023136
-27914.248580711785,-27914.304518685967
-27914.304518685967,-27914.304518685967
-27914.304518685967,-27914.074262912036
-27914.304518685967,-27913.965705184328
-27914.304518685967,-27913.93420203751
-27914.304518685967,-27914.15256045916
-27914.304518685967,-27913.551426324128
-27914.304518685967,-27913.92933412796
-27914.304518685967,-27914.079219454456
-27914.304518685967,-27913.583963003723
-27914.304518685967,-27913.939145619523
-27914.304518685967,-27914.143956945893
-27914.304518685967,-27914.141067892062
-27914.304518685967,-27914.20159800068
-27914.20159800068,-27913.8169509126
-27914.20159800068,-27914.44226619842
-27914.44226619842,-27914.154489550747
-27914.44226619842,-27914.055465238405
-27914.44226619842,-27914.383875859563
-27914.44226619842,-27914.39502397911
-27914.39502397911,-27914.05395607849
-27914.39502397911,-27913.80144551913
-27914.39502397911,-27914.24621417836
-27914.24621417836,-27914.048356640775
-27914.24621417836,-27914.08102679425
-27914.08102679425,-27913.787613502755
-27914.08102679425,-27913.778935815004
-27914.08102679425,-27913.805114866947
-27914.08102679425,-27913.39307710694
-27914.08102679425,-27913.390892762753
-27914.08102679425,-27913.82882266144
-27914.08102679425,-27914.049265403977
-27914.049265403977,-27913.861861480866
-27914.049265403977,-27913.9205878449
-27913.9205878449,-27913.743323254912
-27913.9205878449,-27913.721660660864
-27913.9205878449,-27913.444119191598
-27913.9205878449,-27913.653149015292
-27913.9205878449,-27913.66219909861
-27913.9205878449,-27913.512470714668
-27913.9205878449,-27913.486722207635
-27913.9205878449,-27914.131215380265
-27914.131215380265,-27913.72556757155
-27914.131215380265,-27913.857394903418
-27914.131215380265,-27914.05339768416
-27914.131215380265,-27913.89684321239
-27913.89684321239,-27913.845564114163
-27913.89684321239,-27913.681862419628
-27913.89684321239,-27913.522299833632
-27913.89684321239,-27913.535714532176
-27913.89684321239,-27913.593038101422
-27913.89684321239,-27913.328483696077
-27913.89684321239,-27913.548932032067
-27913.89684321239,-27913.51696957592
-27913.89684321239,-27913.51129317484
-27913.89684321239,-27913.856029774994
-27913.89684321239,-27913.69390444636
-27913.89684321239,-27913.763961731674
-27913.89684321239,-27913.369588723494
-27913.89684321239,-27914.111949007933
-27914.111949007933,-27913.57117179314
-27914.111949007933,-27913.292240709947
-27914.111949007933,-27914.05631506674
-27914.05631506674,-27913.820178234364
-27914.05631506674,-27914.156103961486
-27914.156103961486,-27913.80089375771
-27914.156103961486,-27914.246725342553
-27914.246725342553,-27913.9857727055
-27914.246725342553,-27914.106229890298
-27914.246725342553,-27914.206156307904
-27914.206156307904,-27913.895830970727
-27914.206156307904,-27914.113044552905
-27914.206156307904,-27913.895830970727
-27914.206156307904,-27914.09703140825
-27914.09703140825,-27913.99726335082
-27913.99726335082,-27913.388267731367
-27913.99726335082,-27913.649679366583
-27913.99726335082,-27913.676495075022
-27913.99726335082,-27913.289569321314
-27913.99726335082,-27913.979200906084
-27913.979200906084,-27913.810362069747
-27913.810362069747,-27913.72569784608
-27913.810362069747,-27913.74121990505
-27913.810362069747,-27913.70912894002
-27913.810362069747,-27913.496693434416
-27913.810362069747,-27913.889684246853
-27913.889684246853,-27913.517651373637
-27913.889684246853,-27913.60017808713
-27913.889684246853,-27913.699590377066
-27913.889684246853,-27913.556320993754
-27913.889684246853,-27913.76252841366
-27913.889684246853,-27914.08317810902
-27914.08317810902,-27913.527110677325
-27914.08317810902,-27913.653921410343
-27914.08317810902,-27913.544109628674
-27914.08317810902,-27913.42265231342
-27914.08317810902,-27913.716623065557
-27914.08317810902,-27913.322255712203
-27914.08317810902,-27913.391638491863
-27914.08317810902,-27913.429202037612
-27914.08317810902,-27914.081943449695
-27914.081943449695,-27913.885791348952
-27914.081943449695,-27914.03122910385
-27914.03122910385,-27913.406617116754
-27914.03122910385,-27913.38589586322
-27914.03122910385,-27913.621907959077
-27914.03122910385,-27913.81225724583
-27914.03122910385,-27913.8307402065
-27913.8307402065,-27913.76005007325
-27913.8307402065,-27913.788715515282
-27913.788715515282,-27913.723748593402
-27913.788715515282,-27913.28530635305
-27913.788715515282,-27913.487014805054
-27913.788715515282,-27913.775599444678
-27913.775599444678,-27913.70145935731
-27913.70145935731,-27912.945649111443
-27913.70145935731,-27913.239753093607
-27913.70145935731,-27913.554000767028
-27913.70145935731,-27913.27996425939
-27913.70145935731,-27913.345540838032
-27913.70145935731,-27913.57062130654
-27913.70145935731,-27913.740399367343
-27913.740399367343,-27913.52376526565
-27913.740399367343,-27913.533639888417
-27913.740399367343,-27913.023348501614
-27913.740399367343,-27913.196899321734
-27913.740399367343,-27913.289183533594
-27913.740399367343,-27913.52594219007
-27913.740399367343,-27913.083116441307
-27913.740399367343,-27913.77571540789
-27913.77571540789,-27913.93025686031
-27913.93025686031,-27913.594885737228
-27913.93025686031,-27913.547828392577
-27913.93025686031,-27914.0822774282
-27914.0822774282,-27913.688806554586
-27914.0822774282,-27913.947881410564
-27914.0822774282,-27914.421455212072
-27914.421455212072,-27914.035584436533
-27914.421455212072,-27913.701501011645
-27914.421455212072,-27914.238279270277
-27914.421455212072,-27913.82170992226
-27914.421455212072,-27913.91300893152
-27914.421455212072,-27913.89123110177
-27914.421455212072,-27914.200002518766
-27914.421455212072,-27913.935656356643
-27914.421455212072,-27913.87701314845
-27914.421455212072,-27913.99502297814
-27914.421455212072,-27914.128098339126
-27914.421455212072,-27913.96509410345
-27914.421455212072,-27914.102458475754
-27914.421455212072,-27914.151387228245
-27914.421455212072,-27914.312427005218
-27914.421455212072,-27913.910170911386
-27914.421455212072,-27914.70255323775
-27914.70255323775,-27913.865057165338
-27914.70255323775,-27914.290499593728
-27914.70255323775,-27914.566927481712
-27914.70255323775,-27914.34654385165
-27914.70255323775,-27914.470057765557
-27914.70255323775,-27914.430564496284
-27914.70255323775,-27914.803903602664
-27914.803903602664,-27914.072046622732
-27914.803903602664,-27914.545424299446
-27914.545424299446,-27913.883792048375
-27914.545424299446,-27914.274168279186
-27914.545424299446,-27914.77453964935
-27914.77453964935,-27914.24483146906
-27914.77453964935,-27914.538421841
-27914.77453964935,-27914.44537518936
-27914.77453964935,-27914.38396161512
-27914.77453964935,-27914.605704665046
-27914.77453964935,-27914.630368955124
-27914.77453964935,-27914.504332346725
-27914.504332346725,-27914.45926940002
-27914.45926940002,-27914.0043148976
-27914.45926940002,-27914.328392160893
-27914.328392160893,-27914.205436535038
-27914.205436535038,-27914.734790529037
-27914.734790529037,-27914.7228185188
-27914.7228185188,-27914.249299930518
-27914.7228185188,-27914.322321707066
-27914.7228185188,-27914.065009961614
-27914.7228185188,-27914.413058704067
-27914.7228185188,-27914.47728949141
-27914.7228185188,-27913.671408667422
-27914.7228185188,-27914.766669791752
-27914.766669791752,-27914.703377371436
-27914.703377371436,-27914.145303429144
-27914.703377371436,-27914.91872405567
-27914.91872405567,-27914.86418411933
-27914.91872405567,-27914.683855084313
-27914.683855084313,-27914.24585080718
-27914.683855084313,-27914.52085747119
-27914.52085747119,-27913.915570543944
-27914.52085747119,-27914.167939637133
-27914.52085747119,-27914.488956241003
-27914.488956241003,-27914.479646811164
-27914.479646811164,-27914.256767315746
-27914.479646811164,-27914.181776642563
-27914.479646811164,-27913.971842893396
-27914.479646811164,-27914.296391225485
-27914.479646811164,-27914.183684803073
-27914.183684803073,-27913.95041029744
-27914.183684803073,-27914.333576806137
-27914.333576806137,-27914.400697558816
-27914.400697558816,-27914.20050474434
-27914.400697558816,-27914.12119988507
-27914.400697558816,-27914.141153377022
-27914.400697558816,-27914.239550324783
-27914.400697558816,-27914.435457116495
-27914.435457116495,-27913.710324596424
-27914.435457116495,-27914.071517398166
-27914.435457116495,-27913.99156411042
-27914.435457116495,-27914.31913364015
-27914.31913364015,-27914.243263444645
-27914.31913364015,-27914.229227246407
-27914.31913364015,-27913.72366041701
-27914.31913364015,-27913.490697451343
-27914.31913364015,-27913.581847754063
-27914.31913364015,-27913.714883231834
-27914.31913364015,-27914.015391617904
-27914.31913364015,-27914.168167992284
-27914.31913364015,-27914.524924074645
-27914.524924074645,-27914.392430370317
-27914.524924074645,-27914.027869684418
-27914.524924074645,-27914.425394874015
-27914.425394874015,-27913.80726671331
-27914.425394874015,-27914.32073728896
-27914.32073728896,-27913.921085606402
-27914.32073728896,-27914.46140020066
-27914.46140020066,-27914.08148874465
-27914.46140020066,-27914.560025281222
-27914.560025281222,-27913.957285605702
-27914.560025281222,-27914.16591938692
-27914.560025281222,-27914.617303204515
-27914.617303204515,-27914.34028228006
-27914.617303204515,-27914.41681306924
-27914.617303204515,-27914.424474721174
-27914.617303204515,-27914.31874674939
-27914.617303204515,-27914.373141904292
-27914.373141904292,-27914.004363228392
-27914.373141904292,-27914.114253723623
-27914.373141904292,-27914.203583090813
-27914.373141904292,-27913.834138988124
-27914.373141904292,-27914.142044783526
-27914.373141904292,-27913.93557400046
-27914.373141904292,-27913.96224318994
-27914.373141904292,-27914.28575364451
-27914.373141904292,-27914.228096988787
-27914.373141904292,-27914.20227904392
-27914.373141904292,-27914.51116900871
-27914.51116900871,-27914.224979294166
-27914.51116900871,-27914.297916138712
-27914.51116900871,-27914.377642354688
-27914.377642354688,-27913.49857151763
-27914.377642354688,-27914.02248964407
-27914.377642354688,-27914.37329964497
-27914.37329964497,-27914.14424539869
-27914.37329964497,-27914.023653997298
-27914.37329964497,-27913.8736120625
-27914.37329964497,-27914.331444330543
-27914.331444330543,-27913.393221398972
-27914.331444330543,-27914.087516078424
-27914.331444330543,-27913.680115319145
-27914.331444330543,-27914.42792905792
-27914.42792905792,-27914.47880409102
-27914.47880409102,-27914.05300789035
-27914.47880409102,-27914.13526792478
-27914.47880409102,-27913.746972522542
-27914.47880409102,-27914.24772385312
-27914.24772385312,-27914.220646509784
-27914.220646509784,-27913.2470945907
-27914.220646509784,-27913.485396743436
-27914.220646509784,-27914.092439404816
-27914.220646509784,-27914.108724792008
-27914.108724792008,-27913.744175156226
-27914.108724792008,-27913.64670706241
-27914.108724792008,-27914.060150547382
-27914.060150547382,-27913.79887523426
-27914.060150547382,-27913.659551277735
-27914.060150547382,-27914.171218338404
-27914.171218338404,-27914.34053145602
-27914.34053145602,-27914.27485011718
-27914.27485011718,-27914.1219348323
-27914.27485011718,-27913.66006970225
-27914.27485011718,-27914.202281000285
-27914.202281000285,-27913.6427477877
-27914.202281000285,-27913.62438513413
-27914.202281000285,-27913.672247139293
-27914.202281000285,-27914.142233937288
-27914.202281000285,-27914.01778846082
-27914.202281000285,-27914.159565837563
-27914.202281000285,-27913.73419201919
-27914.202281000285,-27913.650442237038
-27914.202281000285,-27913.761086718314
-27914.202281000285,-27913.735461398668
-27914.202281000285,-27914.048573727432
-27914.202281000285,-27914.007046485174
-27914.202281000285,-27914.08032103224
-27914.08032103224,-27913.83318315941
-27914.08032103224,-27913.665122151633
-27914.08032103224,-27914.010266712463
-27914.010266712463,-27913.499234568757
-27914.010266712463,-27913.78706879802
-27914.010266712463,-27913.73886561393
-27914.010266712463,-27913.682060808416
-27914.010266712463,-27913.541881459103
-27914.010266712463,-27913.616669619776
-27914.010266712463,-27913.25600873726
-27914.010266712463,-27913.94333955087
-27914.010266712463,-27914.037146934836
-27914.037146934836,-27914.09996710606
-27914.09996710606,-27913.388021606534
-27914.09996710606,-27914.066421024683
-27914.09996710606,-27913.76042921124
-27913.76042921124,-27913.851762681632
-27913.851762681632,-27913.094850610298
-27913.851762681632,-27913.043597932992
-27913.851762681632,-27913.253882956596
-27913.851762681632,-27913.974454827963
-27913.974454827963,-27913.950221665036
-27913.950221665036,-27913.637630192705
-27913.637630192705,-27913.36841619096
-27913.637630192705,-27912.867366762523
-27913.637630192705,-27913.540011918984
-27913.540011918984,-27913.754696833705
-27913.754696833705,-27913.436240931944
-27913.754696833705,-27912.990880230944
-27913.754696833705,-27913.082804097627
-27913.754696833705,-27913.63819299662
-27913.63819299662,-27913.527047831274
-27913.63819299662,-27913.490746153802
-27913.63819299662,-27913.28325627171
-27913.63819299662,-27913.54282008169
-27913.54282008169,-27913.46631015111
-27913.54282008169,-27913.099378502044
-27913.099378502044,-27913.21575880368
-27913.21575880368,-27913.161968161938
-27913.161968161938,-27912.858677504504
-27913.161968161938,-27913.288800743412
-27913.288800743412,-27912.742581032693
-27913.288800743412,-27913.491696721558
-27913.491696721558,-27913.18522105248
-27913.491696721558,-27913.31290270609
-27913.491696721558,-27913.40288232
-27913.491696721558,-27912.90407894495
-27913.491696721558,-27913.35619045314
-27913.491696721558,-27913.28362043005
-27913.491696721558,-27913.014248825137
-27913.491696721558,-27913.144702394693
-27913.491696721558,-27913.484379062334
-27913.484379062334,-27913.42788951078
-27913.42788951078,-27913.50604888392
-27913.50604888392,-27913.16683944072
-27913.50604888392,-27913.202809938753
-27913.50604888392,-27913.02873650713
-27913.50604888392,-27913.15643417709
-27913.50604888392,-27913.192696290447
-27913.50604888392,-27913.4579180606
-27913.50604888392,-27913.124042786883
-27913.50604888392,-27913.356292329718
-27913.50604888392,-27913.242998969225
-27913.50604888392,-27913.16683944072
-27913.50604888392,-27913.261849949078
-27913.50604888392,-27913.31879842123
-27913.50604888392,-27913.513249736374
-27913.513249736374,-27913.202649615185
-27913.513249736374,-27913.453173704613
-27913.453173704613,-27912.79954485329
-27913.453173704613,-27913.617211293295
-27913.617211293295,-27913.79615742593
-27913.79615742593,-27913.424373599057
-27913.424373599057,-27913.02011916746
-27913.424373599057,-27913.093871438723
-27913.424373599057,-27913.34851852419
-27913.424373599057,-27913.20987006361
-27913.424373599057,-27912.836785298707
-27913.424373599057,-27913.35670034097
-27913.424373599057,-27913.125570745135
-27913.424373599057,-27913.092381085004
-27913.424373599057,-27913.37287026392
-27913.37287026392,-27913.425071216938
-27913.425071216938,-27913.036954504856
-27913.425071216938,-27913.02159400622
-27913.425071216938,-27913.30048760993
-27913.425071216938,-27912.92501768289
-27913.425071216938,-27913.22240450318
-27913.425071216938,-27913.507655162008
-27913.507655162008,-27913.615407320314
-27913.615407320314,-27913.591312797646
-27913.615407320314,-27913.478050256253
-27913.615407320314,-27913.52816048517
-27913.52816048517,-27913.419258271522
-27913.52816048517,-27913.07036730538
-27913.52816048517,-27913.08649875819
-27913.52816048517,-27912.954359532996
-27913.52816048517,-27913.422546350917
-27913.52816048517,-27913.25133153575
-27913.52816048517,-27913.538120405883
-27913.538120405883,-27913.442390156757
-27913.442390156757,-27913.26437203349
-27913.442390156757,-27913.097487703144
-27913.097487703144,-27912.33998542196
-27913.097487703144,-27912.67126590802
-27913.097487703144,-27912.82310372835
-27913.097487703144,-27912.26169040132
-27913.097487703144,-27913.091006901373
-27913.091006901373,-27912.18164664049
-27913.091006901373,-27912.953683010885
-27912.953683010885,-27912.623918319754
-27912.953683010885,-27912.8037343543
-27912.953683010885,-27912.084085068687
-27912.953683010885,-27912.88059268856
-27912.953683010885,-27913.16460823918
-27913.16460823918,-27912.80036344981
-27913.16460823918,-27913.17214098065
-27913.17214098065,-27912.664395791413
-27913.17214098065,-27912.90426725187
-27913.17214098065,-27912.45759942366
-27913.17214098065,-27912.922237408387
-27912.922237408387,-27912.774522283802
-27912.774522283802,-27912.283579800205
-27912.774522283802,-27912.06277693415
-27912.774522283802,-27912.913900941334
-27912.913900941334,-27912.80183018287
-27912.913900941334,-27912.763171894643
-27912.913900941334,-27912.5709026224
-27912.5709026224,-27912.271608733892
-27912.5709026224,-27911.694242452035
-27912.5709026224,-27912.615478877902
-27912.615478877902,-27912.5415028699
-27912.5415028699,-27912.162395329196
-27912.5415028699,-27912.417747209794
-27912.5415028699,-27912.54343694213
-27912.54343694213,-27912.666497359565
-27912.666497359565,-27912.65256354046
-27912.65256354046,-27912.34684889362
-27912.65256354046,-27912.96844777171
-27912.96844777171,-27912.655615140753
-27912.96844777171,-27912.803561471457
-27912.803561471457,-27912.772965844946
-27912.772965844946,-27912.701248036683
-27912.772965844946,-27912.45910309071
-27912.772965844946,-27912.41895828194
-27912.772965844946,-27912.588003763274
-27912.772965844946,-27912.28794905168
-27912.772965844946,-27912.817554047495
-27912.817554047495,-27912.75911168244
-27912.75911168244,-27912.726680419713
-27912.726680419713,-27912.29894416551
-27912.726680419713,-27912.76864395952
-27912.76864395952,-27912.25021223142
-27912.76864395952,-27912.430923500626
-27912.76864395952,-27912.501844191418
-27912.501844191418,-27912.81397603295
-27912.81397603295,-27912.598059769356
-27912.81397603295,-27912.73380339874
-27912.73380339874,-27912.410573018693
-27912.73380339874,-27912.645444093385
-27912.645444093385,-27912.213265853265
-27912.645444093385,-27912.355063379
-27912.645444093385,-27912.405544032106
-27912.645444093385,-27911.96815489821
-27912.645444093385,-27912.16333758212
-27912.645444093385,-27912.26742246495
-27912.645444093385,-27912.454191053697
-27912.645444093385,-27912.714465430265
-27912.714465430265,-27912.517111982248
-27912.714465430265,-27912.482091727103
-27912.714465430265,-27913.10998959603
-27913.10998959603,-27912.98529175481
-27913.10998959603,-27912.75663592123
-27913.10998959603,-27913.012640627363
-27913.012640627363,-27912.75763873134
-27913.012640627363,-27912.681842512986
-27913.012640627363,-27912.658351541926
-27913.012640627363,-27912.78044530006
-27913.012640627363,-27912.56462862509
-27913.012640627363,-27913.14835964628
-27913.14835964628,-27912.70966088916
-27913.14835964628,-27912.84420480735
-27913.14835964628,-27912.78254921512
-27913.14835964628,-27913.09275317205
-27913.09275317205,-27913.09727501457
-27913.09727501457,-27912.933222134114
-27912.933222134114,-27912.55506500044
-27912.933222134114,-27912.390076962252
-27912.933222134114,-27913.20946576397
-27913.20946576397,-27912.946577867056
-27913.20946576397,-27912.941137683974
-27913.20946576397,-27913.155590275015
-27913.20946576397,-27912.67166804961
-27913.20946576397,-27912.928123795184
-27913.20946576397,-27912.809369964747
-27913.20946576397,-27913.095275164946
-27913.095275164946,-27913.19486102705
-27913.19486102705,-27912.87153723812
-27913.19486102705,-27912.843686221182
-27913.19486102705,-27913.051111710163
-27913.051111710163,-27913.041713447838
-27913.041713447838,-27913.028980123
-27913.028980123,-27912.923582944542
-27912.923582944542,-27912.470570822523
-27912.923582944542,-27912.689306892687
-27912.923582944542,-27912.767690109315
-27912.767690109315,-27912.71540349972
-27912.71540349972,-27912.379941985047
-27912.71540349972,-27912.55852631221
-27912.71540349972,-27913.012664573795
-27913.012664573795,-27912.66706612571
-27912.66706612571,-27912.652256773785
-27912.652256773785,-27911.949207899008
-27912.652256773785,-27912.583432927673
-27912.652256773785,-27912.403452254995
-27912.652256773785,-27912.429946233795
-27912.652256773785,-27912.096787749717
-27912.652256773785,-27911.989268075748
-27912.652256773785,-27912.651639952608
-27912.651639952608,-27912.393044792738
-27912.651639952608,-27911.951891632343
-27912.651639952608,-27912.63534592927
-27912.63534592927,-27912.743232720262
-27912.743232720262,-27912.83117683967
-27912.83117683967,-27912.570733743018
-27912.83117683967,-27912.36449277834
-27912.83117683967,-27912.289568700813
-27912.83117683967,-27912.57572264148
-27912.83117683967,-27912.89287407695
-27912.89287407695,-27912.89287407695
-27912.89287407695,-27912.851296133078
-27912.89287407695,-27912.845676836896
-27912.89287407695,-27912.7532332826
-27912.89287407695,-27912.514714740715
-27912.89287407695,-27913.14135300986
-27913.14135300986,-27913.14135300986
-27913.14135300986,-27912.8872224903
-27913.14135300986,-27913.035193316344
-27913.14135300986,-27913.20262545224
-27913.20262545224,-27912.998855215345
-27912.998855215345,-27912.362601212604
-27912.998855215345,-27913.043446598138
-27913.043446598138,-27912.70137660244
-27913.043446598138,-27912.468692239305
-27913.043446598138,-27912.885679328556
-27912.885679328556,-27912.753081800252
-27912.753081800252,-27912.428130506145
-27912.753081800252,-27912.419483620004
-27912.419483620004,-27912.07984272085
-27912.419483620004,-27912.470762152614
-27912.470762152614,-27912.54826650965
-27912.54826650965,-27912.670844036405
-27912.670844036405,-27912.22601910056
-27912.670844036405,-27912.05188692495
-27912.670844036405,-27912.466432635556
-27912.670844036405,-27912.58318151634
-27912.58318151634,-27912.20954460373
-27912.58318151634,-27912.449141164027
-27912.449141164027,-27912.395228226265
-27912.395228226265,-27911.803341490075
-27912.395228226265,-27911.559415837677
-27912.395228226265,-27912.369768886496
-27912.395228226265,-27912.286905120352
-27912.286905120352,-27913.172249133575
-27913.172249133575,-27912.674316134446
-27913.172249133575,-27913.015200267648
-27913.172249133575,-27912.432021209563
-27913.172249133575,-27913.270073900076
-27913.270073900076,-27913.152775417067
-27913.270073900076,-27913.1435422592
-27913.270073900076,-27913.00193090108
-27913.270073900076,-27913.215110782607
-27913.215110782607,-27912.899688765516
-27913.215110782607,-27912.96218303628
-27913.215110782607,-27912.688293396786
-27913.215110782607,-27912.68944412275
-27913.215110782607,-27912.80329508836
-27913.215110782607,-27913.379003555277
-27913.379003555277,-27913.452022207333
-27913.452022207333,-27913.164301643363
-27913.164301643363,-27912.997418346327
-27913.164301643363,-27913.152080686632
-27913.152080686632,-27912.454035728704
-27913.152080686632,-27912.71818718194
-27913.152080686632,-27912.70095973633
-27913.152080686632,-27912.111848738234
-27913.152080686632,-27913.128424166644
-27913.128424166644,-27912.601679595697
-27913.128424166644,-27912.842140643188
-27913.128424166644,-27912.810620287346
-27913.128424166644,-27912.40937453599
-27913.128424166644,-27913.26864423354
-27913.26864423354,-27913.17545152055
-27913.17545152055,-27913.06472891783
-27913.17545152055,-27913.22604841491
-27913.22604841491,-27913.046644151476
-27913.046644151476,-27913.148378581456
-27913.148378581456,-27912.810740079072
-27913.148378581456,-27912.844663085525
-27913.148378581456,-27913.148717045286
-27913.148717045286,-27912.863889496544
-27912.863889496544,-27912.454046771185
-27912.863889496544,-27912.705169316152
-27912.705169316152,-27912.487266464297
-27912.705169316152,-27912.350546682872
-27912.705169316152,-27912.382548888832
-27912.705169316152,-27912.217091477523
-27912.705169316152,-27912.983224896037
-27912.983224896037,-27912.55850395565
-27912.983224896037,-27912.275736990996
-27912.983224896037,-27912.41095179881
-27912.983224896037,-27913.133957281687
-27913.133957281687,-27912.701679276895
-27913.133957281687,-27912.972300150977
-27912.972300150977,-27912.78074002325
-27912.972300150977,-27912.515863436027
-27912.972300150977,-27912.748922851835
-27912.972300150977,-27912.274010522986
-27912.972300150977,-27912.614206287326
-27912.972300150977,-27913.094906442606
-27913.094906442606,-27913.005843253726
-27913.094906442606,-27912.983716842587
-27913.094906442606,-27912.54580520846
-27913.094906442606,-27912.757801730128
-27913.094906442606,-27913.271611592594
-27913.271611592594,-27913.182600449018
-27913.182600449018,-27913.059135765998
-27913.059135765998,-27912.300291222273
-27913.059135765998,-27912.80414747025
-27913.059135765998,-27912.687398146987
-27913.059135765998,-27912.598261881358
-27913.059135765998,-27912.954937861523
-27913.059135765998,-27912.703681726805
-27913.059135765998,-27912.842660180235
-27912.842660180235,-27912.34504906396
-27912.842660180235,-27913.07638155781
-27913.07638155781,-27913.097109471608
-27913.097109471608,-27913.05654789719
-27913.05654789719,-27912.924108122897
-27913.05654789719,-27913.371567044105
-27913.371567044105,-27913.017551403587
-27913.371567044105,-27912.91725709772
-27913.371567044105,-27913.167263213112
-27913.371567044105,-27913.436225951853
-27913.436225951853,-27913.398245916887
-27913.436225951853,-27913.179646890854
-27913.436225951853,-27912.80949096194
-27913.436225951853,-27913.244509261203
-27913.244509261203,-27913.21497518917
-27913.21497518917,-27913.106653397146
-27913.106653397146,-27912.92378960496
-27913.106653397146,-27912.69978558725
-27913.106653397146,-27912.84205881143
-27913.106653397146,-27912.80859817867
-27912.80859817867,-27912.628342177693
-27912.628342177693,-27912.425171647446
-27912.628342177693,-27912.476830802014
-27912.628342177693,-27912.73565827878
-27912.73565827878,-27912.360813668427
-27912.73565827878,-27912.580863011928
-27912.73565827878,-27912.910148631432
-27912.910148631432,-27912.659423036323
-27912.910148631432,-27912.75623941294
-27912.75623941294,-27912.61533952667
-27912.75623941294,-27912.993492187343
-27912.993492187343,-27912.423306095
-27912.993492187343,-27912.87272531748
-27912.87272531748,-27912.578557890258
-27912.87272531748,-27912.44481093227
-27912.87272531748,-27912.760978331495
-27912.760978331495,-27913.007971148163
-27913.007971148163,-27912.80008277381
-27913.007971148163,-27912.950994539606
-27912.950994539606,-27913.154340862486
-27913.154340862486,-27912.96047282636
-27913.154340862486,-27912.393572041383
-27913.154340862486,-27912.76210565288
-27913.154340862486,-27913.078078609615
-27913.154340862486,-27913.0910099467
-27913.0910099467,-27912.870948889544
-27913.0910099467,-27913.256113118947
-27913.256113118947,-27912.899994008618
-27913.256113118947,-27912.961690335705
-27913.256113118947,-27913.339471586663
-27913.339471586663,-27913.017072452843
-27913.339471586663,-27913.053939837344
-27913.339471586663,-27913.28720729279
-27913.339471586663,-27913.215073066407
-27913.215073066407,-27913.090808521803
-27913.215073066407,-27912.996742452946
-27913.215073066407,-27912.75266046756
-27913.215073066407,-27912.853142380794
-27912.853142380794,-27912.687229185394
-27912.853142380794,-27912.253138872653
-27912.853142380794,-27912.494776740394
-27912.853142380794,-27912.45510152653
-27912.853142380794,-27912.369241719745
-27912.853142380794,-27912.672087861363
-27912.853142380794,-27912.997607890058
-27912.997607890058,-27912.99534803773
-27912.997607890058,-27912.929596711496
-27912.929596711496,-27912.360747273728
-27912.929596711496,-27912.114737396107
-27912.929596711496,-27912.877827290515
-27912.929596711496,-27912.640910313865
-27912.929596711496,-27912.280471372702
-27912.929596711496,-27912.883243907636
-27912.883243907636,-27912.316322924366
-27912.883243907636,-27912.50580841662
-27912.883243907636,-27912.512076443698
-27912.883243907636,-27912.54704274676
-27912.883243907636,-27912.82385975124
-27912.883243907636,-27912.808679762093
-27912.883243907636,-27912.567215855033
-27912.883243907636,-27912.93296565627
-27912.93296565627,-27912.758738492776
-27912.93296565627,-27912.863493497247
-27912.93296565627,-27912.589796427328
-27912.93296565627,-27912.509896492847
-27912.93296565627,-27912.557282595553
-27912.93296565627,-27912.594038848292
-27912.93296565627,-27912.96673861591
-27912.96673861591,-27912.519474344084
-27912.96673861591,-27912.163733084293
-27912.96673861591,-27912.685520924064
-27912.96673861591,-27913.103511893827
-27913.103511893827,-27912.875207894
-27913.103511893827,-27912.350635923263
-27913.103511893827,-27913.12678908155
-27913.12678908155,-27913.096652798613
-27913.096652798613,-27912.68698433307
-27913.096652798613,-27912.945592812146
-27913.096652798613,-27913.083647953048
-27913.083647953048,-27912.841422425816
-27913.083647953048,-27913.22243044562
-27913.22243044562,-27913.079943022396
-27913.22243044562,-27913.241924284786
-27913.241924284786,-27912.93239469539
-27913.241924284786,-27912.594836435674
-27913.241924284786,-27912.608606710164
-27913.241924284786,-27912.57074982889
-27913.241924284786,-27913.16777261355
-27913.16777261355,-27913.196059919213
-27913.196059919213,-27912.850144030443
-27913.196059919213,-27913.208711757812
-27913.208711757812,-27913.17206320516
-27913.17206320516,-27912.97466659422
-27913.17206320516,-27912.80818642767
-27913.17206320516,-27912.91447689944
-27912.91447689944,-27912.125548377568
-27912.91447689944,-27912.672205785875
-27912.91447689944,-27912.578264788644
-27912.91447689944,-27912.34385849173
-27912.91447689944,-27912.824982048798
-27912.91447689944,-27912.712404132417
-27912.91447689944,-27912.211764325624
-27912.91447689944,-27912.39601508731
-27912.91447689944,-27912.77772528918
-27912.91447689944,-27912.52696704276
-27912.91447689944,-27912.661566734885
-27912.91447689944,-27913.00718216732
-27913.00718216732,-27912.757682227166
-27913.00718216732,-27912.845456349973
-27913.00718216732,-27912.44183171399
-27913.00718216732,-27913.073077146248
-27913.073077146248,-27912.73912314837
-27913.073077146248,-27912.626602429773
-27913.073077146248,-27912.845740290857
-27913.073077146248,-27912.406372003054
-27913.073077146248,-27912.989238460133
-27913.073077146248,-27912.708361049943
-27913.073077146248,-27913.079551933148
-27913.079551933148,-27912.840138671112
-27913.079551933148,-27912.775779015603
-27913.079551933148,-27912.88041626202
-27913.079551933148,-27913.16280919113
-27913.16280919113,-27913.03992084031
-27913.16280919113,-27912.971305581555
-27913.16280919113,-27912.69181470412
-27913.16280919113,-27912.978759992096
-27913.16280919113,-27912.788587327104
-27913.16280919113,-27912.710413655837
-27913.16280919113,-27913.055788828977
-27913.16280919113,-27912.909191410537
-27913.16280919113,-27912.737457406594
-27913.16280919113,-27913.153165637126
-27913.153165637126,-27912.94988954026
-27913.153165637126,-27912.87494702693
-27913.153165637126,-27913.018695508457
-27913.153165637126,-27912.91870110538
-27913.153165637126,-27912.667180299373
-27913.153165637126,-27912.797606384636
-27913.153165637126,-27913.12636288305
-27913.153165637126,-27912.90096942232
-27913.153165637126,-27912.895920044983
-27913.153165637126,-27912.787897392995
-27913.153165637126,-27913.356286419847
-27913.356286419847,-27913.342830103335
-27913.342830103335,-27913.2876402225
-27913.2876402225,-27913.22734333605
-27913.2876402225,-27913.188314614097
-27913.188314614097,-27912.809252637267
-27913.188314614097,-27912.861307333125
-27913.188314614097,-27912.62959174795
-27913.188314614097,-27912.987611286713
-27913.188314614097,-27913.15956253112
-27913.15956253112,-27913.343242368588
-27913.343242368588,-27912.804412569603
-27913.343242368588,-27913.55448465268
-27913.55448465268,-27913.36503919083
-27913.55448465268,-27913.21547055245
-27913.55448465268,-27913.543788932166
-27913.543788932166,-27913.543788932166
-27913.543788932166,-27913.255034381917
-27913.543788932166,-27913.515156833513
-27913.515156833513,-27913.03239950215
-27913.515156833513,-27913.49512087999
-27913.49512087999,-27913.528683316337
-27913.528683316337,-27913.301333375348
-27913.528683316337,-27912.955410168273
-27913.528683316337,-27913.66368915888
-27913.66368915888,-27913.59388967671
-27913.59388967671,-27913.341702838447
-27913.59388967671,-27913.596162570633
-27913.596162570633,-27912.973286414668
-27913.596162570633,-27913.13113307982
-27913.596162570633,-27913.42948960416
-27913.596162570633,-27913.2605887373
-27913.596162570633,-27913.43064017673
-27913.596162570633,-27913.05152922253
-27913.596162570633,-27912.914637080405
-27913.596162570633,-27913.419061470748
-27913.419061470748,-27913.67702405612
-27913.67702405612,-27913.452768664498
-27913.67702405612,-27913.421773273883
-27913.67702405612,-27913.17600428936
-27913.67702405612,-27913.188308435725
-27913.67702405612,-27913.195924368963
-27913.67702405612,-27913.739658027393
-27913.739658027393,-27913.769997778152
-27913.769997778152,-27913.402536923786
-27913.769997778152,-27913.191066285202
-27913.769997778152,-27913.61288644693
-27913.61288644693,-27913.39099973101
-27913.61288644693,-27913.62484183034
-27913.62484183034,-27913.62484183034
-27913.62484183034,-27913.23011989983
-27913.62484183034,-27913.382036467625
-27913.62484183034,-27913.05424562008
-27913.62484183034,-27913.326554044812
-27913.62484183034,-27913.027578759007
-27913.62484183034,-27913.03538281916
-27913.62484183034,-27913.177506057964
-27913.62484183034,-27913.34404257488
-27913.62484183034,-27913.65270610377
-27913.65270610377,-27913.25619551866
-27913.65270610377,-27913.712565486843
-27913.712565486843,-27913.31948421039
-27913.712565486843,-27913.44342431172
-27913.712565486843,-27913.327286937332
-27913.712565486843,-27913.12940454512
-27913.712565486843,-27913.29684287036
-27913.712565486843,-27913.675101558525
-27913.675101558525,-27913.341351118772
-27913.675101558525,-27913.373765418775
-27913.675101558525,-27913.609280167926
-27913.675101558525,-27913.23638984294
-27913.675101558525,-27913.212891424195
-27913.675101558525,-27913.13458670518
-27913.675101558525,-27913.456931622663
-27913.675101558525,-27913.229932831462
-27913.675101558525,-27913.232081274702
-27913.675101558525,-27913.510706378453
-27913.675101558525,-27913.307081292325
-27913.675101558525,-27913.361868630884
-27913.675101558525,-27913.525011948415
-27913.675101558525,-27913.24017761924
-27913.675101558525,-27913.405852664986
-27913.675101558525,-27913.368655629718
-27913.675101558525,-27913.604566526097
-27913.604566526097,-27913.28671014811
-27913.604566526097,-27913.323834179435
-27913.604566526097,-27913.171894749197
-27913.604566526097,-27913.337003248602
-27913.604566526097,-27913.189705598965
-27913.604566526097,-27913.401502930683
-27913.604566526097,-27913.035213582072
-27913.604566526097,-27913.222703421867
-27913.604566526097,-27913.345476325798
-27913.604566526097,-27913.61923158548
-27913.61923158548,-27913.39390543122
-27913.61923158548,-27913.57885077294
-27913.57885077294,-27912.8830021558
-27913.57885077294,-27913.137594118067
-27913.57885077294,-27913.451058409082
-27913.57885077294,-27913.352643176648
-27913.57885077294,-27913.34901573728
-27913.57885077294,-27913.403785902286
-27913.57885077294,-27913.254546103002
-27913.57885077294,-27913.68561923391
-27913.68561923391,-27913.23906090639
-27913.68561923391,-27913.39759108347
-27913.68561923391,-27913.45489120209
-27913.68561923391,-27913.413784088592
-27913.68561923391,-27913.370184991825
-27913.68561923391,-27913.29037344358
-27913.68561923391,-27913.39455677861
-27913.68561923391,-27913.401521385847
-27913.68561923391,-27913.181139488595
-27913.68561923391,-27913.656271599386
-27913.656271599386,-27913.287785254244
-27913.656271599386,-27913.446486815665
-27913.656271599386,-27913.50481666362
-27913.656271599386,-27913.646679068715
-27913.646679068715,-27913.61102659472
-27913.61102659472,-27913.5415506366
-27913.61102659472,-27913.533864372228
-27913.533864372228,-27913.317559691994
-27913.533864372228,-27913.422348250828
-27913.533864372228,-27913.55540074819
-27913.55540074819,-27912.967715903593
-27913.55540074819,-27913.20464557523
-27913.55540074819,-27912.82703077443
-27913.55540074819,-27913.473293382078
-27913.55540074819,-27913.26005018499
-27913.55540074819,-27913.350309726942
-27913.55540074819,-27913.814134817203
-27913.814134817203,-27913.828690114067
-27913.828690114067,-27913.61789099822
-27913.828690114067,-27913.045955619553
-27913.828690114067,-27913.687219628748
-27913.828690114067,-27913.38100291656
-27913.828690114067,-27913.533568806837
-27913.828690114067,-27913.25401257036
-27913.828690114067,-27913.729786827163
-27913.828690114067,-27913.240478714084
-27913.828690114067,-27913.44266695569
-27913.828690114067,-27913.795915061197
-27913.795915061197,-27913.7030479675
-27913.795915061197,-27913.605926189834
-27913.795915061197,-27913.711326050397
-27913.795915061197,-27913.24881328527
-27913.795915061197,-27913.519101566555
-27913.795915061197,-27913.38626070349
-27913.795915061197,-27913.47393550482
-27913.795915061197,-27914.16429598688
-27914.16429598688,-27914.16429598688
-27914.16429598688,-27914.32156958303
-27914.32156958303,-27914.165143206472
-27914.32156958303,-27913.67239267693
-27914.32156958303,-27913.928359454123
-27914.32156958303,-27914.372882591342
-27914.372882591342,-27913.574298497668
-27914.372882591342,-27914.037796936573
-27914.372882591342,-27914.33181524188
-27914.372882591342,-27913.98374200613
-27914.372882591342,-27913.64493852641
-27914.372882591342,-27913.93872206098
-27914.372882591342,-27913.68845096211
-27914.372882591342,-27913.9987103864
-27914.372882591342,-27914.07847391433
-27914.372882591342,-27913.474707969133
-27914.372882591342,-27913.83571155538
-27914.372882591342,-27914.154128679085
-27914.372882591342,-27914.28022005031
-27914.372882591342,-27913.885978396916
-27914.372882591342,-27913.354096820483
-27914.372882591342,-27913.931958998575
-27914.372882591342,-27913.758278912068
-27914.372882591342,-27913.64821880351
-27914.372882591342,-27914.060180811986
-27914.372882591342,-27913.788898385745
-27914.372882591342,-27913.874619143033
-27914.372882591342,-27914.39202004801
-27914.39202004801,-27913.78922734465
-27914.39202004801,-27914.10539980571
-27914.39202004801,-27914.105668251683
-27914.39202004801,-27914.230550753728
-27914.39202004801,-27913.7445752065
-27914.39202004801,-27914.545781175402
-27914.545781175402,-27914.392835306815
-27914.392835306815,-27914.22836064061
-27914.22836064061,-27913.534209354497
-27914.22836064061,-27913.77565187956
-27914.22836064061,-27913.81580103601
-27914.22836064061,-27913.99761518364
-27914.22836064061,-27914.013514850532
-27914.22836064061,-27913.36924049847
-27914.22836064061,-27913.466976935168
-27914.22836064061,-27913.9669335858
-27914.22836064061,-27913.8295785026
-27914.22836064061,-27913.54672709349
-27914.22836064061,-27913.68408854821
-27914.22836064061,-27913.892457813316
-27914.22836064061,-27913.83728475968
-27914.22836064061,-27913.89548298023
-27914.22836064061,-27914.02714217254
-27914.22836064061,-27914.19489023504
-27914.19489023504,-27913.65011408169
-27914.19489023504,-27913.72723402636
-27914.19489023504,-27914.047260309046
-27914.19489023504,-27913.883097247308
-27914.19489023504,-27913.732931786966
-27914.19489023504,-27914.161176301004
-27914.19489023504,-27913.887168956506
-27914.19489023504,-27914.041841407306
-27914.19489023504,-27913.50884425401
-27914.19489023504,-27913.666208705527
-27914.19489023504,-27913.86435889164
-27914.19489023504,-27913.981938507306
-27913.981938507306,-27913.480253726637
-27913.981938507306,-27913.84140193464
-27913.84140193464,-27913.50597104838
-27913.84140193464,-27913.636737654513
-27913.84140193464,-27913.232770797073
-27913.84140193464,-27913.63331340539
-27913.84140193464,-27913.506784044665
-27913.84140193464,-27913.43996862114
-27913.84140193464,-27913.32707254016
-27913.84140193464,-27913.689535202204
-27913.689535202204,-27913.395309508705
-27913.689535202204,-27913.565375649516
-27913.565375649516,-27913.288070721872
-27913.565375649516,-27913.65251537643
-27913.65251537643,-27913.392859881136
-27913.65251537643,-27912.97631013936
-27913.65251537643,-27913.278669232852
-27913.65251537643,-27913.411284635204
-27913.65251537643,-27913.060856857737
-27913.65251537643,-27913.46902422601
-27913.65251537643,-27913.166717410702
-27913.65251537643,-27913.09181156248
-27913.65251537643,-27913.559299300236
-27913.559299300236,-27913.387471961374
-27913.559299300236,-27913.082180586942
-27913.559299300236,-27913.245848336028
-27913.559299300236,-27912.774067706487
-27913.559299300236,-27913.113545932523
-27913.559299300236,-27913.376668744724
-27913.559299300236,-27913.231862836554
-27913.559299300236,-27913.479325081487
-27913.479325081487,-27912.762463638544
-27913.479325081487,-27913.32104613629
-27913.479325081487,-27913.095286202584
-27913.479325081487,-27913.0205536419
-27913.479325081487,-27913.38578544265
-27913.479325081487,-27913.34604422475
-27913.479325081487,-27913.411333043307
-27913.411333043307,-27912.778569368187
-27913.411333043307,-27913.463551018493
-27913.463551018493,-27912.748988146584
-27913.463551018493,-27913.384333469163
-27913.384333469163,-27913.35640463411
-27913.35640463411,-27912.98483987103
-27913.35640463411,-27913.047139359944
-27913.35640463411,-27912.96055075801
-27913.35640463411,-27913.077480678556
-27913.35640463411,-27912.722686697398
-27913.35640463411,-27913.216847942705
-27913.216847942705,-27913.22876088886
-27913.22876088886,-27913.1986024301
-27913.1986024301,-27912.903407254737
-27913.1986024301,-27913.423167404504
-27913.423167404504,-27913.08239391769
-27913.423167404504,-27913.178538336266
-27913.423167404504,-27912.553233427083
-27913.423167404504,-27912.89099515543
-27913.423167404504,-27912.80112491069
-27913.423167404504,-27913.03772770532
-27913.423167404504,-27913.179801601036
-27913.423167404504,-27912.790139083787
-27913.423167404504,-27913.877487810118
-27913.877487810118,-27913.74651032833
-27913.877487810118,-27913.336928683322
-27913.877487810118,-27913.540709679244
-27913.877487810118,-27913.201874239516
-27913.877487810118,-27913.53108018039
-27913.877487810118,-27913.28264207835
-27913.877487810118,-27913.911502569128
-27913.911502569128,-27913.32013751565
-27913.911502569128,-27913.79552857507
-27913.911502569128,-27913.622128942614
-27913.911502569128,-27913.66561321098
-27913.911502569128,-27913.387461084207
-27913.911502569128,-27913.26978648718
-27913.911502569128,-27914.01854942569
-27914.01854942569,-27913.85438320454
-27914.01854942569,-27914.20065069453
-27914.20065069453,-27913.93437766147
-27914.20065069453,-27914.201631064163
-27914.201631064163,-27914.17084014563
-27914.201631064163,-27914.21276785373
-27914.21276785373,-27913.725230504362
-27913.725230504362,-27913.23997039957
-27913.725230504362,-27913.568734344568
-27913.725230504362,-27913.238065347086
-27913.725230504362,-27913.17278070785
-27913.725230504362,-27913.06904432632
-27913.725230504362,-27913.616301493897
-27913.725230504362,-27913.487170581222
-27913.725230504362,-27913.255544978412
-27913.725230504362,-27913.207633787795
-27913.725230504362,-27913.397065301477
-27913.725230504362,-27913.66245192978
-27913.725230504362,-27913.527335031624
-27913.725230504362,-27913.53698697007
-27913.725230504362,-27913.36576048579
-27913.725230504362,-27913.52007404795
-27913.725230504362,-27913.37983506654
-27913.725230504362,-27913.38561384561
-27913.725230504362,-27913.538333416553
-27913.725230504362,-27913.419400995954
-27913.725230504362,-27913.313644815506
-27913.725230504362,-27913.098771692992
-27913.725230504362,-27913.96994601625
-27913.96994601625,-27913.32218551669
-27913.96994601625,-27913.697736786962
-27913.697736786962,-27913.6003152748
-27913.6003152748,-27913.487663470863
-27913.6003152748,-27913.310113614494
-27913.6003152748,-27913.037036928785
-27913.6003152748,-27913.441200062694
-27913.6003152748,-27913.38400234539
-27913.6003152748,-27913.180108173092
-27913.6003152748,-27913.147022869376
-27913.6003152748,-27913.49679047652
-27913.6003152748,-27913.3260991639
-27913.6003152748,-27912.606132507863
-27913.6003152748,-27913.272615548478
-27913.6003152748,-27913.587024954373
-27913.6003152748,-27913.38801790851
-27913.6003152748,-27913.38354910982
-27913.6003152748,-27913.1817777437
-27913.6003152748,-27913.017046897465
-27913.6003152748,-27913.460300371007
-27913.6003152748,-27913.128246425127
-27913.6003152748,-27913.351858733913
-27913.6003152748,-27913.495399657975
-27913.6003152748,-27913.68892551435
-27913.68892551435,-27913.460884117278
-27913.68892551435,-27913.69092144092
-27913.69092144092,-27913.591277146385
-27913.69092144092,-27913.247963470003
-27913.69092144092,-27913.418215208243
-27913.69092144092,-27913.309702476166
-27913.69092144092,-27913.23902145436
-27913.69092144092,-27913.575109993213
-27913.69092144092,-27913.66717192441
-27913.66717192441,-27913.47832734173
-27913.66717192441,-27913.548157127767
-27913.66717192441,-27913.779581903724
-27913.779581903724,-27913.698595827518
-27913.779581903724,-27913.432431051802
-27913.779581903724,-27913.419116165678
-27913.779581903724,-27913.515552571203
-27913.779581903724,-27913.371315614575
-27913.779581903724,-27913.34255288714
-27913.779581903724,-27913.46857246671
-27913.779581903724,-27913.70800821667
-27913.70800821667,-27913.57680437817
-27913.57680437817,-27913.564273204425
-27913.564273204425,-27912.836295192217
-27913.564273204425,-27913.471213388864
-27913.564273204425,-27913.56178083513
-27913.56178083513,-27913.401128248486
-27913.56178083513,-27912.950517244302
-27913.56178083513,-27913.416976186385
-27913.56178083513,-27913.249816986252
-27913.56178083513,-27913.522388040226
-27913.522388040226,-27913.29948239144
-27913.522388040226,-27912.958442707466
-27913.522388040226,-27913.415544419724
-27913.522388040226,-27913.24865780912
-27913.522388040226,-27913.20101461399
-27913.522388040226,-27913.330560398834
-27913.330560398834,-27913.27573886036
-27913.330560398834,-27913.12593425981
-27913.330560398834,-27912.82231215157
-27913.330560398834,-27912.6154785508
-27913.330560398834,-27913.086635991654
-27913.330560398834,-27913.328600003246
-27913.328600003246,-27912.968359646733
-27913.328600003246,-27913.233359366535
-27913.328600003246,-27913.18586107144
-27913.328600003246,-27912.833525140657
-27913.328600003246,-27913.201386683162
-27913.328600003246,-27912.884333009864
-27913.328600003246,-27912.916251492057
-27913.328600003246,-27913.01050238966
-27913.328600003246,-27912.90591731565
-27913.328600003246,-27913.237736093353
-27913.328600003246,-27912.871543909714
-27913.328600003246,-27912.701750633176
-27913.328600003246,-27913.075263335835
-27913.328600003246,-27913.02722930623
-27913.328600003246,-27913.106256218696
-27913.106256218696,-27911.98974734185
-27913.106256218696,-27912.888836439568
-27913.106256218696,-27913.20101172478
-27913.20101172478,-27913.347104085693
-27913.347104085693,-27913.038243628507
-27913.347104085693,-27912.90310925489
-27913.347104085693,-27912.97833337115
-27913.347104085693,-27913.240007580323
-27913.240007580323,-27913.24753346121
-27913.24753346121,-27913.077437087304
-27913.24753346121,-27912.873296938724
-27913.24753346121,-27912.868295631044
-27913.24753346121,-27913.062180232984
-27913.24753346121,-27913.171370790016
-27913.24753346121,-27913.153852995827
-27913.153852995827,-27912.701414999003
-27913.153852995827,-27913.17553011216
-27913.17553011216,-27912.644577408482
-27913.17553011216,-27912.76986598055
-27913.17553011216,-27913.375523193823
-27913.375523193823,-27913.1504328063
-27913.1504328063,-27912.99661774656
-27913.1504328063,-27913.17596329613
-27913.17596329613,-27913.17596329613
-27913.17596329613,-27913.235151137204
-27913.235151137204,-27912.759511639404
-27913.235151137204,-27913.0826214752
-27913.235151137204,-27912.866345655995
-27913.235151137204,-27913.143763602482
-27913.143763602482,-27913.061661484262
-27913.143763602482,-27912.565929743516
-27913.143763602482,-27912.945096833442
-27913.143763602482,-27912.884265876444
-27913.143763602482,-27912.587090674373
-27913.143763602482,-27912.87732394641
-27913.143763602482,-27913.17386023765
-27913.17386023765,-27912.60033813279
-27913.17386023765,-27912.94359910033
-27913.17386023765,-27912.697384765193
-27913.17386023765,-27912.78389883851
-27913.17386023765,-27913.1362764281
-27913.17386023765,-27912.869257226914
-27913.17386023765,-27913.44864524493
-27913.44864524493,-27913.261839222
-27913.44864524493,-27913.286584463724
-27913.44864524493,-27913.291373895554
-27913.44864524493,-27913.48014625192
-27913.48014625192,-27913.56536533616
-27913.56536533616,-27913.249493929037
-27913.56536533616,-27913.014811132372
-27913.56536533616,-27913.28564686286
-27913.56536533616,-27913.44082685136
-27913.56536533616,-27913.6465383537
-27913.6465383537,-27913.75006947844
-27913.75006947844,-27913.149924225778
-27913.75006947844,-27913.502119057863
-27913.75006947844,-27913.048736938494
-27913.75006947844,-27913.610859309596
-27913.75006947844,-27913.233300418255
-27913.75006947844,-27913.26609335049
-27913.75006947844,-27913.114056362614
-27913.75006947844,-27913.72798757801
-27913.72798757801,-27913.627543767514
-27913.72798757801,-27913.48820033597
-27913.72798757801,-27913.505670650386
-27913.72798757801,-27913.564859248127
-27913.564859248127,-27913.235411886053
-27913.564859248127,-27913.308393531748
-27913.564859248127,-27913.617951183216
-27913.617951183216,-27913.262812349407
-27913.617951183216,-27912.847515061512
-27913.617951183216,-27913.21550054853
-27913.617951183216,-27913.295182413458
-27913.617951183216,-27913.262812349403
-27913.617951183216,-27913.202123734834
-27913.617951183216,-27913.262812349403
-27913.617951183216,-27913.013458968864
-27913.617951183216,-27913.511905806583
-27913.511905806583,-27913.41355542267
-27913.41355542267,-27913.430070880695
-27913.430070880695,-27913.363690308466
-27913.430070880695,-27913.1104074352
-27913.430070880695,-27913.129185296464
-27913.430070880695,-27913.396799462138
-27913.430070880695,-27913.203899348402
-27913.430070880695,-27913.083252289787
-27913.430070880695,-27913.01272879609
-27913.430070880695,-27913.390356547912
-27913.430070880695,-27912.986984447925
-27913.430070880695,-27912.85221618989
-27913.430070880695,-27913.188613897786
-27913.430070880695,-27913.08671003992
-27913.430070880695,-27913.157625215194
-27913.430070880695,-27912.938718769983
-27913.430070880695,-27913.35955794702
-27913.35955794702,-27913.40943504606
-27913.40943504606,-27913.385084038924
-27913.385084038924,-27913.524730209403
-27913.524730209403,-27913.287471368632
-27913.524730209403,-27913.246315050495
-27913.524730209403,-27913.350883254287
-27913.524730209403,-27913.209601984556
-27913.524730209403,-27913.33982432286
-27913.524730209403,-27913.490008772478
-27913.490008772478,-27913.641333911535
-27913.641333911535,-27913.340228964156
-27913.340228964156,-27913.09222257573
-27913.340228964156,-27913.26616587443
-27913.340228964156,-27913.063214771253
-27913.340228964156,-27912.992456963555
-27913.340228964156,-27912.48029430473
-27913.340228964156,-27913.3467871576
-27913.3467871576,-27912.580546455632
-27913.3467871576,-27913.357918714235
-27913.357918714235,-27913.348967241636
-27913.348967241636,-27913.200289480872
-27913.348967241636,-27912.808533437892
-27913.348967241636,-27913.265214926476
-27913.348967241636,-27913.188201454926
-27913.348967241636,-27912.988607826417
-27913.348967241636,-27912.70936723338
-27913.348967241636,-27913.16262092483
-27913.348967241636,-27912.91138577135
-27913.348967241636,-27913.48273944591
-27913.48273944591,-27913.48717579278
-27913.48717579278,-27913.140766810186
-27913.48717579278,-27912.810976425462
-27913.48717579278,-27913.454137408644
-27913.454137408644,-27913.276760471294
-27913.454137408644,-27913.043765078808
-27913.454137408644,-27913.511013811258
-27913.511013811258,-27913.52155789099
-27913.52155789099,-27913.282306779412
-27913.52155789099,-27913.377576340135
-27913.52155789099,-27913.718400220445
-27913.718400220445,-27913.506649714574
-27913.718400220445,-27913.37368915556
-27913.718400220445,-27913.4983117589
-27913.718400220445,-27913.58069674447
-27913.718400220445,-27913.369678042232
-27913.718400220445,-27912.899364506273
-27913.718400220445,-27913.570532074384
-27913.718400220445,-27913.34986002097
-27913.718400220445,-27913.519139907403
-27913.718400220445,-27913.568340664424
-27913.718400220445,-27912.954034455197
-27913.718400220445,-27913.460014234715
-27913.718400220445,-27913.634977918795
-27913.634977918795,-27913.625193797692
-27913.625193797692,-27913.049611939998
-27913.625193797692,-27913.411753318258
-27913.625193797692,-27913.226586688383
-27913.625193797692,-27913.722184877115
-27913.722184877115,-27913.433123225608
-27913.722184877115,-27913.310544405573
-27913.722184877115,-27913.502847365147
-27913.722184877115,-27913.687648169693
-27913.722184877115,-27913.882278100937
-27913.882278100937,-27913.43835393068
-27913.882278100937,-27913.80430082725
-27913.882278100937,-27913.604327353718
-27913.882278100937,-27913.863877376327
-27913.863877376327,-27913.482035572953
-27913.863877376327,-27913.767687683317
-27913.863877376327,-27913.810463203845
-27913.810463203845,-27913.19298892038
-27913.810463203845,-27913.582890813697
-27913.810463203845,-27913.768020144933
-27913.768020144933,-27913.689974703506
-27913.689974703506,-27913.627403549097
-27913.627403549097,-27913.37407108084
-27913.627403549097,-27913.380140855017
-27913.627403549097,-27913.61557817596
-27913.627403549097,-27913.273312674617
-27913.627403549097,-27913.335578788512
-27913.627403549097,-27913.141057598543
-27913.627403549097,-27913.583008255227
-27913.583008255227,-27913.51329676443
-27913.51329676443,-27913.127351346662
-27913.51329676443,-27913.376653447533
-27913.51329676443,-27913.53833385399
-27913.53833385399,-27913.689181972888
-27913.689181972888,-27913.59372289836
-27913.689181972888,-27913.472885192692
-27913.472885192692,-27913.15901793692
-27913.472885192692,-27913.093825600838
-27913.472885192692,-27913.096723852384
-27913.472885192692,-27913.237857205106
-27913.472885192692,-27912.9498739139
-27913.472885192692,-27913.471680209754
-27913.471680209754,-27913.156305057426
-27913.471680209754,-27912.825235337797
-27913.471680209754,-27913.404126297042
-27913.404126297042,-27912.950044380435
-27913.404126297042,-27912.9763825347
-27913.404126297042,-27913.39062043491
-27913.39062043491,-27913.75212948755
-27913.75212948755,-27913.660171703657
-27913.660171703657,-27913.29243979959
-27913.660171703657,-27913.19679737489
-27913.660171703657,-27913.287379922294
-27913.660171703657,-27913.450511301005
-27913.660171703657,-27912.864791713015
-27913.660171703657,-27913.32509592143
-27913.660171703657,-27913.8104554726
-27913.8104554726,-27913.547789413984
-27913.8104554726,-27913.86377375429
-27913.86377375429,-27913.83464763287
-27913.83464763287,-27913.807625274585
-27913.807625274585,-27913.475569984206
-27913.807625274585,-27913.260911352914
-27913.807625274585,-27913.47264028818
-27913.807625274585,-27913.822416818202
-27913.822416818202,-27913.75990768845
-27913.822416818202,-27913.34877480754
-27913.822416818202,-27913.85428597175
-27913.85428597175,-27913.534187723006
-27913.85428597175,-27913.538012438723
-27913.85428597175,-27913.764577688336
-27913.85428597175,-27913.79474856615
-27913.85428597175,-27913.716380327154
-27913.716380327154,-27913.369838950995
-27913.716380327154,-27913.46235794361
-27913.716380327154,-27913.66261350774
-27913.716380327154,-27913.619473338218
-27913.716380327154,-27913.319397328036
-27913.716380327154,-27913.7324299828
-27913.7324299828,-27913.24565031862
-27913.7324299828,-27913.483772628322
-27913.7324299828,-27913.776220492757
-27913.776220492757,-27913.688905322684
-27913.688905322684,-27913.64240719128
-27913.64240719128,-27912.87244506285
-27913.64240719128,-27912.886345442646
-27913.64240719128,-27913.528627864664
-27913.64240719128,-27912.807654958095
-27913.64240719128,-27913.42474720473
-27913.64240719128,-27913.826221536347
-27913.826221536347,-27913.795455204454
-27913.826221536347,-27913.720817563266
-27913.826221536347,-27913.083072278787
-27913.826221536347,-27913.73320788332
-27913.826221536347,-27913.657469168924
-27913.657469168924,-27913.527567067882
-27913.657469168924,-27913.56915852776
-27913.657469168924,-27913.1938866693
-27913.657469168924,-27913.026980640607
-27913.657469168924,-27913.523302319176
-27913.523302319176,-27913.515333165604
-27913.515333165604,-27913.318491708633
-27913.515333165604,-27913.45132280866
-27913.45132280866,-27913.17097418089
-27913.45132280866,-27913.130746558607
-27913.45132280866,-27912.81586059066
-27913.45132280866,-27913.137608470264
-27913.45132280866,-27913.12594842828
-27913.45132280866,-27913.22476250535
-27913.45132280866,-27913.211495712658
-27913.211495712658,-27912.959247614875
-27913.211495712658,-27913.14852873131
-27913.211495712658,-27912.93919718259
-27913.211495712658,-27913.129135565952
-27913.129135565952,-27913.020093826843
-27913.129135565952,-27912.760478092376
-27913.129135565952,-27912.3037214828
-27913.129135565952,-27912.94199823713
-27913.129135565952,-27913.274798037197
-27913.274798037197,-27913.2327537453
-27913.2327537453,-27912.61889489629
-27913.2327537453,-27912.69030647789
-27913.2327537453,-27912.860847202166
-27913.2327537453,-27913.089983860147
-27913.2327537453,-27912.61071524283
-27913.2327537453,-27912.979437587244
-27913.2327537453,-27912.821539973273
-27913.2327537453,-27913.33056794021
-27913.33056794021,-27912.933904048303
-27913.33056794021,-27912.784977178162
-27913.33056794021,-27913.019734785215
-27913.33056794021,-27913.026679584178
-27913.33056794021,-27913.282484406765
-27913.33056794021,-27913.015748674694
-27913.33056794021,-27913.519005711183
-27913.519005711183,-27913.282979649826
-27913.519005711183,-27913.23477131466
-27913.519005711183,-27913.400990278387
-27913.519005711183,-27912.81445496392
-27913.519005711183,-27913.5358767374
-27913.5358767374,-27913.10996432764
-27913.5358767374,-27913.266566916664
-27913.5358767374,-27913.247568921397
-27913.5358767374,-27913.263563534227
-27913.5358767374,-27913.251515690834
-27913.5358767374,-27913.208948513136
-27913.208948513136,-27913.230817332213
-27913.230817332213,-27912.856635107666
-27913.230817332213,-27913.021007116087
-27913.230817332213,-27912.71144601237
-27913.230817332213,-27912.74212563547
-27913.230817332213,-27913.117225592076
-27913.117225592076,-27913.10263091975
-27913.10263091975,-27912.887507388485
-27913.10263091975,-27913.052861742162
-27913.10263091975,-27913.034815242478
-27913.034815242478,-27912.78885789866
-27913.034815242478,-27912.835530542136
-27913.034815242478,-27912.835530542136
-27913.034815242478,-27912.994961365737
-27912.994961365737,-27912.851030979524
-27912.851030979524,-27912.282749547587
-27912.851030979524,-27912.52529407187
-27912.851030979524,-27912.630150245346
-27912.851030979524,-27912.52170013492
-27912.851030979524,-27912.325836083262
-27912.851030979524,-27912.415567362776
-27912.851030979524,-27912.141474627577
-27912.851030979524,-27912.97697256944
-27912.97697256944,-27912.394324730274
-27912.97697256944,-27912.98347740504
-27912.98347740504,-27912.501326817524
-27912.98347740504,-27912.934093930413
-27912.934093930413,-27913.257313264363
-27913.257313264363,-27913.012469725945
-27913.257313264363,-27912.729854815287
-27913.257313264363,-27912.938789439493
-27913.257313264363,-27912.926685162438
-27913.257313264363,-27913.137881268176
-27913.257313264363,-27913.076719936656
-27913.257313264363,-27913.017195991844
-27913.257313264363,-27912.642533514452
-27913.257313264363,-27912.751955178468
-27913.257313264363,-27913.198317114206
-27913.198317114206,-27913.337051550916
-27913.337051550916,-27912.672370069013
-27913.337051550916,-27913.318590842016
-27913.318590842016,-27912.829608139422
-27913.318590842016,-27913.29173038053
-27913.29173038053,-27913.231285732098
-27913.29173038053,-27912.687880827958
-27913.29173038053,-27913.17543189902
-27913.17543189902,-27912.915442414473
-27913.17543189902,-27912.782375282928
-27913.17543189902,-27913.249879895484
-27913.249879895484,-27913.06716367177
-27913.249879895484,-27913.22311117343
-27913.22311117343,-27912.811004191364
-27913.22311117343,-27912.66942143458
-27913.22311117343,-27912.98478394263
-27913.22311117343,-27912.70410904814
-27913.22311117343,-27912.803411840094
-27913.22311117343,-27912.717268632703
-27913.22311117343,-27913.34427970138
-27913.34427970138,-27912.86269530788
-27913.34427970138,-27913.43235643631
-27913.43235643631,-27913.47892642404
-27913.47892642404,-27913.053191698273
-27913.47892642404,-27913.287030339583
-27913.47892642404,-27913.071317239097
-27913.47892642404,-27913.46093892509
-27913.46093892509,-27913.166461696528
-27913.46093892509,-27913.21349892982
-27913.46093892509,-27912.853731905456
-27913.46093892509,-27913.31595854811
-27913.31595854811,-27913.01146101161
-27913.01146101161,-27913.120058316315
-27913.120058316315,-27913.248719315845
-27913.248719315845,-27913.161787956447
-27913.248719315845,-27913.25177947937
-27913.25177947937,-27913.30469947279
-27913.30469947279,-27913.22042079801
-27913.22042079801,-27912.890798980286
-27913.22042079801,-27913.26453709326
-27913.26453709326,-27912.921481983532
-27913.26453709326,-27913.279638313626
-27913.279638313626,-27913.0592260967
-27913.279638313626,-27912.949099063786
-27913.279638313626,-27913.40106126241
-27913.40106126241,-27913.209921424914
-27913.209921424914,-27913.092189389412
-27913.092189389412,-27912.99270709463
-27912.99270709463,-27912.515781881793
-27912.99270709463,-27912.798998606668
-27912.99270709463,-27912.54562748248
-27912.99270709463,-27912.691012107578
-27912.99270709463,-27912.459069007215
-27912.99270709463,-27912.68996026216
-27912.99270709463,-27912.53451972674
-27912.99270709463,-27912.734832484064
-27912.99270709463,-27912.24073345513
-27912.99270709463,-27912.811122871244
-27912.99270709463,-27912.88592697848
-27912.99270709463,-27912.947715035665
-27912.99270709463,-27912.33730303397
-27912.99270709463,-27912.509894070005
-27912.99270709463,-27912.668265772267
-27912.99270709463,-27912.50659030279
-27912.99270709463,-27913.124990432185
-27913.124990432185,-27912.889072212958
-27912.889072212958,-27912.43331055172
-27912.889072212958,-27912.72070134073
-27912.72070134073,-27912.262238876196
-27912.72070134073,-27912.847774324833
-27912.847774324833,-27912.332535191694
-27912.847774324833,-27912.437197533713
-27912.847774324833,-27912.605813135688
-27912.605813135688,-27912.348174640527
-27912.605813135688,-27912.400007008593
-27912.605813135688,-27912.168764736947
-27912.605813135688,-27912.020163979236
-27912.605813135688,-27912.393936152002
-27912.605813135688,-27913.114102477608
-27913.114102477608,-27912.63265066204
-27913.114102477608,-27913.249686048715
-27913.249686048715,-27912.708450947033
-27913.249686048715,-27913.00394075996
-27913.00394075996,-27912.759368942945
-27912.759368942945,-27912.76314009433
-27912.76314009433,-27912.495551837055
-27912.76314009433,-27912.17341222403
-27912.76314009433,-27912.095699566686
-27912.76314009433,-27912.75545745506
-27912.75545745506,-27912.652306696622
-27912.75545745506,-27912.654678292194
-27912.654678292194,-27912.484995895004
-27912.654678292194,-27912.578367727612
-27912.578367727612,-27912.15993931356
-27912.578367727612,-27911.990860884038
-27912.578367727612,-27912.43045579956
-27912.578367727612,-27912.64304039913
-27912.64304039913,-27912.350147197485
-27912.350147197485,-27912.025367322345
-27912.350147197485,-27912.249038480728
-27912.350147197485,-27912.242288500165
-27912.350147197485,-27912.27958745819
-27912.350147197485,-27912.03780373162
-27912.350147197485,-27912.55527823088
-27912.55527823088,-27912.55527823088
-27912.55527823088,-27912.60789562775
-27912.60789562775,-27912.47765763753
-27912.60789562775,-27912.554784676206
-27912.60789562775,-27911.931876130082
-27912.60789562775,-27912.62252575747
-27912.62252575747,-27912.711411927332
-27912.711411927332,-27912.591567235027
-27912.711411927332,-27912.36325426674
-27912.711411927332,-27912.281042235714
-27912.711411927332,-27912.473199260345
-27912.711411927332,-27912.489001413676
-27912.711411927332,-27912.584438975402
-27912.711411927332,-27912.377268194406
-27912.711411927332,-27912.6039424551
-27912.711411927332,-27912.426051726532
-27912.711411927332,-27912.703292386843
-27912.703292386843,-27912.80437811615
-27912.80437811615,-27912.328876061954
-27912.80437811615,-27912.565768799283
-27912.80437811615,-27912.499246712567
-27912.80437811615,-27912.350913567992
-27912.80437811615,-27912.47643262525
-27912.80437811615,-27912.420453928262
-27912.80437811615,-27912.62992372388
-27912.80437811615,-27912.63030262424
-27912.80437811615,-27912.548003159416
-27912.80437811615,-27912.788683759412
-27912.788683759412,-27912.40720085484
-27912.788683759412,-27912.89674117277
-27912.89674117277,-27912.960752321676
-27912.960752321676,-27912.729864060217
-27912.960752321676,-27912.400519957373
-27912.960752321676,-27912.64655934835
-27912.64655934835,-27912.647724038812
-27912.647724038812,-27912.724643764348
-27912.724643764348,-27912.722166010797
-27912.722166010797,-27912.23024898301
-27912.722166010797,-27911.695269744687
-27912.722166010797,-27912.503583619684
-27912.722166010797,-27912.44502795834
-27912.722166010797,-27912.889818475058
-27912.889818475058,-27912.105660782043
-27912.889818475058,-27912.593319441465
-27912.593319441465,-27912.39093719523
-27912.593319441465,-27912.356351463473
-27912.593319441465,-27912.47145555802
-27912.593319441465,-27912.11177886793
-27912.593319441465,-27912.07944746294
-27912.593319441465,-27911.959202211066
-27912.593319441465,-27912.21191044408
-27912.593319441465,-27912.910408185733
-27912.910408185733,-27912.714969107845
-27912.910408185733,-27912.36616236264
-27912.910408185733,-27912.805537625118
-27912.910408185733,-27912.39287622994
-27912.910408185733,-27912.798388129282
-27912.798388129282,-27912.31709855253
-27912.798388129282,-27912.297391779648
-27912.798388129282,-27912.085255799586
-27912.798388129282,-27912.254038049025
-27912.798388129282,-27912.328930119314
-27912.798388129282,-27912.49816267444
-27912.798388129282,-27912.712631369053
-27912.798388129282,-27912.093544396772
-27912.798388129282,-27912.40052164702
-27912.798388129282,-27912.72963908907
-27912.798388129282,-27912.36960231847
-27912.798388129282,-27912.633324405124
-27912.633324405124,-27912.406680198197
-27912.633324405124,-27912.336483964158
-27912.633324405124,-27912.541678872254
-27912.633324405124,-27912.69122871843
-27912.69122871843,-27912.37383509424
-27912.69122871843,-27912.252958668534
-27912.69122871843,-27912.25623456736
-27912.69122871843,-27912.692008987986
-27912.692008987986,-27912.450267895438
-27912.692008987986,-27912.298853925546
-27912.692008987986,-27912.336680143286
-27912.692008987986,-27912.974579054353
-27912.974579054353,-27912.080481249268
-27912.974579054353,-27912.568850148004
-27912.974579054353,-27912.475426387573
-27912.974579054353,-27912.702547624554
-27912.974579054353,-27912.58369223403
-27912.974579054353,-27912.99415775355
-27912.99415775355,-27912.789825214873
-27912.99415775355,-27912.57380275034
-27912.99415775355,-27912.686576662414
-27912.99415775355,-27912.982750422707
-27912.982750422707,-27912.4639249782
-27912.982750422707,-27912.063856780387
-27912.982750422707,-27912.709305567892
-27912.982750422707,-27912.389311603878
-27912.982750422707,-27912.82281154498
-27912.982750422707,-27913.206959809366
-27913.206959809366,-27913.035438104485
-27913.035438104485,-27912.746487731965
-27913.035438104485,-27912.539809895392
-27913.035438104485,-27912.175718895716
-27913.035438104485,-27912.302571774715
-27913.035438104485,-27913.26490490248
-27913.26490490248,-27913.26345078475
-27913.26345078475,-27913.217374653315
-27913.217374653315,-27912.96605659448
-27913.217374653315,-27912.58937944541
-27913.217374653315,-27912.777536997804
-27913.217374653315,-27912.82359195906
-27913.217374653315,-27912.974351281817
-27913.217374653315,-27913.03579342185
-27913.217374653315,-27913.068409108175
-27913.217374653315,-27913.261668543255
-27913.261668543255,-27913.050451647283
-27913.261668543255,-27913.040384861015
-27913.261668543255,-27912.57657701219
-27913.261668543255,-27912.98352065128
-27913.261668543255,-27913.050834221744
-27913.050834221744,-27912.89897025008
-27913.050834221744,-27912.55227688799
-27913.050834221744,-27912.512848980434
-27913.050834221744,-27912.44334139136
-27913.050834221744,-27912.99038047639
-27913.050834221744,-27912.618904673793
-27913.050834221744,-27912.648377272933
-27913.050834221744,-27912.818828988966
-27913.050834221744,-27912.946510192636
-27913.050834221744,-27913.192840460197
-27913.192840460197,-27912.980564994767
-27913.192840460197,-27912.885602318856
-27913.192840460197,-27912.908475536817
-27913.192840460197,-27913.086334229243
-27913.192840460197,-27912.840657873752
-27913.192840460197,-27913.1656474909
-27913.1656474909,-27912.948178247225
-27913.1656474909,-27912.880037382867
-27913.1656474909,-27913.076923999368
-27913.076923999368,-27912.813941677377
-27913.076923999368,-27912.807630764648
-27913.076923999368,-27912.997021313415
-27913.076923999368,-27912.806694682822
-27913.076923999368,-27912.397721139354
-27913.076923999368,-27913.28854534571
-27913.28854534571,-27912.985427423504
-27913.28854534571,-27912.586490999056
-27913.28854534571,-27913.337472147185
-27913.337472147185,-27912.891245968538
-27913.337472147185,-27912.65441825637
-27913.337472147185,-27913.34334046202
-27913.34334046202,-27913.184720858626
-27913.34334046202,-27912.99370204949
-27913.34334046202,-27913.511773218226
-27913.511773218226,-27913.34371250268
-27913.511773218226,-27913.372645636926
-27913.511773218226,-27912.84851640977
-27913.511773218226,-27913.35752294957
-27913.511773218226,-27913.36212339884
-27913.511773218226,-27913.072601017895
-27913.511773218226,-27913.11959700404
-27913.511773218226,-27913.46895685361
-27913.46895685361,-27913.14604755927
-27913.46895685361,-27913.29315144343
-27913.29315144343,-27913.139676956074
-27913.29315144343,-27913.226289036567
-27913.226289036567,-27912.97387827581
-27912.97387827581,-27912.88908053704
-27912.88908053704,-27912.732535019128
-27912.88908053704,-27912.105439419225
-27912.88908053704,-27912.25226345616
-27912.88908053704,-27911.97090801506
-27912.88908053704,-27912.5170821012
-27912.88908053704,-27912.924718256138
-27912.924718256138,-27912.710592031348
-27912.924718256138,-27913.172263885943
-27913.172263885943,-27912.63531149755
-27913.172263885943,-27912.4859829643
-27913.172263885943,-27913.07949819204
-27913.172263885943,-27913.117845017514
-27913.117845017514,-27912.3275886899
-27913.117845017514,-27912.371105598027
-27913.117845017514,-27912.988687306715
-27912.988687306715,-27912.788404150146
-27912.988687306715,-27912.637565217614
-27912.988687306715,-27912.693084030827
-27912.988687306715,-27912.983220090144
-27912.983220090144,-27913.012981765543
-27913.012981765543,-27912.138677851504
-27913.012981765543,-27913.15503932486
-27913.15503932486,-27912.802418272724
-27913.15503932486,-27913.458568112976
-27913.458568112976,-27913.30285756547
-27913.458568112976,-27913.11335969324
-27913.458568112976,-27913.173847808026
-27913.458568112976,-27913.332173282986
-27913.458568112976,-27913.302809360317
-27913.458568112976,-27913.161032856115
-27913.458568112976,-27913.322857507468
-27913.458568112976,-27913.42444613359
-27913.458568112976,-27913.168274329902
-27913.458568112976,-27913.51806011062
-27913.51806011062,-27913.571559332257
-27913.571559332257,-27913.39700649766
-27913.571559332257,-27912.98917521925
-27913.571559332257,-27913.81637769276
-27913.81637769276,-27913.116137838715
-27913.81637769276,-27913.64459348817
-27913.81637769276,-27913.259803614008
-27913.81637769276,-27913.23056293815
-27913.81637769276,-27913.535524137973
-27913.81637769276,-27913.585598527807
-27913.81637769276,-27913.50992542234
-27913.81637769276,-27913.506433277922
-27913.81637769276,-27913.67074160186
-27913.81637769276,-27913.533113833873
-27913.81637769276,-27913.16352628191
-27913.81637769276,-27913.377206701993
-27913.81637769276,-27913.869266364334
-27913.869266364334,-27913.115225111447
-27913.869266364334,-27913.454405100067
-27913.869266364334,-27913.144082055896
-27913.869266364334,-27913.48711229796
-27913.869266364334,-27913.709507201507
-27913.709507201507,-27913.321987081177
-27913.709507201507,-27913.240995908818
-27913.709507201507,-27913.114257330184
-27913.709507201507,-27913.2024259807
-27913.709507201507,-27913.401062505713
-27913.709507201507,-27913.55191802643
-27913.709507201507,-27913.556649374623
-27913.709507201507,-27913.59008391985
-27913.709507201507,-27913.021489418665
-27913.709507201507,-27913.591968040113
-27913.591968040113,-27912.896671719333
-27913.591968040113,-27913.616859179067
-27913.616859179067,-27912.70809556323
-27913.616859179067,-27913.207034014875
-27913.616859179067,-27913.101918552224
-27913.616859179067,-27913.198216592737
-27913.616859179067,-27913.37949057949
-27913.616859179067,-27913.61165364916
-27913.616859179067,-27912.942968948075
-27913.616859179067,-27913.18636912081
-27913.616859179067,-27913.474747525008
-27913.616859179067,-27913.346711743638
-27913.616859179067,-27913.1724865865
-27913.616859179067,-27912.771273174334
-27913.616859179067,-27913.234994485836
-27913.616859179067,-27912.87035752047
-27913.616859179067,-27913.337202375682
-27913.616859179067,-27913.171096554557
-27913.616859179067,-27913.697024141973
-27913.697024141973,-27912.806596283903
-27913.697024141973,-27913.392848958807
-27913.697024141973,-27913.671554113043
-27913.671554113043,-27913.39327578325
-27913.671554113043,-27913.511874162312
-27913.671554113043,-27913.639205608233
-27913.639205608233,-27913.27362498908
-27913.639205608233,-27912.870469818823
-27913.639205608233,-27913.182933689714
-27913.639205608233,-27913.2384083756
-27913.639205608233,-27913.23468566988
-27913.639205608233,-27913.212624144122
-27913.639205608233,-27913.253109623074
-27913.639205608233,-27913.431061209598
-27913.431061209598,-27913.2369560832
-27913.431061209598,-27912.744783356484
-27913.431061209598,-27912.792393161017
-27913.431061209598,-27913.121754879478
-27913.431061209598,-27913.07621612796
-27913.431061209598,-27913.143494701795
-27913.431061209598,-27913.17942074505
-27913.17942074505,-27912.800950493332
-27913.17942074505,-27912.51528766215
-27913.17942074505,-27912.716742159097
-27913.17942074505,-27913.236159880686
-27913.236159880686,-27912.94029446161
-27913.236159880686,-27912.9714053698
-27913.236159880686,-27913.39168235307
-27913.39168235307,-27912.613875460152
-27913.39168235307,-27913.505465297676
-27913.505465297676,-27913.169462029287
-27913.505465297676,-27913.075788084265
-27913.505465297676,-27912.954197514657
-27913.505465297676,-27913.1764563966
-27913.505465297676,-27913.176640897334
-27913.505465297676,-27913.340633570275
-27913.505465297676,-27913.03456047994
-27913.505465297676,-27912.963296710906
-27913.505465297676,-27913.286838335964
-27913.505465297676,-27912.949340839634
-27913.505465297676,-27913.120175954216
-27913.505465297676,-27912.883993391446
-27913.505465297676,-27913.276012242422
-27913.505465297676,-27912.73695089042
-27913.505465297676,-27913.03452236492
-27913.505465297676,-27912.69778897059
-27913.505465297676,-27913.120033564803
-27913.505465297676,-27913.061132598836
-27913.505465297676,-27912.840090746417
-27913.505465297676,-27913.439814599275
-27913.439814599275,-27913.04895134925
-27913.439814599275,-27913.241146344877
-27913.439814599275,-27912.850955141374
-27913.439814599275,-27913.393045471807
-27913.393045471807,-27913.18300545649
-27913.393045471807,-27913.288715508832
-27913.288715508832,-27913.07858943518
-27913.288715508832,-27913.320530787485
-27913.320530787485,-27913.028324412975
-27913.320530787485,-27913.08798857908
-27913.320530787485,-27913.04479581023
-27913.320530787485,-27912.921241746084
-27913.320530787485,-27912.97888677854
-27913.320530787485,-27913.280980138865
-27913.280980138865,-27912.727686156133
-27913.280980138865,-27912.878383879797
-27913.280980138865,-27913.10632953505
-27913.280980138865,-27913.117639584336
-27913.280980138865,-27912.69234221516
-27913.280980138865,-27912.97912553827
-27913.280980138865,-27913.130761573695
-27913.280980138865,-27913.044247862264
-27913.280980138865,-27912.574647306024
-27913.280980138865,-27913.276401076713
-27913.276401076713,-27913.305441186145
-27913.305441186145,-27913.305441186145
-27913.305441186145,-27912.828792233475
-27913.305441186145,-27913.22473523793
-27913.305441186145,-27913.02555763294
-27913.305441186145,-27913.468889244603
-27913.468889244603,-27912.90852171326
-27913.468889244603,-27913.343835742307
-27913.468889244603,-27913.246868956918
-27913.468889244603,-27913.635352319612
-27913.635352319612,-27913.18005498158
-27913.635352319612,-27913.302572266424
-27913.635352319612,-27913.093789507187
-27913.635352319612,-27912.801054477837
-27913.635352319612,-27913.43800137653
-27913.635352319612,-27913.388625124408
-27913.635352319612,-27913.324299830896
-27913.324299830896,-27913.29645023681
-27913.324299830896,-27912.713619367765
-27913.324299830896,-27912.939460498168
-27913.324299830896,-27912.93136796917
-27913.324299830896,-27912.331510155265
-27913.324299830896,-27913.141643428015
-27913.324299830896,-27913.64936397235
-27913.64936397235,-27913.369240486525
-27913.64936397235,-27913.32513197839
-27913.64936397235,-27913.451219971786
-27913.64936397235,-27913.677991979537
-27913.677991979537,-27913.755055981084
-27913.755055981084,-27913.22523676771
-27913.755055981084,-27913.4837626579
-27913.755055981084,-27913.633653304914
-27913.633653304914,-27913.122607261867
-27913.633653304914,-27912.970104158
-27913.633653304914,-27912.9684171773
-27913.633653304914,-27913.109848067776
-27913.633653304914,-27913.34012381965
-27913.633653304914,-27913.41027668568
-27913.633653304914,-27912.843034437778
-27913.633653304914,-27913.09090804527
-27913.633653304914,-27913.46752508381
-27913.46752508381,-27913.325557953915
-27913.325557953915,-27913.125428012605
-27913.325557953915,-27912.913068225476
-27913.325557953915,-27912.983416140345
-27913.325557953915,-27912.96398748403
-27913.325557953915,-27912.59335150981
-27913.325557953915,-27913.051199640708
-27913.051199640708,-27912.5388225053
-27913.051199640708,-27912.86577419402
-27913.051199640708,-27912.68322823579
-27913.051199640708,-27912.89711917242
-27913.051199640708,-27912.896699350833
-27913.051199640708,-27912.535309056468
-27913.051199640708,-27912.80940458599
-27913.051199640708,-27912.26926701417
-27913.051199640708,-27912.52996706214
-27913.051199640708,-27913.39429575638
-27913.39429575638,-27912.666054334943
-27913.39429575638,-27912.94149593103
-27913.39429575638,-27913.092537879336
-27913.39429575638,-27913.39310610168
-27913.39310610168,-27913.459564213197
-27913.459564213197,-27913.47485155875
-27913.47485155875,-27913.488471687597
-27913.488471687597,-27912.672539828465
-27913.488471687597,-27913.089382575723
-27913.488471687597,-27913.29373029117
-27913.488471687597,-27913.3984825769
-27913.488471687597,-27913.31793168757
-27913.488471687597,-27913.627367618923
-27913.627367618923,-27913.628282751975
-27913.628282751975,-27913.4437624661
-27913.628282751975,-27913.365365096724
-27913.628282751975,-27912.910265783947
-27913.628282751975,-27913.093845206953
-27913.628282751975,-27913.745444131517
-27913.745444131517,-27913.46160452289
-27913.745444131517,-27913.73940410442
-27913.73940410442,-27913.655667773786
-27913.655667773786,-27913.544314563762
-27913.544314563762,-27913.496068068805
-27913.496068068805,-27912.92058951433
-27913.496068068805,-27913.14985311029
-27913.496068068805,-27913.567556632097
-27913.567556632097,-27913.70615219132
-27913.70615219132,-27913.709579970007
-27913.709579970007,-27913.75294991542
-27913.75294991542,-27913.60182985755
-27913.75294991542,-27913.440742464856
-27913.440742464856,-27912.852096120732
-27913.440742464856,-27912.69173943786
-27913.440742464856,-27913.00129962599
-27913.440742464856,-27913.31844077553
-27913.440742464856,-27913.27788237247
-27913.440742464856,-27913.15959157735
-27913.15959157735,-27912.710483196995
-27913.15959157735,-27912.62156124606
-27913.15959157735,-27913.13845920689
-27913.13845920689,-27912.655944643004
-27913.13845920689,-27912.839299840703
-27913.13845920689,-27912.87570301268
-27913.13845920689,-27913.166882717986
-27913.166882717986,-27913.199325087717
-27913.199325087717,-27912.78863048046
-27913.199325087717,-27913.38074459337
-27913.38074459337,-27913.065074351958
-27913.38074459337,-27913.628736883595
-27913.628736883595,-27913.174788317312
-27913.628736883595,-27913.871416864065
-27913.871416864065,-27913.75349050426
-27913.871416864065,-27913.596558459732
-27913.871416864065,-27913.737421044327
-27913.871416864065,-27913.443715668145
-27913.871416864065,-27913.879879212447
-27913.879879212447,-27913.629909922685
-27913.879879212447,-27913.462437626273
-27913.879879212447,-27913.864922714758
-27913.864922714758,-27913.852591402756
-27913.852591402756,-27913.63286559147
-27913.852591402756,-27913.546522911784
-27913.852591402756,-27913.089825833697
-27913.852591402756,-27913.369772466063
-27913.852591402756,-27913.227057694727
-27913.852591402756,-27913.589485707296
-27913.852591402756,-27913.56627143484
-27913.852591402756,-27913.507582307786
-27913.852591402756,-27913.94649036253
-27913.94649036253,-27913.49230853963
-27913.94649036253,-27913.726411276377
-27913.94649036253,-27913.76241547354
-27913.94649036253,-27913.398508764003
-27913.94649036253,-27913.7590354026
-27913.94649036253,-27913.701941983127
-27913.94649036253,-27913.61846149878
-27913.94649036253,-27913.883771525587
-27913.883771525587,-27913.380646271315
-27913.883771525587,-27913.73203461097
-27913.883771525587,-27913.873742170887
-27913.883771525587,-27913.87045319128
-27913.87045319128,-27913.186851710347
-27913.87045319128,-27913.179332082127
-27913.87045319128,-27913.647988098746
-27913.87045319128,-27913.730179055718
-27913.87045319128,-27913.645198710594
-27913.87045319128,-27914.069994141704
-27914.069994141704,-27913.666234010536
-27914.069994141704,-27913.960981767887
-27914.069994141704,-27913.792272438255
-27914.069994141704,-27913.66444101678
-27914.069994141704,-27913.726482562168
-27914.069994141704,-27913.799070688707
-27914.069994141704,-27913.940594829335
-27914.069994141704,-27913.801569489373
-27914.069994141704,-27914.03924545785
-27914.03924545785,-27913.63336640599
-27914.03924545785,-27913.777365489324
-27914.03924545785,-27913.788577050796
-27914.03924545785,-27913.63622094501
-27914.03924545785,-27913.6561765808
-27914.03924545785,-27914.076225974295
-27914.076225974295,-27913.39538469445
-27914.076225974295,-27913.60790529796
-27914.076225974295,-27913.721885640673
-27914.076225974295,-27913.994624196926
-27914.076225974295,-27913.64250864184
-27914.076225974295,-27913.302955323677
-27914.076225974295,-27914.10079759262
-27914.10079759262,-27914.061767486623
-27914.10079759262,-27913.916039496602
-27914.10079759262,-27913.067638367538
-27914.10079759262,-27913.79272739346
-27914.10079759262,-27913.62968748244
-27914.10079759262,-27913.983514740306
-27914.10079759262,-27913.907691633012
-27914.10079759262,-27913.83870160471
-27914.10079759262,-27914.00307150914
-27914.00307150914,-27913.63309989191
-27914.00307150914,-27914.238917124087
-27914.238917124087,-27913.93632605567
-27914.238917124087,-27914.235188277922
-27914.235188277922,-27914.03805060516
-27914.235188277922,-27914.351748904883
-27914.351748904883,-27913.684062263175
-27914.351748904883,-27914.416385330478
-27914.416385330478,-27914.396351874562
-27914.396351874562,-27914.06236528769
-27914.396351874562,-27914.149454496295
-27914.396351874562,-27913.506856746426
-27914.396351874562,-27914.21962136846
-27914.396351874562,-27914.188173157225
-27914.396351874562,-27914.070182517244
-27914.396351874562,-27914.190912856204
-27914.396351874562,-27914.18146393377
-27914.396351874562,-27913.923581743205
-27914.396351874562,-27914.028785160197
-27914.396351874562,-27914.057742562374
-27914.396351874562,-27914.34977348657
-27914.34977348657,-27914.000753142747
-27914.34977348657,-27914.401959688697
-27914.401959688697,-27914.401959688697
-27914.401959688697,-27914.188610835336
-27914.401959688697,-27914.27614915672
-27914.401959688697,-27914.16040270379
-27914.401959688697,-27914.025946834856
-27914.401959688697,-27913.912941193794
-27914.401959688697,-27913.544742725404
-27914.401959688697,-27914.056969899684
-27914.401959688697,-27913.912677157336
-27914.401959688697,-27914.06842016147
-27914.401959688697,-27914.304628325506
-27914.401959688697,-27914.84818332879
-27914.84818332879,-27914.641148455245
-27914.84818332879,-27914.24419008646
-27914.84818332879,-27914.32421086759
-27914.84818332879,-27914.5535191345
-27914.84818332879,-27914.561199538868
-27914.84818332879,-27914.843477666145
-27914.843477666145,-27914.843477666145
-27914.843477666145,-27914.758841989198
-27914.758841989198,-27914.501683239934
-27914.501683239934,-27914.5414937556
-27914.5414937556,-27914.421900661568
-27914.5414937556,-27914.155073675123
-27914.5414937556,-27913.89869219096
-27914.5414937556,-27914.390239235392
-27914.5414937556,-27914.103417688195
-27914.5414937556,-27914.20320963855
-27914.5414937556,-27914.37244563729
-27914.5414937556,-27914.422692923545
-27914.5414937556,-27914.28855573136
-27914.5414937556,-27914.550180976064
-27914.550180976064,-27914.120645162624
-27914.550180976064,-27913.79191757667
-27914.550180976064,-27914.199470629832
-27914.550180976064,-27915.0549537917
-27915.0549537917,-27915.01782161389
-27915.0549537917,-27914.695845546423
-27915.0549537917,-27914.976987673304
-27915.0549537917,-27914.703703292602
-27915.0549537917,-27915.016606758618
-27915.016606758618,-27914.93651369957
-27914.93651369957,-27914.915613215522
-27914.93651369957,-27914.471525524543
-27914.93651369957,-27914.464517008382
-27914.93651369957,-27914.45940236932
-27914.93651369957,-27914.943710378833
-27914.943710378833,-27914.68301914307
-27914.943710378833,-27915.000469081082
-27915.000469081082,-27914.94598099967
-27914.94598099967,-27914.461519611577
-27914.94598099967,-27914.77119063289
-27914.94598099967,-27914.605897162488
-27914.94598099967,-27914.691799473258
-27914.94598099967,-27914.666730677694
-27914.94598099967,-27914.750521106133
-27914.750521106133,-27914.748092184236
-27914.748092184236,-27914.844446937503
-27914.844446937503,-27914.510393317425
-27914.844446937503,-27914.613657523332
-27914.844446937503,-27914.71728056255
-27914.844446937503,-27914.684941519896
-27914.684941519896,-27914.462093626553
-27914.462093626553,-27914.22452071517
-27914.462093626553,-27913.946398647604
-27914.462093626553,-27914.11933817302
-27914.462093626553,-27914.32822977921
-27914.462093626553,-27914.118001586186
-27914.462093626553,-27913.775700158334
-27914.462093626553,-27913.97201518504
-27914.462093626553,-27914.411369817484
-27914.462093626553,-27913.723513669123
-27914.462093626553,-27914.299968039228
-27914.462093626553,-27914.36025517974
-27914.462093626553,-27914.654809385363
-27914.654809385363,-27914.550462321917
-27914.550462321917,-27914.147642329513
-27914.550462321917,-27914.021409332076
-27914.550462321917,-27913.979592890097
-27914.550462321917,-27914.135574631044
-27914.550462321917,-27914.29982983856
-27914.550462321917,-27914.467879370357
-27914.467879370357,-27914.29389749492
-27914.467879370357,-27914.05167744989
-27914.467879370357,-27913.9865727977
-27914.467879370357,-27914.159327135174
-27914.467879370357,-27914.264299235852
-27914.264299235852,-27914.158413552017
-27914.264299235852,-27913.79989356691
-27914.264299235852,-27913.70219299209
-27914.264299235852,-27913.701213935085
-27914.264299235852,-27913.756150209898
-27914.264299235852,-27913.996733237036
-27914.264299235852,-27914.042784116344
-27914.264299235852,-27913.891373151822
-27914.264299235852,-27913.490573320618
-27914.264299235852,-27913.820872198536
-27914.264299235852,-27913.797268932743
-27914.264299235852,-27913.729406797866
-27914.264299235852,-27913.894790653285
-27914.264299235852,-27914.04566039032
-27914.264299235852,-27914.200696922042
-27914.264299235852,-27913.720087095404
-27914.264299235852,-27914.010117960876
-27914.264299235852,-27913.875965603693
-27914.264299235852,-27914.01469535991
-27914.264299235852,-27913.8275076461
-27914.264299235852,-27914.42949365397
-27914.42949365397,-27914.155611602888
-27914.42949365397,-27914.036318609677
-27914.42949365397,-27914.005147334687
-27914.42949365397,-27913.99049157338
-27914.42949365397,-27914.1388215974
-27914.42949365397,-27913.983764426623
-27914.42949365397,-27913.857416780742
-27914.42949365397,-27913.763145055156
-27914.42949365397,-27913.835211827696
-27914.42949365397,-27914.285931644885
-27914.42949365397,-27913.782866001155
-27914.42949365397,-27914.158466399058
-27914.42949365397,-27914.359888619245
-27914.42949365397,-27914.08151582174
-27914.42949365397,-27914.546959807074
-27914.546959807074,-27913.58459571423
-27914.546959807074,-27914.02092366774
-27914.546959807074,-27913.952330573713
-27914.546959807074,-27914.303714055586
-27914.546959807074,-27914.161628293143
-27914.546959807074,-27914.121420496696
-27914.546959807074,-27914.436224464152
-27914.436224464152,-27914.19623760874
-27914.436224464152,-27913.90463450185
-27914.436224464152,-27914.392222674414
-27914.392222674414,-27913.885346712832
-27914.392222674414,-27914.13697396765
-27914.392222674414,-27914.258065518003
-27914.392222674414,-27914.08738139982
-27914.392222674414,-27913.944096959414
-27914.392222674414,-27913.911265631825
-27914.392222674414,-27914.440149618757
-27914.440149618757,-27914.031163398555
-27914.440149618757,-27914.356183893877
-27914.356183893877,-27914.11411562929
-27914.356183893877,-27914.45129479548
-27914.45129479548,-27914.550602956937
-27914.550602956937,-27914.01526957625
-27914.550602956937,-27913.92071126222
-27914.550602956937,-27914.28880481005
-27914.550602956937,-27914.091941008865
-27914.550602956937,-27914.248320383213
-27914.550602956937,-27914.353024422122
-27914.550602956937,-27913.995699816373
-27914.550602956937,-27914.199090374663
-27914.550602956937,-27913.96255231737
-27914.550602956937,-27914.477419136383
-27914.550602956937,-27914.301519644352
-27914.550602956937,-27913.905502039222
-27914.550602956937,-27914.37158137577
-27914.550602956937,-27914.396985183597
-27914.550602956937,-27914.21498773401
-27914.550602956937,-27914.318258568444
-27914.550602956937,-27914.337889487608
-27914.550602956937,-27914.376461473363
-27914.550602956937,-27914.418810400297
-27914.418810400297,-27914.32706823336
-27914.418810400297,-27913.932353128916
-27914.418810400297,-27914.199881175216
-27914.418810400297,-27914.239894525766
-27914.239894525766,-27914.16761258939
-27914.16761258939,-27914.232678549008
-27914.232678549008,-27914.16585916452
-27914.16585916452,-27913.910297054455
-27914.16585916452,-27913.964451399497
-27914.16585916452,-27914.02832493416
-27914.16585916452,-27914.24459381614
-27914.24459381614,-27913.76378546939
-27914.24459381614,-27913.839836363582
-27913.839836363582,-27913.528298213274
-27913.839836363582,-27913.593177928906
-27913.839836363582,-27913.7479907098
-27913.839836363582,-27913.285274373186
-27913.839836363582,-27913.67492441721
-27913.67492441721,-27913.560547517693
-27913.560547517693,-27913.26168886459
-27913.560547517693,-27912.62750879932
-27913.560547517693,-27913.351924919807
-27913.560547517693,-27913.467014458016
-27913.560547517693,-27913.557880268178
-27913.557880268178,-27913.36377985153
-27913.557880268178,-27912.942152663032
-27913.557880268178,-27913.49339151139
-27913.49339151139,-27912.808086148143
-27913.49339151139,-27913.158585431658
-27913.49339151139,-27912.433192867273
-27913.49339151139,-27913.280099814692
-27913.49339151139,-27913.217186019992
-27913.49339151139,-27912.94675413734
-27913.49339151139,-27913.262167568162
-27913.49339151139,-27913.309487982726
-27913.309487982726,-27913.033726434896
-27913.309487982726,-27913.10724176653
-27913.309487982726,-27912.980090082245
-27913.309487982726,-27913.268355299282
-27913.268355299282,-27912.40013838539
-27913.268355299282,-27913.137696464968
-27913.137696464968,-27913.06100450827
-27913.137696464968,-27912.737762850204
-27913.137696464968,-27913.003107999793
-27913.137696464968,-27912.9382850049
-27912.9382850049,-27912.697329070073
-27912.9382850049,-27912.2962493068
-27912.9382850049,-27912.70999871717
-27912.9382850049,-27912.6414891759
-27912.9382850049,-27912.52546399163
-27912.9382850049,-27912.3688580373
-27912.9382850049,-27912.511352336525
-27912.9382850049,-27912.428375263815
-27912.9382850049,-27913.080065399776
-27913.080065399776,-27913.080056080362
-27913.080056080362,-27912.64265117462
-27913.080056080362,-27912.461267243616
-27913.080056080362,-27912.429841804213
-27913.080056080362,-27912.806627399303
-27913.080056080362,-27912.857395712468
-27913.080056080362,-27912.875533638384
-27913.080056080362,-27912.448037855793
-27913.080056080362,-27912.864697169847
-27913.080056080362,-27913.08390712329
-27913.08390712329,-27912.722286550343
-27913.08390712329,-27912.8438637894
-27913.08390712329,-27912.72347760266
-27913.08390712329,-27912.132854738255
-27913.08390712329,-27912.456873591353
-27913.08390712329,-27912.540157745683
-27913.08390712329,-27912.660345558656
-27913.08390712329,-27913.11850158032
-27913.11850158032,-27912.845298722223
-27913.11850158032,-27912.953626268136
-27913.11850158032,-27912.93777095252
-27913.11850158032,-27912.7704328606
-27913.11850158032,-27912.733040520732
-27913.11850158032,-27912.862505944846
-27913.11850158032,-27912.645305108224
-27913.11850158032,-27912.522093192005
-27913.11850158032,-27913.028315611973
-27913.11850158032,-27912.28403367184
-27913.11850158032,-27912.752854180813
-27913.11850158032,-27913.208625590105
-27913.208625590105,-27913.02082209343
-27913.208625590105,-27912.911106189
-27913.208625590105,-27912.565980584277
-27913.208625590105,-27913.108862625813
-27913.108862625813,-27912.763376126757
-27913.108862625813,-27913.20256850421
-27913.20256850421,-27913.622036888493
-27913.622036888493,-27912.927032727912
-27913.622036888493,-27913.580300466903
-27913.580300466903,-27913.54203549553
-27913.54203549553,-27913.26339792324
-27913.54203549553,-27913.11843033028
-27913.54203549553,-27913.079147596847
-27913.54203549553,-27913.64132785522
-27913.64132785522,-27913.546666592763
-27913.546666592763,-27913.401259697344
-27913.401259697344,-27913.167421880044
-27913.401259697344,-27912.940881753177
-27913.401259697344,-27913.0539494208
-27913.401259697344,-27913.008664671004
-27913.401259697344,-27913.06774387839
-27913.401259697344,-27913.148327986673
-27913.401259697344,-27912.921846021778
-27913.401259697344,-27913.36643130618
-27913.401259697344,-27912.9873488312
-27913.401259697344,-27913.12075400796
-27913.401259697344,-27912.87431632532
-27913.401259697344,-27913.13906656501
-27913.13906656501,-27912.706933796522
-27913.13906656501,-27913.300560493815
-27913.300560493815,-27912.930176461177
-27913.300560493815,-27913.098694462937
-27913.300560493815,-27912.826314820035
-27913.300560493815,-27913.21995837003
-27913.21995837003,-27912.950187577666
-27913.21995837003,-27913.09891991475
-27913.21995837003,-27912.76476276296
-27913.21995837003,-27913.7111945874
-27913.7111945874,-27913.27587219684
-27913.7111945874,-27912.99525069207
-27913.7111945874,-27913.474179551522
-27913.7111945874,-27913.46513751619
-27913.7111945874,-27913.266608209873
-27913.7111945874,-27913.26590243023
-27913.7111945874,-27913.62694122057
-27913.62694122057,-27913.459938060918
-27913.62694122057,-27913.730676547642
-27913.730676547642,-27913.39293517458
-27913.730676547642,-27913.978042049683
-27913.978042049683,-27913.930279800676
-27913.930279800676,-27913.418408997957
-27913.930279800676,-27913.726988818144
-27913.930279800676,-27913.830415967714
-27913.830415967714,-27913.816403452365
-27913.816403452365,-27913.893067998564
-27913.893067998564,-27913.553908369104
-27913.553908369104,-27913.62421293908
-27913.62421293908,-27913.195303724333
-27913.62421293908,-27913.08823846054
-27913.62421293908,-27913.537244164465
-27913.62421293908,-27913.37797321722
-27913.62421293908,-27913.43505699753
-27913.43505699753,-27913.058260700138
-27913.43505699753,-27913.28613920308
-27913.43505699753,-27913.379640884395
-27913.379640884395,-27913.012653845173
-27913.379640884395,-27913.207350020017
-27913.207350020017,-27912.60176286664
-27913.207350020017,-27912.8940661109
-27913.207350020017,-27913.16385188558
-27913.16385188558,-27913.12198997169
-27913.12198997169,-27913.235884656515
-27913.235884656515,-27912.5956925482
-27913.235884656515,-27912.951655718945
-27913.235884656515,-27912.71571758975
-27913.235884656515,-27912.816908481476
-27913.235884656515,-27913.302809657584
-27913.302809657584,-27913.167778366063
-27913.302809657584,-27912.985042859025
-27913.302809657584,-27913.41748204634
-27913.41748204634,-27913.245633068942
-27913.245633068942,-27913.13894424496
-27913.13894424496,-27913.27552151549
-27913.27552151549,-27913.27552151549
-27913.27552151549,-27912.924922412836
-27913.27552151549,-27913.189405587847
-27913.189405587847,-27913.089785730477
-27913.189405587847,-27912.70302372143
-27913.189405587847,-27912.92680891332
-27913.189405587847,-27913.0516284412
-27913.189405587847,-27913.359070170056
-27913.359070170056,-27913.154504623726
-27913.359070170056,-27912.66462178679
-27913.359070170056,-27913.313668622024
-27913.313668622024,-27913.584409733678
-27913.584409733678,-27913.47211716194
-27913.584409733678,-27913.940726152854
-27913.940726152854,-27913.518203911637
-27913.940726152854,-27913.58242582896
-27913.940726152854,-27914.140769597863
-27914.140769597863,-27914.304329678613
-27914.304329678613,-27914.214372440943
-27914.304329678613,-27914.224580894457
-27914.304329678613,-27913.862994772724
-27914.304329678613,-27913.992647720544
-27914.304329678613,-27914.12473376566
-27914.304329678613,-27914.127662173836
-27914.304329678613,-27913.473217737203
-27914.304329678613,-27913.924135033096
-27914.304329678613,-27914.34524949653
-27914.34524949653,-27914.216514438674
-27914.34524949653,-27914.225756283027
-27914.34524949653,-27914.17339003023
-27914.34524949653,-27914.13780609719
-27914.34524949653,-27914.328120277845
-27914.328120277845,-27913.92362514894
-27914.328120277845,-27914.141089639117
-27914.141089639117,-27913.90398539198
-27914.141089639117,-27913.640377189207
-27914.141089639117,-27914.2257461259
-27914.2257461259,-27914.022223716736
-27914.2257461259,-27913.85645815465
-27914.2257461259,-27914.094015543087
